-- phpMyAdmin SQL Dump
-- version 5.2.1
-- https://www.phpmyadmin.net/
--
-- Servidor: 127.0.0.1
-- Tiempo de generación: 01-12-2024 a las 06:35:12
-- Versión del servidor: 10.4.32-MariaDB
-- Versión de PHP: 8.2.12

SET SQL_MODE = "NO_AUTO_VALUE_ON_ZERO";
START TRANSACTION;
SET time_zone = "+00:00";


/*!40101 SET @OLD_CHARACTER_SET_CLIENT=@@CHARACTER_SET_CLIENT */;
/*!40101 SET @OLD_CHARACTER_SET_RESULTS=@@CHARACTER_SET_RESULTS */;
/*!40101 SET @OLD_COLLATION_CONNECTION=@@COLLATION_CONNECTION */;
/*!40101 SET NAMES utf8mb4 */;

--
-- Base de datos: `minimarket_tiptop`
--

-- --------------------------------------------------------
create database minimarket_tiptop;
use minimarket_tiptop;
--
-- Estructura de tabla para la tabla `boletas`
--

CREATE TABLE `boletas` (
  `idboleta` bigint(20) NOT NULL,
  `serie` varchar(10) NOT NULL,
  `numero` int(11) NOT NULL,
  `venta_id` bigint(20) UNSIGNED NOT NULL,
  `created_at` timestamp NOT NULL DEFAULT current_timestamp(),
  `pago` decimal(10,2) DEFAULT NULL,
  `monto` decimal(10,2) DEFAULT NULL
) ENGINE=InnoDB DEFAULT CHARSET=utf8mb4 COLLATE=utf8mb4_general_ci;

--
-- Volcado de datos para la tabla `boletas`
--

INSERT INTO `boletas` (`idboleta`, `serie`, `numero`, `venta_id`, `created_at`, `pago`, `monto`) VALUES
(4, 'B001', 1, 1001, '2024-11-11 13:09:26', 10.00, 5.00),
(5, 'B001', 2, 1002, '2024-11-21 15:50:47', 10.00, 8.50),
(6, 'B001', 3, 1003, '2024-11-21 15:57:16', 10.00, 6.00),
(7, 'B001', 4, 1004, '2024-11-29 05:23:31', 10.00, 6.60);

-- --------------------------------------------------------

--
-- Estructura de tabla para la tabla `categorias`
--

CREATE TABLE `categorias` (
  `id` bigint(20) UNSIGNED NOT NULL,
  `nombre_categoria` varchar(191) NOT NULL,
  `created_at` timestamp NULL DEFAULT NULL,
  `updated_at` timestamp NULL DEFAULT NULL
) ENGINE=InnoDB DEFAULT CHARSET=utf8mb4 COLLATE=utf8mb4_unicode_ci;

--
-- Volcado de datos para la tabla `categorias`
--

INSERT INTO `categorias` (`id`, `nombre_categoria`, `created_at`, `updated_at`) VALUES
(1, 'Abarrotes', '2024-11-09 10:08:24', '2024-11-09 10:08:24'),
(2, 'Lácteos y huevos', '2024-11-09 10:08:24', '2024-11-09 10:08:24'),
(3, 'Bebidas', '2024-11-09 10:08:24', '2024-11-09 10:08:24'),
(4, 'Snacks', '2024-11-09 10:08:24', '2024-11-09 10:08:24'),
(5, 'Golosinas', '2024-11-09 10:08:24', '2024-11-09 10:08:24'),
(6, 'Limpieza', '2024-11-09 10:08:24', '2024-11-09 10:08:24'),
(7, 'Cuidado personal', '2024-11-09 10:08:24', '2024-11-09 10:08:24'),
(8, 'Comida rápida y enlatados', '2024-11-09 10:08:24', '2024-11-09 10:08:24'),
(9, 'Cuidado de mascotas', '2024-11-09 10:08:24', '2024-11-09 10:08:24'),
(10, 'Vinos, licores y cervezas', '2024-11-09 10:08:24', '2024-11-09 10:09:50');

-- --------------------------------------------------------

--
-- Estructura de tabla para la tabla `clientes`
--

CREATE TABLE `clientes` (
  `id` bigint(20) UNSIGNED NOT NULL,
  `nombre_cliente` varchar(191) NOT NULL,
  `dni_ruc` varchar(191) NOT NULL,
  `telefono` varchar(191) NOT NULL,
  `email` varchar(191) NOT NULL,
  `created_at` timestamp NULL DEFAULT NULL,
  `updated_at` timestamp NULL DEFAULT NULL,
  `estadocliente` bit(1) DEFAULT NULL
) ENGINE=InnoDB DEFAULT CHARSET=utf8mb4 COLLATE=utf8mb4_unicode_ci;

--
-- Volcado de datos para la tabla `clientes`
--

INSERT INTO `clientes` (`id`, `nombre_cliente`, `dni_ruc`, `telefono`, `email`, `created_at`, `updated_at`, `estadocliente`) VALUES
(1, 'Juan Pérez Quispe', '20123456789', '912345678', 'juan.perez@gmail.com', '2024-11-09 11:15:03', '2024-11-09 11:15:03', b'1'),
(2, 'María López García', '20987654321', '923456789', 'maria.lopez@gmail.com', '2024-11-09 11:15:03', '2024-11-09 11:15:03', b'1'),
(3, 'Carlos Ramos Fernández', '20123456701', '934567890', 'carlos.ramos@gmail.com', '2024-11-09 11:15:03', '2024-11-09 11:15:03', b'1'),
(4, 'Rosa Delgado Martínez', '20987654302', '945678901', 'rosa.delgado@gmail.com', '2024-11-09 11:15:03', '2024-11-09 11:15:03', b'1'),
(5, 'José Castillo Romero', '20123456703', '956789012', 'jose.castillo@gmail.com', '2024-11-09 11:15:03', '2024-11-09 11:15:03', b'1'),
(6, 'Luis Mendoza Salazar', '20987654304', '967890123', 'luis.mendoza@gmail.com', '2024-11-09 11:15:03', '2024-11-09 11:15:03', b'1'),
(7, 'Ana Chávez Morales', '20123456705', '978901234', 'ana.chavez@gmail.com', '2024-11-09 11:15:03', '2024-11-09 11:15:03', b'1'),
(8, 'Pedro Torres Herrera', '20987654306', '989012345', 'pedro.torres@gmail.com', '2024-11-09 11:15:03', '2024-11-09 11:15:03', b'1'),
(9, 'Carmen Vega Ríos', '20123456707', '912301234', 'carmen.vega@gmail.com', '2024-11-09 11:15:03', '2024-11-09 11:15:03', b'1'),
(10, 'Diego Silva Huerta', '20987654308', '923412345', 'diego.silva@gmail.com', '2024-11-09 11:15:03', '2024-11-09 11:15:03', b'1'),
(11, 'Elena Cruz Flores', '12345678', '934512345', 'elena.cruz@gmail.com', '2024-11-09 11:15:03', '2024-11-09 11:15:03', b'1'),
(12, 'Julio Paredes Guzmán', '87654321', '945623456', 'julio.paredes@gmail.com', '2024-11-09 11:15:03', '2024-11-09 11:15:03', b'1'),
(13, 'Sonia Rojas Salinas', '13579246', '956734567', 'sonia.rojas@gmail.com', '2024-11-09 11:15:03', '2024-11-09 11:15:03', b'1'),
(14, 'Andrés López Castillo', '86420975', '967845678', 'andres.lopez@gmail.com', '2024-11-09 11:15:03', '2024-11-09 11:15:03', b'1'),
(15, 'Gabriela Martínez Ramos', '15736924', '978956789', 'gabriela.martinez@gmail.com', '2024-11-09 11:15:03', '2024-11-09 11:15:03', b'1'),
(16, 'Alejandro Sánchez Valdez', '82736419', '989067890', 'alejandro.sanchez@gmail.com', '2024-11-09 11:15:03', '2024-11-09 11:15:03', b'1'),
(17, 'Natalia Torres Rosales', '19283746', '912178901', 'natalia.torres@gmail.com', '2024-11-09 11:15:03', '2024-11-09 11:15:03', b'1'),
(18, 'Manuel Reyes García', '81726345', '923289012', 'manuel.reyes@gmail.com', '2024-11-09 11:15:03', '2024-11-09 11:15:03', b'1'),
(19, 'Pilar Vela Ugarte', '14253647', '934390123', 'pilar.vela@gmail.com', '2024-11-09 11:15:03', '2024-11-09 11:15:03', b'1'),
(20, 'Felipe Díaz Pérez', '82937461', '945401234', 'felipe.diaz@gmail.com', '2024-11-09 11:15:03', '2024-11-09 11:15:03', b'1'),
(21, 'Silvia Morales Quiroz', '13571357', '956512345', 'silvia.morales@gmail.com', '2024-11-09 11:15:03', '2024-11-09 11:15:03', b'1'),
(22, 'Jorge Guerrero Luna', '86420973', '967623456', 'jorge.guerrero@gmail.com', '2024-11-09 11:15:03', '2024-11-09 11:15:03', b'1'),
(23, 'Marta Ruiz Olivares', '18273645', '978734567', 'marta.ruiz@gmail.com', '2024-11-09 11:15:03', '2024-11-09 11:15:03', b'1'),
(24, 'Ricardo Gómez Fernández', '82746319', '989845678', 'ricardo.gomez@gmail.com', '2024-11-09 11:15:03', '2024-11-09 11:15:03', b'1'),
(25, 'Valeria Rojas Molina', '19485736', '912956789', 'valeria.rojas@gmail.com', '2024-11-09 11:15:03', '2024-11-09 11:15:03', b'1'),
(26, 'Lucía Ramírez Escalante', '13475263', '923067890', 'lucia.ramirez@gmail.com', '2024-11-09 11:15:03', '2024-11-09 11:15:03', b'1'),
(27, 'César Ramos Salazar', '82641739', '934178901', 'cesar.ramos@gmail.com', '2024-11-09 11:15:03', '2024-11-09 11:15:03', b'1'),
(28, 'Daniela Calderón Vílchez', '15483927', '945289012', 'daniela.calderon@gmail.com', '2024-11-09 11:15:03', '2024-11-09 11:15:03', b'1'),
(29, 'Víctor Huamán Huerta', '26591365', '956490123', 'victor.huaman@gmail.com', '2024-11-09 11:15:03', '2024-11-09 11:15:03', b'1'),
(30, 'Carlos Peña Martínez', '12398746', '967601234', 'carlos.pena@gmail.com', '2024-11-09 11:15:03', '2024-11-09 11:15:03', b'1'),
(31, 'Jessica Vásquez Soto', '23987465', '978712345', 'jessica.vasquez@gmail.com', '2024-11-09 11:15:03', '2024-11-09 11:15:03', b'1'),
(32, 'Marco Navarro Silva', '87654322', '989823456', 'marco.navarro@gmail.com', '2024-11-09 11:15:03', '2024-11-09 11:15:03', b'1'),
(33, 'Sandra Aguilar Jara', '19283745', '912934567', 'sandra.aguilar@gmail.com', '2024-11-09 11:15:03', '2024-11-09 11:15:03', b'1'),
(34, 'Raúl Castro Rosas', '82736491', '923045678', 'raul.castro@gmail.com', '2024-11-09 11:15:03', '2024-11-09 11:15:03', b'1'),
(35, 'Nicolás Fernández Soto', '63927485', '934156789', 'nicolas.fernandez@gmail.com', '2024-11-09 11:15:03', '2024-11-09 11:15:03', b'1'),
(36, 'Fernanda Casas Salinas', '70457489', '985741476', 'fernanda.casas@gmail.com', '2024-11-09 11:15:03', '2024-11-09 11:15:03', b'1'),
(37, 'Maria Mendes Ruiz', '70584741', '905471587', 'maria_30ruiz@gmail.com', '2024-11-09 11:15:03', '2024-11-09 11:15:03', b'1'),
(38, 'Carlos García Rojas', '75847410', '965474254', 'carlos.garcia9@gmail.com', '2024-11-09 11:15:03', '2024-11-09 11:15:03', b'1'),
(39, 'Luis Zapata Perez', '70857415', '965474125', 'Luis_5zapata@gmail.com', '2024-11-09 11:15:03', '2024-11-09 11:15:03', b'1'),
(40, 'Irvin Mendez García', '70405874', '925474147', 'irvin69garcia9@gmail.com', '2024-11-09 11:15:03', '2024-11-09 11:15:03', b'1');

-- --------------------------------------------------------

--
-- Estructura de tabla para la tabla `compras`
--

CREATE TABLE `compras` (
  `id` bigint(20) UNSIGNED NOT NULL,
  `fecha` date NOT NULL,
  `comprobante` varchar(191) NOT NULL,
  `precio_total` decimal(8,2) NOT NULL,
  `id_proveedor` int(11) NOT NULL,
  `created_at` timestamp NULL DEFAULT NULL,
  `updated_at` timestamp NULL DEFAULT NULL
) ENGINE=InnoDB DEFAULT CHARSET=utf8mb4 COLLATE=utf8mb4_unicode_ci;

-- --------------------------------------------------------

--
-- Estructura de tabla para la tabla `detalle_compras`
--

CREATE TABLE `detalle_compras` (
  `id` bigint(20) UNSIGNED NOT NULL,
  `cantidad` int(11) NOT NULL,
  `id_compra` bigint(20) UNSIGNED NOT NULL,
  `id_producto` bigint(20) UNSIGNED NOT NULL,
  `created_at` timestamp NULL DEFAULT NULL,
  `updated_at` timestamp NULL DEFAULT NULL
) ENGINE=InnoDB DEFAULT CHARSET=utf8mb4 COLLATE=utf8mb4_unicode_ci;

-- --------------------------------------------------------

--
-- Estructura de tabla para la tabla `failed_jobs`
--

CREATE TABLE `failed_jobs` (
  `id` bigint(20) UNSIGNED NOT NULL,
  `uuid` varchar(191) NOT NULL,
  `connection` text NOT NULL,
  `queue` text NOT NULL,
  `payload` longtext NOT NULL,
  `exception` longtext NOT NULL,
  `failed_at` timestamp NOT NULL DEFAULT current_timestamp()
) ENGINE=InnoDB DEFAULT CHARSET=utf8mb4 COLLATE=utf8mb4_unicode_ci;

-- --------------------------------------------------------

--
-- Estructura de tabla para la tabla `migrations`
--

CREATE TABLE `migrations` (
  `id` int(10) UNSIGNED NOT NULL,
  `migration` varchar(191) NOT NULL,
  `batch` int(11) NOT NULL
) ENGINE=InnoDB DEFAULT CHARSET=utf8mb4 COLLATE=utf8mb4_unicode_ci;

--
-- Volcado de datos para la tabla `migrations`
--

INSERT INTO `migrations` (`id`, `migration`, `batch`) VALUES
(1, '2014_10_12_000000_create_users_table', 1),
(2, '2014_10_12_100000_create_password_reset_tokens_table', 1),
(3, '2019_08_19_000000_create_failed_jobs_table', 1),
(4, '2019_12_14_000001_create_personal_access_tokens_table', 1),
(5, '2024_03_17_003058_create_permission_tables', 1),
(29, '2024_09_27_062340_create_clientes_table', 2),
(30, '2024_09_28_002645_create_categorias_table', 2),
(31, '2024_09_28_002701_create_productos_table', 2),
(32, '2024_10_11_042545_create_ventas_table', 2),
(33, '2024_10_11_042718_create_venta_detalle_table', 3),
(34, '2024_10_18_020121_create_compras_table', 4),
(35, '2024_10_18_054850_create_detalle_compras_table', 4),
(36, '2024_10_18_174422_create_tempo_compras_table', 4),
(37, '2024_11_02_193427_create_ordens_table', 4),
(38, '2024_11_02_193452_create_orden_detalles_table', 4),
(39, '2024_11_02_193530_create_tempo_ordens_table', 4);

-- --------------------------------------------------------

--
-- Estructura de tabla para la tabla `model_has_permissions`
--

CREATE TABLE `model_has_permissions` (
  `permission_id` bigint(20) UNSIGNED NOT NULL,
  `model_type` varchar(191) NOT NULL,
  `model_id` bigint(20) UNSIGNED NOT NULL
) ENGINE=InnoDB DEFAULT CHARSET=utf8mb4 COLLATE=utf8mb4_unicode_ci;

-- --------------------------------------------------------

--
-- Estructura de tabla para la tabla `model_has_roles`
--

CREATE TABLE `model_has_roles` (
  `role_id` bigint(20) UNSIGNED NOT NULL,
  `model_type` varchar(191) NOT NULL,
  `model_id` bigint(20) UNSIGNED NOT NULL
) ENGINE=InnoDB DEFAULT CHARSET=utf8mb4 COLLATE=utf8mb4_unicode_ci;

--
-- Volcado de datos para la tabla `model_has_roles`
--

INSERT INTO `model_has_roles` (`role_id`, `model_type`, `model_id`) VALUES
(1, 'App\\Models\\User', 1),
(1, 'App\\Models\\User', 2),
(1, 'App\\Models\\User', 7),
(3, 'App\\Models\\User', 4),
(6, 'App\\Models\\User', 2);

-- --------------------------------------------------------

--
-- Estructura de tabla para la tabla `ordens`
--

CREATE TABLE `ordens` (
  `id` bigint(20) UNSIGNED NOT NULL,
  `fecha` date NOT NULL,
  `comprobante` varchar(191) NOT NULL,
  `subtotal` decimal(10,2) NOT NULL,
  `igv` decimal(10,2) NOT NULL,
  `precio_total` decimal(8,2) NOT NULL,
  `estado` enum('Pendiente','Aprobada','Cancelada') NOT NULL DEFAULT 'Pendiente',
  `id_proveedor` int(11) NOT NULL,
  `id_usuario` bigint(20) UNSIGNED NOT NULL,
  `created_at` timestamp NULL DEFAULT NULL,
  `updated_at` timestamp NULL DEFAULT NULL
) ENGINE=InnoDB DEFAULT CHARSET=utf8mb4 COLLATE=utf8mb4_unicode_ci;

--
-- Volcado de datos para la tabla `ordens`
--

INSERT INTO `ordens` (`id`, `fecha`, `comprobante`, `subtotal`, `igv`, `precio_total`, `estado`, `id_proveedor`, `id_usuario`, `created_at`, `updated_at`) VALUES
(1, '2024-11-09', 'ORD-3600', 30.51, 5.49, 36.00, 'Aprobada', 3, 7, '2024-11-11 03:54:29', '2024-11-11 03:54:29');

-- --------------------------------------------------------

--
-- Estructura de tabla para la tabla `orden_detalles`
--

CREATE TABLE `orden_detalles` (
  `id` bigint(20) UNSIGNED NOT NULL,
  `cantidad` int(11) NOT NULL,
  `id_orden` bigint(20) UNSIGNED NOT NULL,
  `id_producto` bigint(20) UNSIGNED NOT NULL,
  `created_at` timestamp NULL DEFAULT NULL,
  `updated_at` timestamp NULL DEFAULT NULL
) ENGINE=InnoDB DEFAULT CHARSET=utf8mb4 COLLATE=utf8mb4_unicode_ci;

--
-- Volcado de datos para la tabla `orden_detalles`
--

INSERT INTO `orden_detalles` (`id`, `cantidad`, `id_orden`, `id_producto`, `created_at`, `updated_at`) VALUES
(1, 12, 1, 4, '2024-11-11 03:54:29', '2024-11-11 03:54:29'),
(2, 6, 1, 2, '2024-11-11 03:54:29', '2024-11-11 03:54:29');

-- --------------------------------------------------------

--
-- Estructura de tabla para la tabla `password_reset_tokens`
--

CREATE TABLE `password_reset_tokens` (
  `email` varchar(191) NOT NULL,
  `token` varchar(191) NOT NULL,
  `created_at` timestamp NULL DEFAULT NULL
) ENGINE=InnoDB DEFAULT CHARSET=utf8mb4 COLLATE=utf8mb4_unicode_ci;

-- --------------------------------------------------------

--
-- Estructura de tabla para la tabla `permissions`
--

CREATE TABLE `permissions` (
  `id` bigint(20) UNSIGNED NOT NULL,
  `name` varchar(191) NOT NULL,
  `guard_name` varchar(191) NOT NULL,
  `created_at` timestamp NULL DEFAULT NULL,
  `updated_at` timestamp NULL DEFAULT NULL,
  `estadopermiso` bit(1) DEFAULT NULL,
  `descripcion` varchar(500) DEFAULT NULL,
  `nombre` varchar(100) DEFAULT NULL
) ENGINE=InnoDB DEFAULT CHARSET=utf8mb4 COLLATE=utf8mb4_unicode_ci;

--
-- Volcado de datos para la tabla `permissions`
--

INSERT INTO `permissions` (`id`, `name`, `guard_name`, `created_at`, `updated_at`, `estadopermiso`, `descripcion`, `nombre`) VALUES
(1, 'usuario.index', 'web', '2024-03-17 19:20:57', '2024-03-17 19:20:57', b'1', 'Lista y navega todos los usuarios del sistema', 'USUARIO'),
(2, 'usuario.show', 'web', '2024-03-17 19:20:57', '2024-04-06 07:19:07', b'1', 'Ver cualquier dato de un usuario', 'Visualización de detalles de usuario'),
(3, 'usuario.create', 'web', '2024-03-17 22:00:57', '2024-03-17 22:00:57', b'1', 'Crear registro de usuario', 'Creación de usuarios'),
(4, 'usuario.edit', 'web', '2024-03-17 22:00:57', '2024-04-06 07:19:28', b'1', 'Editar cualquier dato de un usuario', 'Edición de usuarios'),
(5, 'usuario.destroy', 'web', '2024-04-04 07:48:51', '2024-04-04 07:48:51', b'1', 'Eliminar cualquier usuario', 'Eliminación de usuarios'),
(6, 'role.index', 'web', '2024-04-04 08:45:11', '2024-04-04 08:45:11', b'1', 'Lista y navega todos los roles del sistema', 'ROLES'),
(7, 'role.show', 'web', '2024-04-05 00:48:07', '2024-04-06 05:58:31', b'1', 'Ver cualquier dato de un rol', 'Ver Detalles de roles'),
(8, 'role.create', 'web', '2024-04-05 23:00:57', '2024-04-06 07:42:24', b'1', 'Crear registro de rol', 'Creación de roles'),
(9, 'role.edit', 'web', '2024-04-06 08:20:38', '2024-04-06 08:20:38', b'1', 'Editar algún dato de un rol', 'Edición de roles'),
(10, 'role.destroy', 'web', '2024-04-06 08:21:26', '2024-04-06 08:21:26', b'1', 'Elimina un registro de rol', 'Eliminación de roles'),
(11, 'permiso.index', 'web', '2024-04-06 20:50:15', '2024-04-06 20:50:15', b'1', 'Lista y navega todos los permisos del sistema', 'PERMISOS'),
(12, 'permiso.show', 'web', '2024-04-06 20:51:11', '2024-04-06 20:51:11', b'1', 'Ver cualquier dato de un permiso', 'Visualización de detalles de permiso'),
(13, 'permiso.create', 'web', '2024-04-06 20:52:28', '2024-04-06 20:52:28', b'1', 'Crear registro de permiso', 'Creación de permisos'),
(14, 'permiso.edit', 'web', '2024-04-06 20:53:45', '2024-04-06 20:53:45', b'1', 'Editar algún dato de un permiso', 'Edición de permisos'),
(15, 'permiso.destroy', 'web', '2024-04-06 20:58:28', '2024-04-06 20:58:28', b'1', 'Eliminar algun registro de permiso', 'Eliminación de permisos'),
(16, 'cliente.index', 'web', '2024-09-21 00:14:58', '2024-09-21 00:14:58', b'1', 'Lista y navega todos los clientes del sistema', 'CLIENTES');

-- --------------------------------------------------------

--
-- Estructura de tabla para la tabla `personal_access_tokens`
--

CREATE TABLE `personal_access_tokens` (
  `id` bigint(20) UNSIGNED NOT NULL,
  `tokenable_type` varchar(191) NOT NULL,
  `tokenable_id` bigint(20) UNSIGNED NOT NULL,
  `name` varchar(191) NOT NULL,
  `token` varchar(64) NOT NULL,
  `abilities` text DEFAULT NULL,
  `last_used_at` timestamp NULL DEFAULT NULL,
  `expires_at` timestamp NULL DEFAULT NULL,
  `created_at` timestamp NULL DEFAULT NULL,
  `updated_at` timestamp NULL DEFAULT NULL
) ENGINE=InnoDB DEFAULT CHARSET=utf8mb4 COLLATE=utf8mb4_unicode_ci;

-- --------------------------------------------------------

--
-- Estructura de tabla para la tabla `productos`
--

CREATE TABLE `productos` (
  `id` bigint(20) UNSIGNED NOT NULL,
  `codigo` varchar(191) NOT NULL,
  `nombre_producto` varchar(191) NOT NULL,
  `descripcion_producto` text NOT NULL,
  `stock` int(11) NOT NULL,
  `stock_minimo` int(11) NOT NULL,
  `stock_maximo` int(11) NOT NULL,
  `precio_compra` decimal(10,2) NOT NULL,
  `precio_venta` decimal(10,2) NOT NULL,
  `fecha_ingreso` date NOT NULL,
  `imagen` text NOT NULL,
  `created_at` timestamp NULL DEFAULT NULL,
  `updated_at` timestamp NULL DEFAULT NULL,
  `id_categoria` bigint(20) UNSIGNED NOT NULL,
  `id_usuario` bigint(20) UNSIGNED NOT NULL,
  `estadoproducto` bit(1) DEFAULT NULL
) ENGINE=InnoDB DEFAULT CHARSET=utf8mb4 COLLATE=utf8mb4_unicode_ci;

--
-- Volcado de datos para la tabla `productos`
--

INSERT INTO `productos` (`id`, `codigo`, `nombre_producto`, `descripcion_producto`, `stock`, `stock_minimo`, `stock_maximo`, `precio_compra`, `precio_venta`, `fecha_ingreso`, `imagen`, `created_at`, `updated_at`, `id_categoria`, `id_usuario`, `estadoproducto`) VALUES
(1, '14445414126', 'Inca kola familiar', 'Gaseosa Inka Cola en presentación de 3L', 110, 30, 120, 9.00, 11.00, '2024-11-09', 'inca-kola-3l.jpg', '2024-11-10 03:51:34', '2024-11-10 03:51:34', 3, 7, b'1'),
(2, '11447569872', 'Inca Kola personal', 'Gaseosa Inca Kola en presentación de 500ml', 200, 30, 300, 2.00, 2.50, '2024-11-09', 'inca-kola-500ml.jpg', '2024-11-10 03:51:34', '2024-11-10 03:51:34', 3, 7, b'1'),
(3, '15447896542', 'Coca Cola familiar', 'Gaseosa Coca Cola en presentación de 3L', 120, 24, 150, 9.00, 11.00, '2024-11-09', 'coca-cola-3l.jpg', '2024-11-10 03:51:34', '2024-11-10 03:51:34', 3, 7, b'1'),
(4, '15874214574', 'Coca Cola personal', 'Gaseosa Coca Cola en presentación de 500 ml', 200, 30, 300, 2.00, 2.50, '2024-11-09', 'coca-cola-500ml.jpg', '2024-11-10 03:51:34', '2024-11-10 03:51:34', 3, 7, b'1'),
(5, '15742158741', 'Sprite familiar', 'Gaseosa Sprite en presentación de 3L', 110, 20, 200, 6.50, 8.00, '2024-11-09', 'sprite-3l.jpg', '2024-11-10 03:51:34', '2024-11-10 03:51:34', 3, 7, b'1'),
(6, '15874214539', 'Sprite personal', 'Gaseosa Sprite en presentación de 500ml', 200, 30, 300, 1.80, 2.00, '2024-11-09', 'sprite-500ml.jpg', '2024-11-10 03:51:34', '2024-11-10 03:51:34', 3, 7, b'1'),
(7, '17484211474', 'Fanta Naranja familiar', 'Gaseosa Fanta Naranja en presentación de 3L', 130, 20, 200, 8.00, 9.00, '2024-11-09', 'fanta-naranja-3l.jpg', '2024-11-10 03:51:34', '2024-11-10 03:51:34', 3, 7, b'1'),
(8, '18547414111', 'Fanta Naranja personal', 'Gaseosa Fanta Naranja en presentación de 500ml', 200, 50, 300, 1.80, 2.00, '2024-11-09', 'fanta-naranja-500ml.jpg', '2024-11-10 03:51:34', '2024-11-10 03:51:34', 3, 7, b'1'),
(9, '15774214114', 'Pepsi familiar', 'Gaseosa Pepsi en presentación de 3L', 160, 40, 250, 7.00, 8.00, '2024-11-09', 'Pepsi-3L.jpg', '2024-11-10 03:51:34', '2024-11-10 03:51:34', 3, 7, b'1'),
(10, '1742224524', 'Pepsi personal', 'Gaseosa Pepsi en presentación de 500ml', 198, 30, 300, 1.50, 1.80, '2024-11-09', 'Pepsi-500ml.jpg', '2024-11-10 03:51:34', '2024-11-10 03:51:34', 3, 7, b'1'),
(11, '14423665456', 'Jugo Del Valle', 'Jugo Del Valle en presentación de 500ml', 159, 30, 200, 1.20, 1.50, '2024-11-09', 'valle-500ml.jpg', '2024-11-10 03:51:34', '2024-11-10 03:51:34', 3, 7, b'1'),
(12, '11474599852', 'Agua San Luis', 'Agua mineral San Luis en presentación de 600ml', 297, 60, 400, 1.50, 2.00, '2024-11-09', 'san-luis-600ml.jpg', '2024-11-10 03:51:34', '2024-11-10 03:51:34', 3, 7, b'1'),
(13, '15474147521', 'Agua San Luis', 'Agua mineral San Luis en presentación de 600ml', 300, 60, 400, 1.50, 2.00, '2024-11-09', 'san-luis-600ml.jpg', '2024-11-10 03:51:34', '2024-11-10 03:51:34', 3, 7, b'1'),
(14, '15547269852', 'Cerbeza Pilsen Callao', 'Cerbeza Pilsen Callao en presentación de 620ml', 200, 50, 300, 4.50, 5.50, '2024-11-09', 'pilsen-620ml.jpg', '2024-11-10 03:51:34', '2024-11-10 03:51:34', 10, 7, b'1'),
(15, '18774154212', 'Cerbeza Cristal', 'Cerbeza Cristal en presentación de 620ml', 200, 50, 300, 4.50, 5.00, '2024-11-09', 'cristal-620ml.jpg', '2024-11-10 03:51:34', '2024-11-10 03:51:34', 10, 7, b'1'),
(16, '17441147598', 'Cerbeza Cusqueña', 'Cerbeza Cusqueña en presentación de 500ml', 150, 30, 200, 5.00, 6.00, '2024-11-09', 'cusqueña-620ml.jpg', '2024-11-10 03:51:34', '2024-11-10 03:51:34', 10, 7, b'1'),
(17, '19887411414', 'Red Bull', 'Energizante Red Bull en presentación de 500ml', 80, 20, 200, 6.50, 7.50, '2024-11-09', 'red-500ml.jpg', '2024-11-10 03:51:34', '2024-11-10 03:51:34', 3, 7, b'1'),
(18, '11144425474', 'Sporade', 'Sporade Tropical en presentación de 500ml', 191, 50, 250, 2.00, 2.50, '2024-11-09', 'sporade-500ml.jpg', '2024-11-10 03:51:34', '2024-11-10 03:51:34', 3, 7, b'1'),
(19, '25474157587', 'Leche Gloria', 'Leche Gloria en bolsa presentación de 1L', 60, 24, 100, 2.50, 3.50, '2024-11-09', 'leche-gloria-3l.jpg', '2024-11-10 03:51:34', '2024-11-10 03:51:34', 2, 7, b'1'),
(20, '2547415874', ' Leche Laive', 'Leche Laive en bolsa presentación de 1L', 67, 24, 100, 2.50, 3.00, '2024-11-09', 'leche-laive-3l.jpg', '2024-11-10 03:51:34', '2024-11-10 03:51:34', 2, 7, b'1'),
(21, '22441412568', 'Mantequilla Laive', 'Mantequilla Laive de fresa de 200g', 120, 30, 150, 2.50, 3.00, '2024-11-09', 'mantequilla-laive-200g.jpg', '2024-11-10 03:51:34', '2024-11-10 03:51:34', 2, 7, b'1'),
(22, '22441412568', 'Fideos Don Vittorio', 'Fideo grueso Don Vittorio de 1kg', 90, 20, 200, 5.00, 5.50, '2024-11-09', 'fideo-vittorio-1kg.jpg', '2024-11-10 03:51:34', '2024-11-10 03:51:34', 1, 7, b'1'),
(23, '22441412568', 'Arroz Costeño', 'Arroz Costeño de 1kg', 120, 30, 200, 3.00, 3.60, '2024-11-09', 'arroz-costeño-1kg.jpg', '2024-11-10 03:51:34', '2024-11-10 03:51:34', 1, 7, b'1'),
(24, '25544741587', 'Azucar blanca Dulfina', 'Azucar blanca de 1kg', 100, 30, 200, 3.00, 3.20, '2024-11-09', 'azucar-blanca-1kg.jpg', '2024-11-10 03:51:34', '2024-11-10 03:51:34', 1, 7, b'1'),
(25, '25587741414', 'Azucar rubia Dulfina', 'Azucar rubia de 1kg', 150, 50, 300, 2.80, 3.00, '2024-11-09', 'azucar-rubia-1kg.jpg', '2024-11-10 03:51:34', '2024-11-10 03:51:34', 1, 7, b'1'),
(26, '35587474145', 'Aceite vegetal Primor', 'Aceite vegetal de 1L', 90, 120, 200, 9.50, 10.00, '2024-11-09', 'aceite-primor-1l.jpg', '2024-11-10 03:51:34', '2024-11-10 03:51:34', 1, 7, b'1'),
(27, '35442574151', 'Aceite vegetal Cocinero', 'Aceite vegetal de 1L', 100, 120, 200, 9.00, 9.50, '2024-11-09', 'aceite-cocinero-1l.jpg', '2024-11-10 03:51:34', '2024-11-10 03:51:34', 1, 7, b'1'),
(28, '57744147585', 'Lentegitas Costeño', 'Lentegitas Costeño de 1kg', 60, 20, 120, 3.50, 4.00, '2024-11-09', 'lenteja-1kg.jpg', '2024-11-10 03:51:34', '2024-11-10 03:51:34', 1, 7, b'1'),
(29, '58874147511', 'Arvejas Costeño', 'Arvejas Costeño de 1kg', 50, 20, 120, 3.50, 4.00, '2024-11-09', 'arveja-1kg.jpg', '2024-11-10 03:51:34', '2024-11-10 03:51:34', 1, 7, b'1'),
(30, '41414759632', 'Pan de molde Bimbo', 'Pan de molde Bimbo de 900g', 60, 12, 100, 10.00, 11.50, '2024-11-09', 'bimbo-900g.jpg', '2024-11-10 03:51:34', '2024-11-10 03:51:34', 1, 7, b'1'),
(31, '58474147452', 'Galletas Club Social', 'Galletas Club Social de 24g', 120, 30, 250, 0.70, 1.00, '2024-11-09', 'social-24g.jpg', '2024-11-10 03:51:34', '2024-11-10 03:51:34', 4, 7, b'1'),
(32, '65414414587', 'Galleta Óreo', 'Galleta Óreo de 36g', 80, 30, 180, 0.80, 1.00, '2024-11-09', 'oreo-36g.jpg', '2024-11-10 03:51:34', '2024-11-10 03:51:34', 4, 7, b'1'),
(33, '65568756541', 'Galleta Picaras', 'Galleta Picaras de 30g', 70, 30, 120, 0.80, 1.00, '2024-11-09', 'picaras-30g.jpg', '2024-11-10 03:51:34', '2024-11-10 03:51:34', 4, 7, b'1'),
(34, '58741475415', 'Chocolate Sublime', 'Chocolate Sublime de 30g', 60, 20, 100, 1.80, 2.00, '2024-11-09', 'sublime-30g.jpg', '2024-11-10 03:51:34', '2024-11-10 03:51:34', 4, 7, b'1'),
(35, '45774147596', 'Galleta vainilla GN', 'Galleta vainilla GN de 30g', 117, 30, 200, 0.50, 0.70, '2024-11-09', 'gn-30g.jpg', '2024-11-10 03:51:34', '2024-11-10 03:51:34', 4, 7, b'1'),
(36, '44745898521', 'Galleta soda San Jorge', 'Galleta soda San Jorge de 40g', 150, 40, 200, 0.70, 1.00, '2024-11-09', 'jorge-40g.jpg', '2024-11-10 03:51:34', '2024-11-10 03:51:34', 4, 7, b'1'),
(37, '45774147592', 'Mayonesa A la Cena', 'Mayonesa A la Cena de 250g', 90, 20, 100, 4.50, 5.00, '2024-11-09', 'mayonesa-250g.jpg', '2024-11-10 03:51:34', '2024-11-10 03:51:34', 1, 7, b'1'),
(38, '66548587452', 'Detergente Ace', 'Detergente Ace de 1kg', 100, 30, 200, 7.50, 8.00, '2024-11-09', 'ace-250g.jpg', '2024-11-10 03:51:34', '2024-11-10 03:51:34', 6, 7, b'1'),
(39, '65485456542', 'Detergente Ariel', 'Detergente Ariel de 1kg', 90, 35, 200, 8.00, 9.00, '2024-11-09', 'ariel-250g.jpg', '2024-11-10 03:51:34', '2024-11-10 03:51:34', 6, 7, b'1'),
(40, '61521669852', 'Shampoo Head & Shoulders', 'Shampoo Head & Shoulders de 700ml', 70, 12, 120, 9.00, 11.00, '2024-11-09', 'hs-700ml.jpg', '2024-11-10 03:51:34', '2024-11-10 03:51:34', 7, 7, b'1'),
(41, '65456587459', 'Shampoo Pantene', 'Shampoo Pantene de 700ml', 70, 12, 120, 9.00, 10.00, '2024-11-09', 'pantene-700ml.jpg', '2024-11-10 03:51:34', '2024-11-10 03:51:34', 7, 7, b'1'),
(42, '77454774141', 'Papel higiénico Elite', 'Papel higiénico Elite de 2 rollos', 90, 24, 100, 2.50, 3.00, '2024-11-09', 'papel.jpg', '2024-11-10 03:51:34', '2024-11-10 03:51:34', 7, 7, b'1'),
(43, '85447458931', 'Legía Clorox', 'Legía Clorox 500ml', 60, 20, 100, 2.80, 3.20, '2024-11-09', 'clorox.jpg', '2024-11-10 03:51:34', '2024-11-10 03:51:34', 6, 7, b'1'),
(44, '77747587451', 'Huevos La Calera', 'Huevos La Calera de 15 ud', 80, 20, 100, 5.50, 7.00, '2024-11-09', 'calera.jpg', '2024-11-10 03:51:34', '2024-11-10 03:51:34', 2, 7, b'1'),
(45, '70745741584', 'Lata de atún Primor', 'Lata de atún Primor de 170g', 60, 20, 120, 3.50, 4.00, '2024-11-09', 'lata-atun-primor.jpg', '2024-11-10 03:51:34', '2024-11-10 03:51:34', 8, 7, b'1'),
(46, '78985452142', 'Lata de atún Campomar', 'Lata de atún Campomar de 200g', 70, 20, 120, 3.50, 4.20, '2024-11-09', 'lata-atun-campomar.jpg', '2024-11-10 03:51:34', '2024-11-10 03:51:34', 8, 7, b'1'),
(47, '85474587451', 'Lata de leche condensada', 'Lata de leche condensada de 400g', 90, 30, 100, 4.50, 5.30, '2024-11-09', 'condensada.jpg', '2024-11-10 03:51:34', '2024-11-10 03:51:34', 2, 7, b'1'),
(48, '74157415784', 'Café Nescafé', 'Café Nescafé de 200g', 100, 50, 200, 2.80, 3.00, '2024-11-09', 'cafe.jpg', '2024-11-10 03:51:34', '2024-11-10 03:51:34', 1, 7, b'1'),
(49, '70548741541', 'Caja de té MC Colins', 'Caja de té MC Colins de 24 ud', 120, 50, 200, 2.50, 3.00, '2024-11-09', 'te.jpg', '2024-11-10 03:51:34', '2024-11-10 03:51:34', 1, 7, b'1'),
(50, '70548745163', 'Caja de manzanilla MC Colins', 'Caja de manzanilla MC Colins de 24 ud', 100, 50, 200, 2.50, 3.00, '2024-11-09', 'manzanilla.jpg', '2024-11-10 03:51:34', '2024-11-10 03:51:34', 1, 7, b'1'),
(51, '77554874854', 'Sazonador Ajinomoto', 'Sazonador Ajinomoto de 60g', 120, 30, 200, 1.80, 2.00, '2024-11-09', 'ajinomoto.jpg', '2024-11-10 03:51:34', '2024-11-10 03:51:34', 1, 7, b'1'),
(52, '58474414256', 'Sopa instantánea de pollo Ajinomen', 'Sopa instantánea de pollo Ajinomen de 80g', 120, 30, 200, 1.50, 1.80, '2024-11-09', 'pollo.jpg', '2024-11-10 03:51:34', '2024-11-10 03:51:34', 1, 7, b'1'),
(53, '58554712698', 'Sopa instantánea de carne Ajinomen', 'Sopa instantánea de carne Ajinomen de 80g', 110, 30, 200, 1.50, 1.80, '2024-11-09', 'carne.jpg', '2024-11-10 03:51:34', '2024-11-10 03:51:34', 1, 7, b'1'),
(54, '65158542514', 'Pasta dental Colgate', 'Pasta dental Colgate de 60g', 80, 20, 150, 3.30, 3.80, '2024-11-09', 'colgate.jpg', '2024-11-10 03:51:34', '2024-11-10 03:51:34', 7, 7, b'1'),
(55, '60355874521', 'Pasta dental Dento', 'Pasta dental Dento 65g', 70, 20, 150, 3.50, 4.00, '2024-11-09', 'dento.jpg', '2024-11-10 03:51:34', '2024-11-10 03:51:34', 7, 7, b'1'),
(56, '50257458412', 'Cheetos', 'Cheetos picante de 26g', 60, 30, 90, 1.20, 1.50, '2024-11-09', 'cheetos.jpg', '2024-11-10 03:51:34', '2024-11-10 03:51:34', 4, 7, b'1'),
(57, '50257458412', 'Lays', 'Lays de 24g', 60, 30, 100, 1.80, 2.00, '2024-11-09', 'lays.jpg', '2024-11-10 03:51:34', '2024-11-10 03:51:34', 4, 7, b'1'),
(58, '45784574125', 'Doritos', 'Doritos naturales de 35g', 90, 30, 150, 1.80, 2.00, '2024-11-09', 'doritos.jpg', '2024-11-10 03:51:34', '2024-11-10 03:51:34', 4, 7, b'1'),
(59, '58547854745', 'Tor-tees', 'Tor-tees naturales 71g', 80, 30, 150, 1.80, 2.00, '2024-11-09', 'tortees.jpg', '2024-11-10 03:51:34', '2024-11-10 03:51:34', 4, 7, b'1'),
(60, '58547854745', 'Takis', 'Takis fuego 28g ', 70, 30, 150, 4.50, 5.00, '2024-11-09', 'takis.jpg', '2024-11-10 03:51:34', '2024-11-10 03:51:34', 4, 7, b'1'),
(61, '65847521485', 'Yogurt Gloria', 'Yogurt Gloria de fresa 900ml', 70, 20, 100, 4.50, 5.50, '2024-11-09', 'yogurtg.jpg', '2024-11-10 03:51:34', '2024-11-10 03:51:34', 2, 7, b'1'),
(62, '70547854741', 'Vino Borgoña', 'Vino Borgoña de 900ml', 60, 20, 100, 12.00, 15.00, '2024-11-09', 'vino.jpg', '2024-11-10 03:51:34', '2024-11-10 03:51:34', 10, 7, b'1'),
(63, '80545241459', 'Ricocan cachorro', 'Ricocan cachorro', 50, 10, 90, 12.00, 12.90, '2024-11-09', 'ricocan.jpg', '2024-11-10 03:51:34', '2024-11-10 03:51:34', 9, 7, b'1');

-- --------------------------------------------------------

--
-- Estructura de tabla para la tabla `proveedores`
--

CREATE TABLE `proveedores` (
  `idproveedor` int(11) NOT NULL,
  `nombresproveedor` varchar(50) DEFAULT NULL,
  `celularproveedor` char(10) DEFAULT NULL,
  `tipodocumentoproveedor` char(1) DEFAULT NULL,
  `correoproveedor` varchar(200) DEFAULT NULL,
  `nrodocumentoproveedor` char(12) DEFAULT NULL,
  `direccionproveedor` varchar(200) DEFAULT NULL,
  `fecharegistroproveedor` datetime DEFAULT NULL,
  `fechaupdateproveedor` datetime DEFAULT NULL,
  `estadoproveedor` bit(1) DEFAULT NULL,
  `id` bigint(20) UNSIGNED DEFAULT NULL
) ENGINE=InnoDB DEFAULT CHARSET=utf8mb4 COLLATE=utf8mb4_general_ci;

--
-- Volcado de datos para la tabla `proveedores`
--

INSERT INTO `proveedores` (`idproveedor`, `nombresproveedor`, `celularproveedor`, `tipodocumentoproveedor`, `correoproveedor`, `nrodocumentoproveedor`, `direccionproveedor`, `fecharegistroproveedor`, `fechaupdateproveedor`, `estadoproveedor`, `id`) VALUES
(1, 'Distribuidora San Fernando', '987654321', 'R', 'contacto@sanfernando.com', '20123456789', 'Dirección 1', '2024-11-09 07:15:12', '2024-11-09 07:15:12', b'1', NULL),
(2, 'Laive', '912345678', 'R', 'info@laive.com', '20234567890', 'Dirección 2', '2024-11-09 07:15:12', '2024-11-09 07:15:12', b'1', NULL),
(3, 'Corporación Lindley', '998765432', 'R', 'ventas@lindley.com', '20345678901', 'Dirección 3', '2024-11-09 07:15:12', '2024-11-09 07:15:12', b'1', NULL),
(4, 'Inca Kola', '987123456', 'R', 'contacto@incakola.com', '20456789012', 'Dirección 4', '2024-11-09 07:15:12', '2024-11-09 07:15:12', b'1', NULL),
(5, 'Nestlé Perú', '912987654', 'R', 'ventas@nestle.com', '20567890123', 'Dirección 5', '2024-11-09 07:15:12', '2024-11-09 07:15:12', b'1', NULL),
(6, 'San Jorge', '932123456', 'R', 'info@sanjorge.com', '20678901234', 'Dirección 6', '2024-11-09 07:15:12', '2024-11-09 07:15:12', b'1', NULL),
(7, 'GN', '945678123', 'R', 'contacto@gn.com', '20789012345', 'Dirección 7', '2024-11-09 07:15:12', '2024-11-09 07:15:12', b'1', NULL),
(8, 'PepsiCo', '954321789', 'R', 'info@pepsico.com', '20890123456', 'Dirección 8', '2024-11-09 07:15:12', '2024-11-09 07:15:12', b'1', NULL),
(9, 'Kimberly-Clark', '987654123', 'R', 'ventas@kimberly-clark.com', '20901234567', 'Dirección 9', '2024-11-09 07:15:12', '2024-11-09 07:15:12', b'1', NULL),
(10, 'Procter & Gamble (P&G)', '961234567', 'R', 'contacto@pg.com', '21012345678', 'Dirección 10', '2024-11-09 07:15:12', '2024-11-09 07:15:12', b'1', NULL),
(11, 'Unilever', '912345678', 'R', 'info@unilever.com', '21123456789', 'Dirección 11', '2024-11-09 07:15:12', '2024-11-09 07:15:12', b'1', NULL),
(12, 'Donofrio', '987321654', 'R', 'contacto@donofrio.com', '21234567890', 'Dirección 12', '2024-11-09 07:15:12', '2024-11-09 07:15:12', b'1', NULL),
(13, 'Costa S.A', '943218765', 'R', 'ventas@costa.com', '21345678901', 'Dirección 13', '2024-11-09 07:15:12', '2024-11-09 07:15:12', b'1', NULL),
(14, 'Gloria S.A.', '954789321', 'R', 'info@gloria.com', '21456789012', 'Dirección 14', '2024-11-09 07:15:12', '2024-11-09 07:15:12', b'1', NULL),
(15, 'Corporación Redondos', '987123654', 'R', 'ventas@redondos.com', '21567890123', 'Dirección 15', '2024-11-09 07:15:12', '2024-11-09 07:15:12', b'1', NULL),
(16, 'Alicorp S.A.A.', '912987321', 'R', 'contacto@alicorp.com', '21678901234', 'Dirección 16', '2024-11-09 07:15:12', '2024-11-09 07:15:12', b'1', NULL),
(17, 'Grupo Bimbo', '987654987', 'R', 'info@bimbo.com', '21789012345', 'Dirección 17', '2024-11-09 07:15:12', '2024-11-09 07:15:12', b'1', NULL),
(18, 'Bacus S.A.', '921456789', 'R', 'ventas@bacus.com', '21890123456', 'Dirección 18', '2024-11-09 07:15:12', '2024-11-09 07:15:12', b'1', NULL),
(19, 'Red Bull GmbH', '931245678', 'R', 'contacto@redbull.com', '21901234567', 'Dirección 19', '2024-11-09 07:15:12', '2024-11-09 07:15:12', b'1', NULL),
(20, 'Tabernero', '945612378', 'R', 'info@tabernero.com', '22012345678', 'Dirección 20', '2024-11-09 07:15:12', '2024-11-09 07:15:12', b'1', NULL),
(21, 'Mars Petcare', '954987321', 'R', 'contacto@mars.com', '22123456789', 'Dirección 21', '2024-11-09 07:15:12', '2024-11-09 07:15:12', b'1', NULL);

-- --------------------------------------------------------

--
-- Estructura de tabla para la tabla `roles`
--

CREATE TABLE `roles` (
  `id` bigint(20) UNSIGNED NOT NULL,
  `name` varchar(191) NOT NULL,
  `guard_name` varchar(191) NOT NULL,
  `created_at` timestamp NULL DEFAULT NULL,
  `updated_at` timestamp NULL DEFAULT NULL,
  `estadorol` bit(1) DEFAULT NULL,
  `descripcion` varchar(500) DEFAULT NULL
) ENGINE=InnoDB DEFAULT CHARSET=utf8mb4 COLLATE=utf8mb4_unicode_ci;

--
-- Volcado de datos para la tabla `roles`
--

INSERT INTO `roles` (`id`, `name`, `guard_name`, `created_at`, `updated_at`, `estadorol`, `descripcion`) VALUES
(1, 'ADMIN', 'web', '2023-11-02 02:23:21', '2024-04-06 04:37:22', b'1', 'administra todo'),
(2, 'BLOGGER', 'web', '2024-03-15 23:55:57', '2024-04-05 23:16:33', b'1', 'Sin descripcion'),
(3, 'ROLES', 'web', '2024-03-17 17:20:57', '2024-04-06 04:45:28', b'1', 'Todo el acceso a los roles'),
(4, 'PERMISO', 'web', '2024-03-17 17:20:57', '2024-03-17 17:20:57', b'1', 'Todos los permisos'),
(5, 'PERSONAL TECNICO', 'web', '2024-03-17 17:20:57', '2024-03-17 17:20:57', b'1', 'Roles unicamente para personal técnico'),
(6, 'PERSONAL TECNICO 2', 'web', '2024-04-03 23:52:07', '2024-04-03 23:52:07', b'1', 'Sin descripcion'),
(7, 'ASISTENTE ADMINISTRATIVO', 'web', '2024-04-04 01:13:32', '2024-04-04 01:13:32', b'1', 'Sin descripcion'),
(8, 'GERENTE', 'web', '2024-04-05 01:25:40', '2024-04-05 01:25:40', b'1', 'administra el sistema'),
(9, 'GERENTE 2', 'web', '2024-04-05 01:28:27', '2024-04-05 01:28:27', b'1', 'suplanta al gerente'),
(10, 'SUPERVISOR', 'web', '2024-04-06 01:00:01', '2024-04-06 01:00:01', b'1', 'supervisa'),
(11, 'ROL PRUEBA', 'web', '2024-09-21 00:10:03', '2024-09-21 00:10:03', b'1', 'tiene acceso a roles de prueba');

-- --------------------------------------------------------

--
-- Estructura de tabla para la tabla `role_has_permissions`
--

CREATE TABLE `role_has_permissions` (
  `permission_id` bigint(20) UNSIGNED NOT NULL,
  `role_id` bigint(20) UNSIGNED NOT NULL
) ENGINE=InnoDB DEFAULT CHARSET=utf8mb4 COLLATE=utf8mb4_unicode_ci;

--
-- Volcado de datos para la tabla `role_has_permissions`
--

INSERT INTO `role_has_permissions` (`permission_id`, `role_id`) VALUES
(1, 1),
(1, 6),
(1, 8),
(1, 10),
(1, 11),
(2, 1),
(2, 6),
(2, 7),
(2, 8),
(2, 9),
(2, 10),
(2, 11),
(3, 1),
(3, 8),
(3, 10),
(3, 11),
(4, 1),
(4, 8),
(4, 9),
(4, 10),
(4, 11),
(5, 1),
(5, 8),
(5, 10),
(5, 11),
(6, 1),
(6, 3),
(6, 8),
(6, 10),
(6, 11),
(7, 1),
(7, 3),
(7, 10),
(7, 11),
(8, 1),
(8, 3),
(8, 8),
(8, 10),
(8, 11),
(9, 1),
(9, 3),
(9, 8),
(9, 11),
(10, 1),
(10, 3),
(10, 8),
(10, 11),
(11, 1),
(11, 4),
(11, 8),
(11, 11),
(12, 1),
(12, 4),
(12, 11),
(13, 1),
(13, 4),
(13, 8),
(13, 11),
(14, 1),
(14, 4),
(14, 8),
(14, 11),
(15, 1),
(15, 4),
(15, 8),
(15, 11);

-- --------------------------------------------------------

--
-- Estructura de tabla para la tabla `tempo_compras`
--

CREATE TABLE `tempo_compras` (
  `id` bigint(20) UNSIGNED NOT NULL,
  `cantidad` int(11) NOT NULL,
  `id_producto` bigint(20) UNSIGNED NOT NULL,
  `session_id` varchar(191) NOT NULL,
  `created_at` timestamp NULL DEFAULT NULL,
  `updated_at` timestamp NULL DEFAULT NULL
) ENGINE=InnoDB DEFAULT CHARSET=utf8mb4 COLLATE=utf8mb4_unicode_ci;

--
-- Volcado de datos para la tabla `tempo_compras`
--

INSERT INTO `tempo_compras` (`id`, `cantidad`, `id_producto`, `session_id`, `created_at`, `updated_at`) VALUES
(1, 12, 1, '4aesrhJtcMFEVTjLvklUSsTrHkvDBOcaDjxh93AT', '2024-11-11 06:58:24', '2024-11-11 06:58:24');

-- --------------------------------------------------------

--
-- Estructura de tabla para la tabla `tempo_ordens`
--

CREATE TABLE `tempo_ordens` (
  `id` bigint(20) UNSIGNED NOT NULL,
  `cantidad` int(11) NOT NULL,
  `id_producto` bigint(20) UNSIGNED NOT NULL,
  `session_id` varchar(191) NOT NULL,
  `created_at` timestamp NULL DEFAULT NULL,
  `updated_at` timestamp NULL DEFAULT NULL
) ENGINE=InnoDB DEFAULT CHARSET=utf8mb4 COLLATE=utf8mb4_unicode_ci;

-- --------------------------------------------------------

--
-- Estructura de tabla para la tabla `users`
--

CREATE TABLE `users` (
  `id` bigint(20) UNSIGNED NOT NULL,
  `name` varchar(191) NOT NULL,
  `email` varchar(191) NOT NULL,
  `email_verified_at` timestamp NULL DEFAULT NULL,
  `password` varchar(191) NOT NULL,
  `remember_token` varchar(100) DEFAULT NULL,
  `created_at` timestamp NULL DEFAULT NULL,
  `updated_at` timestamp NULL DEFAULT NULL,
  `estadousuario` tinyint(4) NOT NULL DEFAULT 0,
  `avatar` varchar(191) DEFAULT NULL,
  `tipodocumentouser` char(1) DEFAULT NULL,
  `nrodocumentouser` char(11) DEFAULT NULL,
  `fechanacimientouser` date DEFAULT NULL,
  `sexouser` char(1) DEFAULT NULL,
  `celuser` char(9) DEFAULT NULL,
  `direccionuser` varchar(200) DEFAULT NULL
) ENGINE=InnoDB DEFAULT CHARSET=utf8mb4 COLLATE=utf8mb4_unicode_ci;

--
-- Volcado de datos para la tabla `users`
--

INSERT INTO `users` (`id`, `name`, `email`, `email_verified_at`, `password`, `remember_token`, `created_at`, `updated_at`, `estadousuario`, `avatar`, `tipodocumentouser`, `nrodocumentouser`, `fechanacimientouser`, `sexouser`, `celuser`, `direccionuser`) VALUES
(1, 'Elias Merlo', 'merloalviteselias@gmail.com', NULL, '$2y$10$QIRp4TJ1IyW4WHxUZnCd3eOmNqpldLkUUepaedJP/lMcNpIQTQCsa', 'mmbbX63tpsBrUHswY2AdQKifCeEN7gBw34GeoV449f4x66H7AaUrlk6xhc80', '2023-11-02 02:23:21', '2024-04-03 22:02:46', 1, '', NULL, NULL, NULL, NULL, NULL, NULL),
(2, 'Cielo Menor Saavedra', 'cmenorsaavedra@gmail.com', NULL, '$2y$10$dhmXJkshrLc/fyo.99zst.Tsi8WWDA3XsY5BM16MBpYowMva8dtp2', 'GN3VgOVdhYwDcx1rdtgJrYX14hxHBAr3te9L1JTUF4NvQokRYrvidhKuJ3HZ', '2024-04-01 23:07:44', '2024-04-01 23:07:44', 1, NULL, NULL, NULL, NULL, NULL, NULL, NULL),
(3, 'Maria Saavedra Chalan', 'maria@gmail.com', NULL, '$2y$10$ABQomQ0BTGNDqv96p78YKupnd7HHEf421iwGiaxEOxyfzuNmbtuFa', 'qxtZXnDr2S', '2024-04-02 06:19:48', '2024-04-02 06:19:48', 1, NULL, NULL, NULL, NULL, NULL, NULL, NULL),
(4, 'Carlos Puemape', 'carlos@gmail.com', NULL, '$2y$10$dpwR75v8GipiCmzFA73iMuGG2cfPRPO0zZQjg5AioZULIpTuMPRm6', 'ZVLbb7rpCgaWJSo6V9NfbG0mTcXJEHkvRgwYwCPiwEbyBQhSli7atsvzxOga', '2024-04-02 06:45:51', '2024-04-03 23:22:11', 1, NULL, NULL, NULL, NULL, NULL, NULL, NULL),
(5, 'Carla Sanchez', 'carla@gmail.com', NULL, '$2y$10$8ZSq.GwYld3nprqw5fNnquVp8IVSBIYMiP.PtQmuUW5PfTNZm9lyG', '6h1ylhmzfD', '2024-04-03 20:52:26', '2024-04-03 23:20:57', 1, NULL, NULL, NULL, NULL, NULL, NULL, NULL),
(6, 'Martha Sanchez', 'martha@gmail.com', NULL, '$2y$10$D5qYBBWIjaR4lzJ14J77yuSwhu9REYllYvxuFGejzqXI7q4Qiw24a', 'vOz6CN8fRW', '2024-09-20 23:41:20', '2024-09-20 23:41:20', 1, NULL, NULL, NULL, NULL, NULL, NULL, NULL),
(7, 'Irvin Guillermo Huacachi Garcia', 'irvin1.g.h.g@gmail.com', NULL, '$2y$10$WgeXo4lLcOd3nfNQ5uk5UOm.FO/NiodNIZVKlmbt7fZBPEsWiULm2', 'UPidj1ClGDkz5A8JNa9nfEC0mUNums0ammWse62hQuNfziLSAREJTl9IhvvR', '2024-10-25 05:59:33', '2024-11-28 10:57:03', 1, 'storage/avatares/1732773423-foto.png', 'D', '70301548', '2024-11-06', 'M', '987457414', 'Calle Miguel Grau 105, Tambo Real');

-- --------------------------------------------------------

--
-- Estructura de tabla para la tabla `ventas`
--

CREATE TABLE `ventas` (
  `id` bigint(20) UNSIGNED NOT NULL,
  `total_pagar` decimal(10,2) NOT NULL,
  `id_cliente` bigint(20) UNSIGNED NOT NULL,
  `created_at` timestamp NULL DEFAULT NULL,
  `updated_at` timestamp NULL DEFAULT NULL,
  `idusuario` bigint(20) UNSIGNED DEFAULT NULL,
  `estadoventa` bit(1) DEFAULT NULL
) ENGINE=InnoDB DEFAULT CHARSET=utf8mb4 COLLATE=utf8mb4_unicode_ci;

--
-- Volcado de datos para la tabla `ventas`
--

INSERT INTO `ventas` (`id`, `total_pagar`, `id_cliente`, `created_at`, `updated_at`, `idusuario`, `estadoventa`) VALUES
(1, 129.00, 35, '2024-03-12 05:00:00', '2024-03-12 05:00:00', 2, b'1'),
(2, 23.00, 25, '2024-10-10 05:00:00', '2024-10-10 05:00:00', 1, b'0'),
(3, 188.00, 2, '2024-08-30 05:00:00', '2024-08-30 05:00:00', 2, b'0'),
(4, 69.00, 20, '2024-04-12 05:00:00', '2024-04-12 05:00:00', 2, b'0'),
(5, 130.00, 5, '2024-01-24 05:00:00', '2024-01-24 05:00:00', 2, b'0'),
(6, 6.00, 30, '2024-07-25 05:00:00', '2024-07-25 05:00:00', 1, b'0'),
(7, 72.00, 30, '2024-09-29 05:00:00', '2024-09-29 05:00:00', 2, b'1'),
(8, 43.00, 1, '2024-04-07 05:00:00', '2024-04-07 05:00:00', 2, b'0'),
(9, 0.00, 34, '2024-01-14 05:00:00', '2024-01-14 05:00:00', 4, b'1'),
(10, 101.00, 21, '2024-03-02 05:00:00', '2024-03-02 05:00:00', 2, b'1'),
(11, 157.00, 27, '2024-11-10 05:00:00', '2024-11-10 05:00:00', 3, b'1'),
(12, 98.00, 21, '2024-03-15 05:00:00', '2024-03-15 05:00:00', 1, b'0'),
(13, 95.00, 20, '2024-06-10 05:00:00', '2024-06-10 05:00:00', 1, b'0'),
(14, 190.00, 18, '2024-10-16 05:00:00', '2024-10-16 05:00:00', 2, b'0'),
(15, 152.00, 38, '2024-05-05 05:00:00', '2024-05-05 05:00:00', 3, b'0'),
(16, 100.00, 34, '2024-10-20 05:00:00', '2024-10-20 05:00:00', 3, b'1'),
(17, 109.00, 36, '2024-02-22 05:00:00', '2024-02-22 05:00:00', 3, b'1'),
(18, 65.00, 36, '2024-09-05 05:00:00', '2024-09-05 05:00:00', 2, b'0'),
(19, 10.00, 19, '2024-05-12 05:00:00', '2024-05-12 05:00:00', 1, b'1'),
(20, 117.00, 37, '2024-10-08 05:00:00', '2024-10-08 05:00:00', 3, b'0'),
(21, 84.00, 8, '2024-11-01 05:00:00', '2024-11-01 05:00:00', 1, b'0'),
(22, 131.00, 20, '2024-06-01 05:00:00', '2024-06-01 05:00:00', 2, b'1'),
(23, 23.00, 29, '2024-09-25 05:00:00', '2024-09-25 05:00:00', 4, b'1'),
(24, 114.00, 13, '2024-10-04 05:00:00', '2024-10-04 05:00:00', 3, b'1'),
(25, 72.00, 21, '2024-02-17 05:00:00', '2024-02-17 05:00:00', 4, b'1'),
(26, 193.00, 27, '2024-11-02 05:00:00', '2024-11-02 05:00:00', 2, b'0'),
(27, 92.00, 13, '2024-10-08 05:00:00', '2024-10-08 05:00:00', 1, b'0'),
(28, 200.00, 7, '2024-08-15 05:00:00', '2024-08-15 05:00:00', 3, b'1'),
(29, 19.00, 30, '2024-03-16 05:00:00', '2024-03-16 05:00:00', 1, b'1'),
(30, 118.00, 38, '2024-10-24 05:00:00', '2024-10-24 05:00:00', 2, b'1'),
(31, 199.00, 5, '2024-04-14 05:00:00', '2024-04-14 05:00:00', 4, b'0'),
(32, 47.00, 24, '2024-09-05 05:00:00', '2024-09-05 05:00:00', 4, b'1'),
(33, 69.00, 10, '2024-06-21 05:00:00', '2024-06-21 05:00:00', 2, b'0'),
(34, 22.00, 27, '2024-09-29 05:00:00', '2024-09-29 05:00:00', 2, b'1'),
(35, 79.00, 5, '2024-07-07 05:00:00', '2024-07-07 05:00:00', 3, b'0'),
(36, 130.00, 19, '2024-04-23 05:00:00', '2024-04-23 05:00:00', 3, b'1'),
(37, 133.00, 11, '2024-05-07 05:00:00', '2024-05-07 05:00:00', 1, b'1'),
(38, 66.00, 16, '2024-08-12 05:00:00', '2024-08-12 05:00:00', 4, b'0'),
(39, 109.00, 6, '2024-06-23 05:00:00', '2024-06-23 05:00:00', 1, b'1'),
(40, 193.00, 39, '2024-02-10 05:00:00', '2024-02-10 05:00:00', 2, b'1'),
(41, 189.00, 37, '2024-01-22 05:00:00', '2024-01-22 05:00:00', 2, b'0'),
(42, 108.00, 8, '2024-10-18 05:00:00', '2024-10-18 05:00:00', 4, b'0'),
(43, 137.00, 27, '2024-07-03 05:00:00', '2024-07-03 05:00:00', 1, b'1'),
(44, 176.00, 29, '2024-06-07 05:00:00', '2024-06-07 05:00:00', 1, b'0'),
(45, 142.00, 28, '2024-06-12 05:00:00', '2024-06-12 05:00:00', 3, b'0'),
(46, 167.00, 22, '2024-02-08 05:00:00', '2024-02-08 05:00:00', 3, b'0'),
(47, 35.00, 18, '2024-05-08 05:00:00', '2024-05-08 05:00:00', 2, b'1'),
(48, 131.00, 9, '2024-05-22 05:00:00', '2024-05-22 05:00:00', 4, b'1'),
(49, 98.00, 39, '2024-05-07 05:00:00', '2024-05-07 05:00:00', 2, b'0'),
(50, 181.00, 25, '2024-01-29 05:00:00', '2024-01-29 05:00:00', 3, b'1'),
(51, 31.00, 29, '2024-03-06 05:00:00', '2024-03-06 05:00:00', 1, b'1'),
(52, 103.00, 26, '2024-09-07 05:00:00', '2024-09-07 05:00:00', 1, b'1'),
(53, 3.00, 11, '2024-11-09 05:00:00', '2024-11-09 05:00:00', 3, b'1'),
(54, 180.00, 26, '2024-09-07 05:00:00', '2024-09-07 05:00:00', 1, b'0'),
(55, 164.00, 33, '2024-02-10 05:00:00', '2024-02-10 05:00:00', 1, b'1'),
(56, 175.00, 1, '2024-04-26 05:00:00', '2024-04-26 05:00:00', 3, b'1'),
(57, 182.00, 32, '2024-01-29 05:00:00', '2024-01-29 05:00:00', 2, b'1'),
(58, 167.00, 18, '2024-07-13 05:00:00', '2024-07-13 05:00:00', 1, b'0'),
(59, 167.00, 4, '2024-10-10 05:00:00', '2024-10-10 05:00:00', 1, b'1'),
(60, 41.00, 9, '2024-02-22 05:00:00', '2024-02-22 05:00:00', 4, b'1'),
(61, 162.00, 6, '2024-10-02 05:00:00', '2024-10-02 05:00:00', 1, b'1'),
(62, 160.00, 14, '2024-04-18 05:00:00', '2024-04-18 05:00:00', 3, b'0'),
(63, 195.00, 22, '2024-07-01 05:00:00', '2024-07-01 05:00:00', 4, b'0'),
(64, 200.00, 8, '2024-05-28 05:00:00', '2024-05-28 05:00:00', 4, b'1'),
(65, 152.00, 35, '2024-06-16 05:00:00', '2024-06-16 05:00:00', 2, b'0'),
(66, 16.00, 6, '2024-08-14 05:00:00', '2024-08-14 05:00:00', 2, b'0'),
(67, 31.00, 14, '2024-11-01 05:00:00', '2024-11-01 05:00:00', 3, b'1'),
(68, 18.00, 28, '2024-10-21 05:00:00', '2024-10-21 05:00:00', 1, b'0'),
(69, 19.00, 36, '2024-02-28 05:00:00', '2024-02-28 05:00:00', 2, b'0'),
(70, 135.00, 20, '2024-08-31 05:00:00', '2024-08-31 05:00:00', 3, b'1'),
(71, 31.00, 5, '2024-07-20 05:00:00', '2024-07-20 05:00:00', 2, b'0'),
(72, 39.00, 21, '2024-10-02 05:00:00', '2024-10-02 05:00:00', 2, b'0'),
(73, 27.00, 28, '2024-04-11 05:00:00', '2024-04-11 05:00:00', 1, b'0'),
(74, 199.00, 22, '2024-09-10 05:00:00', '2024-09-10 05:00:00', 1, b'0'),
(75, 96.00, 27, '2024-09-02 05:00:00', '2024-09-02 05:00:00', 2, b'1'),
(76, 198.00, 3, '2024-04-21 05:00:00', '2024-04-21 05:00:00', 1, b'0'),
(77, 64.00, 18, '2024-05-15 05:00:00', '2024-05-15 05:00:00', 1, b'1'),
(78, 175.00, 17, '2024-01-01 05:00:00', '2024-01-01 05:00:00', 4, b'1'),
(79, 94.00, 4, '2024-08-11 05:00:00', '2024-08-11 05:00:00', 4, b'0'),
(80, 74.00, 23, '2024-02-19 05:00:00', '2024-02-19 05:00:00', 2, b'1'),
(81, 189.00, 39, '2024-01-02 05:00:00', '2024-01-02 05:00:00', 2, b'1'),
(82, 152.00, 5, '2024-06-24 05:00:00', '2024-06-24 05:00:00', 3, b'0'),
(83, 103.00, 18, '2024-07-13 05:00:00', '2024-07-13 05:00:00', 4, b'1'),
(84, 181.00, 35, '2024-01-29 05:00:00', '2024-01-29 05:00:00', 2, b'1'),
(85, 111.00, 9, '2024-08-26 05:00:00', '2024-08-26 05:00:00', 4, b'1'),
(86, 165.00, 34, '2024-04-06 05:00:00', '2024-04-06 05:00:00', 1, b'0'),
(87, 30.00, 8, '2024-01-01 05:00:00', '2024-01-01 05:00:00', 3, b'1'),
(88, 168.00, 4, '2024-07-18 05:00:00', '2024-07-18 05:00:00', 4, b'0'),
(89, 121.00, 35, '2024-07-05 05:00:00', '2024-07-05 05:00:00', 1, b'1'),
(90, 128.00, 31, '2024-04-19 05:00:00', '2024-04-19 05:00:00', 4, b'1'),
(91, 8.00, 28, '2024-05-19 05:00:00', '2024-05-19 05:00:00', 1, b'1'),
(92, 149.00, 21, '2024-10-14 05:00:00', '2024-10-14 05:00:00', 3, b'0'),
(93, 51.00, 20, '2024-03-15 05:00:00', '2024-03-15 05:00:00', 2, b'1'),
(94, 146.00, 13, '2024-06-23 05:00:00', '2024-06-23 05:00:00', 2, b'1'),
(95, 111.00, 34, '2024-01-16 05:00:00', '2024-01-16 05:00:00', 4, b'1'),
(96, 98.00, 37, '2024-04-02 05:00:00', '2024-04-02 05:00:00', 2, b'0'),
(97, 112.00, 7, '2024-09-17 05:00:00', '2024-09-17 05:00:00', 3, b'0'),
(98, 90.00, 37, '2024-01-05 05:00:00', '2024-01-05 05:00:00', 4, b'1'),
(99, 156.00, 21, '2024-10-19 05:00:00', '2024-10-19 05:00:00', 3, b'0'),
(100, 75.00, 3, '2024-09-18 05:00:00', '2024-09-18 05:00:00', 1, b'1'),
(101, 33.00, 26, '2024-01-21 05:00:00', '2024-01-21 05:00:00', 1, b'0'),
(102, 95.00, 26, '2024-09-25 05:00:00', '2024-09-25 05:00:00', 3, b'0'),
(103, 146.00, 23, '2024-10-22 05:00:00', '2024-10-22 05:00:00', 3, b'1'),
(104, 124.00, 38, '2024-06-18 05:00:00', '2024-06-18 05:00:00', 1, b'1'),
(105, 97.00, 5, '2024-07-02 05:00:00', '2024-07-02 05:00:00', 2, b'0'),
(106, 132.00, 9, '2024-10-07 05:00:00', '2024-10-07 05:00:00', 4, b'0'),
(107, 87.00, 24, '2024-09-07 05:00:00', '2024-09-07 05:00:00', 1, b'0'),
(108, 146.00, 16, '2024-09-04 05:00:00', '2024-09-04 05:00:00', 2, b'1'),
(109, 126.00, 18, '2024-09-01 05:00:00', '2024-09-01 05:00:00', 1, b'1'),
(110, 186.00, 37, '2024-06-26 05:00:00', '2024-06-26 05:00:00', 4, b'0'),
(111, 145.00, 39, '2024-09-08 05:00:00', '2024-09-08 05:00:00', 4, b'1'),
(112, 65.00, 5, '2024-05-08 05:00:00', '2024-05-08 05:00:00', 1, b'1'),
(113, 123.00, 21, '2024-06-29 05:00:00', '2024-06-29 05:00:00', 2, b'1'),
(114, 25.00, 23, '2024-03-04 05:00:00', '2024-03-04 05:00:00', 1, b'0'),
(115, 144.00, 32, '2024-03-29 05:00:00', '2024-03-29 05:00:00', 2, b'0'),
(116, 175.00, 20, '2024-05-25 05:00:00', '2024-05-25 05:00:00', 3, b'0'),
(117, 25.00, 4, '2024-08-15 05:00:00', '2024-08-15 05:00:00', 2, b'0'),
(118, 11.00, 9, '2024-04-11 05:00:00', '2024-04-11 05:00:00', 1, b'1'),
(119, 66.00, 24, '2024-04-15 05:00:00', '2024-04-15 05:00:00', 2, b'0'),
(120, 32.00, 31, '2024-04-04 05:00:00', '2024-04-04 05:00:00', 4, b'1'),
(121, 108.00, 4, '2024-07-19 05:00:00', '2024-07-19 05:00:00', 3, b'0'),
(122, 68.00, 1, '2024-08-05 05:00:00', '2024-08-05 05:00:00', 2, b'0'),
(123, 147.00, 4, '2024-05-31 05:00:00', '2024-05-31 05:00:00', 4, b'0'),
(124, 131.00, 15, '2024-04-06 05:00:00', '2024-04-06 05:00:00', 2, b'1'),
(125, 61.00, 10, '2024-02-11 05:00:00', '2024-02-11 05:00:00', 3, b'1'),
(126, 113.00, 17, '2024-10-10 05:00:00', '2024-10-10 05:00:00', 2, b'0'),
(127, 184.00, 33, '2024-09-17 05:00:00', '2024-09-17 05:00:00', 1, b'0'),
(128, 56.00, 4, '2024-10-24 05:00:00', '2024-10-24 05:00:00', 4, b'0'),
(129, 125.00, 24, '2024-07-08 05:00:00', '2024-07-08 05:00:00', 1, b'1'),
(130, 21.00, 29, '2024-01-24 05:00:00', '2024-01-24 05:00:00', 1, b'0'),
(131, 122.00, 7, '2024-02-18 05:00:00', '2024-02-18 05:00:00', 4, b'1'),
(132, 124.00, 26, '2024-09-23 05:00:00', '2024-09-23 05:00:00', 4, b'0'),
(133, 185.00, 25, '2024-05-16 05:00:00', '2024-05-16 05:00:00', 4, b'0'),
(134, 71.00, 24, '2024-05-22 05:00:00', '2024-05-22 05:00:00', 1, b'0'),
(135, 72.00, 27, '2024-09-03 05:00:00', '2024-09-03 05:00:00', 2, b'0'),
(136, 45.00, 39, '2024-11-03 05:00:00', '2024-11-03 05:00:00', 4, b'1'),
(137, 63.00, 36, '2024-07-30 05:00:00', '2024-07-30 05:00:00', 1, b'0'),
(138, 193.00, 16, '2024-08-15 05:00:00', '2024-08-15 05:00:00', 2, b'0'),
(139, 118.00, 26, '2024-05-12 05:00:00', '2024-05-12 05:00:00', 2, b'1'),
(140, 87.00, 7, '2024-02-25 05:00:00', '2024-02-25 05:00:00', 1, b'1'),
(141, 186.00, 23, '2024-09-27 05:00:00', '2024-09-27 05:00:00', 4, b'1'),
(142, 187.00, 32, '2024-05-06 05:00:00', '2024-05-06 05:00:00', 4, b'0'),
(143, 164.00, 38, '2024-01-24 05:00:00', '2024-01-24 05:00:00', 2, b'1'),
(144, 92.00, 21, '2024-04-11 05:00:00', '2024-04-11 05:00:00', 2, b'1'),
(145, 25.00, 35, '2024-07-05 05:00:00', '2024-07-05 05:00:00', 3, b'1'),
(146, 65.00, 14, '2024-02-01 05:00:00', '2024-02-01 05:00:00', 4, b'0'),
(147, 114.00, 40, '2024-02-12 05:00:00', '2024-02-12 05:00:00', 2, b'0'),
(148, 170.00, 16, '2024-02-22 05:00:00', '2024-02-22 05:00:00', 1, b'0'),
(149, 15.00, 16, '2024-09-11 05:00:00', '2024-09-11 05:00:00', 3, b'1'),
(150, 40.00, 10, '2024-10-28 05:00:00', '2024-10-28 05:00:00', 3, b'1'),
(151, 190.00, 1, '2024-08-04 05:00:00', '2024-08-04 05:00:00', 3, b'1'),
(152, 184.00, 4, '2024-06-25 05:00:00', '2024-06-25 05:00:00', 1, b'0'),
(153, 84.00, 21, '2024-05-10 05:00:00', '2024-05-10 05:00:00', 2, b'1'),
(154, 3.00, 22, '2024-08-23 05:00:00', '2024-08-23 05:00:00', 1, b'1'),
(155, 167.00, 13, '2024-04-28 05:00:00', '2024-04-28 05:00:00', 1, b'0'),
(156, 97.00, 30, '2024-09-02 05:00:00', '2024-09-02 05:00:00', 1, b'0'),
(157, 0.00, 28, '2024-07-17 05:00:00', '2024-07-17 05:00:00', 4, b'0'),
(158, 8.00, 19, '2024-02-29 05:00:00', '2024-02-29 05:00:00', 4, b'0'),
(159, 66.00, 27, '2024-08-05 05:00:00', '2024-08-05 05:00:00', 1, b'1'),
(160, 157.00, 15, '2024-07-29 05:00:00', '2024-07-29 05:00:00', 1, b'0'),
(161, 0.00, 27, '2024-04-24 05:00:00', '2024-04-24 05:00:00', 4, b'1'),
(162, 199.00, 25, '2024-10-27 05:00:00', '2024-10-27 05:00:00', 3, b'1'),
(163, 111.00, 39, '2024-02-26 05:00:00', '2024-02-26 05:00:00', 4, b'0'),
(164, 16.00, 25, '2024-08-07 05:00:00', '2024-08-07 05:00:00', 2, b'0'),
(165, 41.00, 12, '2024-03-24 05:00:00', '2024-03-24 05:00:00', 3, b'0'),
(166, 153.00, 28, '2024-04-18 05:00:00', '2024-04-18 05:00:00', 3, b'1'),
(167, 20.00, 27, '2024-03-19 05:00:00', '2024-03-19 05:00:00', 3, b'1'),
(168, 29.00, 14, '2024-10-05 05:00:00', '2024-10-05 05:00:00', 2, b'0'),
(169, 101.00, 15, '2024-01-16 05:00:00', '2024-01-16 05:00:00', 4, b'1'),
(170, 0.00, 39, '2024-02-16 05:00:00', '2024-02-16 05:00:00', 1, b'1'),
(171, 188.00, 18, '2024-08-18 05:00:00', '2024-08-18 05:00:00', 4, b'0'),
(172, 70.00, 7, '2024-02-21 05:00:00', '2024-02-21 05:00:00', 4, b'0'),
(173, 129.00, 12, '2024-06-04 05:00:00', '2024-06-04 05:00:00', 3, b'1'),
(174, 29.00, 1, '2024-06-28 05:00:00', '2024-06-28 05:00:00', 2, b'1'),
(175, 183.00, 4, '2024-11-07 05:00:00', '2024-11-07 05:00:00', 3, b'1'),
(176, 77.00, 18, '2024-09-21 05:00:00', '2024-09-21 05:00:00', 3, b'1'),
(177, 74.00, 11, '2024-05-31 05:00:00', '2024-05-31 05:00:00', 1, b'0'),
(178, 34.00, 10, '2024-06-30 05:00:00', '2024-06-30 05:00:00', 4, b'1'),
(179, 89.00, 28, '2024-02-24 05:00:00', '2024-02-24 05:00:00', 1, b'1'),
(180, 18.00, 14, '2024-02-23 05:00:00', '2024-02-23 05:00:00', 2, b'0'),
(181, 151.00, 10, '2024-08-09 05:00:00', '2024-08-09 05:00:00', 3, b'0'),
(182, 151.00, 3, '2024-07-08 05:00:00', '2024-07-08 05:00:00', 3, b'0'),
(183, 179.00, 16, '2024-05-02 05:00:00', '2024-05-02 05:00:00', 1, b'1'),
(184, 169.00, 25, '2024-03-16 05:00:00', '2024-03-16 05:00:00', 4, b'1'),
(185, 173.00, 34, '2024-09-09 05:00:00', '2024-09-09 05:00:00', 3, b'1'),
(186, 40.00, 24, '2024-07-20 05:00:00', '2024-07-20 05:00:00', 1, b'1'),
(187, 131.00, 30, '2024-07-10 05:00:00', '2024-07-10 05:00:00', 2, b'0'),
(188, 66.00, 17, '2024-04-29 05:00:00', '2024-04-29 05:00:00', 4, b'1'),
(189, 70.00, 25, '2024-09-04 05:00:00', '2024-09-04 05:00:00', 4, b'0'),
(190, 133.00, 36, '2024-09-02 05:00:00', '2024-09-02 05:00:00', 2, b'1'),
(191, 27.00, 37, '2024-06-21 05:00:00', '2024-06-21 05:00:00', 1, b'1'),
(192, 139.00, 17, '2024-04-23 05:00:00', '2024-04-23 05:00:00', 2, b'0'),
(193, 92.00, 28, '2024-02-20 05:00:00', '2024-02-20 05:00:00', 3, b'0'),
(194, 5.00, 15, '2024-01-16 05:00:00', '2024-01-16 05:00:00', 4, b'0'),
(195, 28.00, 8, '2024-04-16 05:00:00', '2024-04-16 05:00:00', 3, b'1'),
(196, 9.00, 13, '2024-01-09 05:00:00', '2024-01-09 05:00:00', 2, b'0'),
(197, 21.00, 31, '2024-05-11 05:00:00', '2024-05-11 05:00:00', 2, b'0'),
(198, 157.00, 2, '2024-04-18 05:00:00', '2024-04-18 05:00:00', 2, b'1'),
(199, 38.00, 4, '2024-09-25 05:00:00', '2024-09-25 05:00:00', 3, b'0'),
(200, 35.00, 37, '2024-01-28 05:00:00', '2024-01-28 05:00:00', 4, b'0'),
(201, 79.00, 27, '2024-03-14 05:00:00', '2024-03-14 05:00:00', 3, b'1'),
(202, 160.00, 9, '2024-03-05 05:00:00', '2024-03-05 05:00:00', 3, b'1'),
(203, 191.00, 12, '2024-08-05 05:00:00', '2024-08-05 05:00:00', 4, b'1'),
(204, 67.00, 8, '2024-06-10 05:00:00', '2024-06-10 05:00:00', 4, b'1'),
(205, 52.00, 11, '2024-11-02 05:00:00', '2024-11-02 05:00:00', 1, b'1'),
(206, 24.00, 30, '2024-03-25 05:00:00', '2024-03-25 05:00:00', 3, b'0'),
(207, 92.00, 15, '2024-06-08 05:00:00', '2024-06-08 05:00:00', 4, b'1'),
(208, 184.00, 23, '2024-06-06 05:00:00', '2024-06-06 05:00:00', 3, b'1'),
(209, 52.00, 2, '2024-10-17 05:00:00', '2024-10-17 05:00:00', 2, b'1'),
(210, 89.00, 8, '2024-01-31 05:00:00', '2024-01-31 05:00:00', 4, b'1'),
(211, 52.00, 31, '2024-11-02 05:00:00', '2024-11-02 05:00:00', 4, b'0'),
(212, 174.00, 35, '2024-02-04 05:00:00', '2024-02-04 05:00:00', 2, b'0'),
(213, 85.00, 6, '2024-01-22 05:00:00', '2024-01-22 05:00:00', 4, b'0'),
(214, 130.00, 28, '2024-07-03 05:00:00', '2024-07-03 05:00:00', 2, b'0'),
(215, 159.00, 28, '2024-02-13 05:00:00', '2024-02-13 05:00:00', 4, b'1'),
(216, 68.00, 4, '2024-02-11 05:00:00', '2024-02-11 05:00:00', 3, b'1'),
(217, 109.00, 38, '2024-07-05 05:00:00', '2024-07-05 05:00:00', 3, b'0'),
(218, 158.00, 17, '2024-05-15 05:00:00', '2024-05-15 05:00:00', 2, b'1'),
(219, 90.00, 22, '2024-01-17 05:00:00', '2024-01-17 05:00:00', 3, b'1'),
(220, 126.00, 28, '2024-02-08 05:00:00', '2024-02-08 05:00:00', 1, b'0'),
(221, 48.00, 37, '2024-10-15 05:00:00', '2024-10-15 05:00:00', 1, b'0'),
(222, 95.00, 2, '2024-03-14 05:00:00', '2024-03-14 05:00:00', 3, b'0'),
(223, 81.00, 29, '2024-09-03 05:00:00', '2024-09-03 05:00:00', 4, b'1'),
(224, 83.00, 22, '2024-08-30 05:00:00', '2024-08-30 05:00:00', 4, b'1'),
(225, 72.00, 28, '2024-07-13 05:00:00', '2024-07-13 05:00:00', 4, b'0'),
(226, 194.00, 20, '2024-03-18 05:00:00', '2024-03-18 05:00:00', 3, b'0'),
(227, 72.00, 33, '2024-02-21 05:00:00', '2024-02-21 05:00:00', 4, b'1'),
(228, 168.00, 7, '2024-04-10 05:00:00', '2024-04-10 05:00:00', 4, b'1'),
(229, 199.00, 34, '2024-04-23 05:00:00', '2024-04-23 05:00:00', 4, b'0'),
(230, 4.00, 21, '2024-10-10 05:00:00', '2024-10-10 05:00:00', 2, b'0'),
(231, 115.00, 11, '2024-04-14 05:00:00', '2024-04-14 05:00:00', 1, b'1'),
(232, 73.00, 28, '2024-07-09 05:00:00', '2024-07-09 05:00:00', 1, b'1'),
(233, 102.00, 2, '2024-06-28 05:00:00', '2024-06-28 05:00:00', 4, b'1'),
(234, 156.00, 23, '2024-04-02 05:00:00', '2024-04-02 05:00:00', 4, b'0'),
(235, 87.00, 17, '2024-07-05 05:00:00', '2024-07-05 05:00:00', 4, b'0'),
(236, 49.00, 12, '2024-09-25 05:00:00', '2024-09-25 05:00:00', 1, b'1'),
(237, 82.00, 21, '2024-06-26 05:00:00', '2024-06-26 05:00:00', 4, b'1'),
(238, 127.00, 2, '2024-05-15 05:00:00', '2024-05-15 05:00:00', 2, b'1'),
(239, 144.00, 12, '2024-02-01 05:00:00', '2024-02-01 05:00:00', 2, b'1'),
(240, 187.00, 24, '2024-05-30 05:00:00', '2024-05-30 05:00:00', 3, b'0'),
(241, 196.00, 39, '2024-06-09 05:00:00', '2024-06-09 05:00:00', 3, b'1'),
(242, 158.00, 27, '2024-07-05 05:00:00', '2024-07-05 05:00:00', 2, b'0'),
(243, 6.00, 24, '2024-08-24 05:00:00', '2024-08-24 05:00:00', 3, b'1'),
(244, 72.00, 9, '2024-02-16 05:00:00', '2024-02-16 05:00:00', 1, b'0'),
(245, 178.00, 39, '2024-08-10 05:00:00', '2024-08-10 05:00:00', 4, b'1'),
(246, 180.00, 2, '2024-10-23 05:00:00', '2024-10-23 05:00:00', 2, b'1'),
(247, 48.00, 13, '2024-11-03 05:00:00', '2024-11-03 05:00:00', 1, b'0'),
(248, 97.00, 3, '2024-07-20 05:00:00', '2024-07-20 05:00:00', 2, b'1'),
(249, 135.00, 14, '2024-07-07 05:00:00', '2024-07-07 05:00:00', 1, b'0'),
(250, 27.00, 32, '2024-08-01 05:00:00', '2024-08-01 05:00:00', 1, b'1'),
(251, 107.00, 34, '2024-06-04 05:00:00', '2024-06-04 05:00:00', 1, b'0'),
(252, 114.00, 16, '2024-03-21 05:00:00', '2024-03-21 05:00:00', 3, b'0'),
(253, 158.00, 12, '2024-06-18 05:00:00', '2024-06-18 05:00:00', 4, b'1'),
(254, 81.00, 16, '2024-09-07 05:00:00', '2024-09-07 05:00:00', 1, b'1'),
(255, 185.00, 35, '2024-08-09 05:00:00', '2024-08-09 05:00:00', 1, b'0'),
(256, 20.00, 19, '2024-06-24 05:00:00', '2024-06-24 05:00:00', 2, b'1'),
(257, 136.00, 39, '2024-09-15 05:00:00', '2024-09-15 05:00:00', 3, b'1'),
(258, 163.00, 40, '2024-06-06 05:00:00', '2024-06-06 05:00:00', 2, b'0'),
(259, 16.00, 36, '2024-09-13 05:00:00', '2024-09-13 05:00:00', 3, b'0'),
(260, 122.00, 2, '2024-03-15 05:00:00', '2024-03-15 05:00:00', 1, b'1'),
(261, 175.00, 9, '2024-03-30 05:00:00', '2024-03-30 05:00:00', 3, b'0'),
(262, 63.00, 10, '2024-10-19 05:00:00', '2024-10-19 05:00:00', 3, b'1'),
(263, 121.00, 15, '2024-09-06 05:00:00', '2024-09-06 05:00:00', 2, b'1'),
(264, 48.00, 37, '2024-04-06 05:00:00', '2024-04-06 05:00:00', 4, b'1'),
(265, 196.00, 37, '2024-03-04 05:00:00', '2024-03-04 05:00:00', 2, b'0'),
(266, 120.00, 40, '2024-05-18 05:00:00', '2024-05-18 05:00:00', 1, b'0'),
(267, 80.00, 39, '2024-05-19 05:00:00', '2024-05-19 05:00:00', 4, b'1'),
(268, 4.00, 34, '2024-07-12 05:00:00', '2024-07-12 05:00:00', 2, b'1'),
(269, 151.00, 11, '2024-06-30 05:00:00', '2024-06-30 05:00:00', 2, b'1'),
(270, 192.00, 31, '2024-06-20 05:00:00', '2024-06-20 05:00:00', 3, b'0'),
(271, 197.00, 3, '2024-06-28 05:00:00', '2024-06-28 05:00:00', 2, b'0'),
(272, 133.00, 15, '2024-06-20 05:00:00', '2024-06-20 05:00:00', 4, b'1'),
(273, 32.00, 16, '2024-08-18 05:00:00', '2024-08-18 05:00:00', 3, b'0'),
(274, 107.00, 13, '2024-04-08 05:00:00', '2024-04-08 05:00:00', 1, b'0'),
(275, 24.00, 28, '2024-09-19 05:00:00', '2024-09-19 05:00:00', 3, b'0'),
(276, 110.00, 33, '2024-04-09 05:00:00', '2024-04-09 05:00:00', 3, b'1'),
(277, 58.00, 39, '2024-08-03 05:00:00', '2024-08-03 05:00:00', 4, b'0'),
(278, 44.00, 25, '2024-02-04 05:00:00', '2024-02-04 05:00:00', 4, b'0'),
(279, 183.00, 30, '2024-06-12 05:00:00', '2024-06-12 05:00:00', 3, b'1'),
(280, 124.00, 6, '2024-09-23 05:00:00', '2024-09-23 05:00:00', 2, b'1'),
(281, 195.00, 8, '2024-08-28 05:00:00', '2024-08-28 05:00:00', 1, b'1'),
(282, 179.00, 18, '2024-09-05 05:00:00', '2024-09-05 05:00:00', 2, b'0'),
(283, 131.00, 14, '2024-04-16 05:00:00', '2024-04-16 05:00:00', 2, b'1'),
(284, 183.00, 8, '2024-08-09 05:00:00', '2024-08-09 05:00:00', 4, b'0'),
(285, 1.00, 18, '2024-06-28 05:00:00', '2024-06-28 05:00:00', 4, b'1'),
(286, 128.00, 23, '2024-09-22 05:00:00', '2024-09-22 05:00:00', 3, b'0'),
(287, 60.00, 9, '2024-01-26 05:00:00', '2024-01-26 05:00:00', 4, b'1'),
(288, 21.00, 13, '2024-10-29 05:00:00', '2024-10-29 05:00:00', 1, b'0'),
(289, 58.00, 10, '2024-08-24 05:00:00', '2024-08-24 05:00:00', 3, b'1'),
(290, 174.00, 7, '2024-02-11 05:00:00', '2024-02-11 05:00:00', 2, b'1'),
(291, 157.00, 29, '2024-11-08 05:00:00', '2024-11-08 05:00:00', 3, b'0'),
(292, 65.00, 29, '2024-08-21 05:00:00', '2024-08-21 05:00:00', 1, b'1'),
(293, 142.00, 28, '2024-01-04 05:00:00', '2024-01-04 05:00:00', 1, b'1'),
(294, 183.00, 32, '2024-07-07 05:00:00', '2024-07-07 05:00:00', 4, b'1'),
(295, 28.00, 12, '2024-10-30 05:00:00', '2024-10-30 05:00:00', 3, b'1'),
(296, 123.00, 24, '2024-03-27 05:00:00', '2024-03-27 05:00:00', 2, b'0'),
(297, 195.00, 30, '2024-01-15 05:00:00', '2024-01-15 05:00:00', 1, b'1'),
(298, 171.00, 33, '2024-11-02 05:00:00', '2024-11-02 05:00:00', 3, b'0'),
(299, 65.00, 1, '2024-01-02 05:00:00', '2024-01-02 05:00:00', 3, b'1'),
(300, 69.00, 20, '2024-01-17 05:00:00', '2024-01-17 05:00:00', 3, b'0'),
(301, 89.00, 10, '2024-09-28 05:00:00', '2024-09-28 05:00:00', 3, b'0'),
(302, 113.00, 17, '2024-07-10 05:00:00', '2024-07-10 05:00:00', 2, b'1'),
(303, 107.00, 40, '2024-05-21 05:00:00', '2024-05-21 05:00:00', 1, b'0'),
(304, 114.00, 23, '2024-02-11 05:00:00', '2024-02-11 05:00:00', 1, b'1'),
(305, 63.00, 31, '2024-02-09 05:00:00', '2024-02-09 05:00:00', 1, b'1'),
(306, 141.00, 4, '2024-05-25 05:00:00', '2024-05-25 05:00:00', 1, b'1'),
(307, 167.00, 12, '2024-06-24 05:00:00', '2024-06-24 05:00:00', 1, b'1'),
(308, 50.00, 39, '2024-07-16 05:00:00', '2024-07-16 05:00:00', 1, b'1'),
(309, 156.00, 28, '2024-04-24 05:00:00', '2024-04-24 05:00:00', 4, b'1'),
(310, 86.00, 5, '2024-03-20 05:00:00', '2024-03-20 05:00:00', 4, b'1'),
(311, 75.00, 31, '2024-07-09 05:00:00', '2024-07-09 05:00:00', 3, b'1'),
(312, 66.00, 25, '2024-02-09 05:00:00', '2024-02-09 05:00:00', 2, b'0'),
(313, 113.00, 37, '2024-07-19 05:00:00', '2024-07-19 05:00:00', 1, b'1'),
(314, 186.00, 16, '2024-06-24 05:00:00', '2024-06-24 05:00:00', 4, b'1'),
(315, 159.00, 33, '2024-06-29 05:00:00', '2024-06-29 05:00:00', 4, b'1'),
(316, 168.00, 38, '2024-11-10 05:00:00', '2024-11-10 05:00:00', 4, b'1'),
(317, 69.00, 10, '2024-04-19 05:00:00', '2024-04-19 05:00:00', 2, b'0'),
(318, 97.00, 25, '2024-05-21 05:00:00', '2024-05-21 05:00:00', 3, b'0'),
(319, 46.00, 30, '2024-06-05 05:00:00', '2024-06-05 05:00:00', 3, b'0'),
(320, 16.00, 5, '2024-06-09 05:00:00', '2024-06-09 05:00:00', 3, b'0'),
(321, 8.00, 34, '2024-07-19 05:00:00', '2024-07-19 05:00:00', 4, b'1'),
(322, 139.00, 37, '2024-07-24 05:00:00', '2024-07-24 05:00:00', 4, b'1'),
(323, 64.00, 6, '2024-01-17 05:00:00', '2024-01-17 05:00:00', 1, b'0'),
(324, 11.00, 12, '2024-02-21 05:00:00', '2024-02-21 05:00:00', 1, b'0'),
(325, 184.00, 12, '2024-04-23 05:00:00', '2024-04-23 05:00:00', 2, b'0'),
(326, 84.00, 29, '2024-10-11 05:00:00', '2024-10-11 05:00:00', 4, b'1'),
(327, 180.00, 13, '2024-07-18 05:00:00', '2024-07-18 05:00:00', 1, b'1'),
(328, 28.00, 15, '2024-09-14 05:00:00', '2024-09-14 05:00:00', 1, b'0'),
(329, 178.00, 9, '2024-02-03 05:00:00', '2024-02-03 05:00:00', 1, b'0'),
(330, 123.00, 17, '2024-09-27 05:00:00', '2024-09-27 05:00:00', 2, b'1'),
(331, 190.00, 20, '2024-08-16 05:00:00', '2024-08-16 05:00:00', 2, b'1'),
(332, 28.00, 5, '2024-05-24 05:00:00', '2024-05-24 05:00:00', 3, b'0'),
(333, 59.00, 6, '2024-01-28 05:00:00', '2024-01-28 05:00:00', 3, b'1'),
(334, 91.00, 37, '2024-04-17 05:00:00', '2024-04-17 05:00:00', 4, b'1'),
(335, 56.00, 11, '2024-04-07 05:00:00', '2024-04-07 05:00:00', 1, b'1'),
(336, 30.00, 23, '2024-02-15 05:00:00', '2024-02-15 05:00:00', 2, b'0'),
(337, 112.00, 10, '2024-02-25 05:00:00', '2024-02-25 05:00:00', 3, b'1'),
(338, 32.00, 3, '2024-01-12 05:00:00', '2024-01-12 05:00:00', 1, b'1'),
(339, 168.00, 27, '2024-10-10 05:00:00', '2024-10-10 05:00:00', 2, b'1'),
(340, 166.00, 27, '2024-02-04 05:00:00', '2024-02-04 05:00:00', 2, b'1'),
(341, 188.00, 25, '2024-05-27 05:00:00', '2024-05-27 05:00:00', 3, b'1'),
(342, 78.00, 11, '2024-06-13 05:00:00', '2024-06-13 05:00:00', 3, b'1'),
(343, 66.00, 21, '2024-01-10 05:00:00', '2024-01-10 05:00:00', 1, b'0'),
(344, 70.00, 29, '2024-10-23 05:00:00', '2024-10-23 05:00:00', 1, b'1'),
(345, 93.00, 35, '2024-03-17 05:00:00', '2024-03-17 05:00:00', 3, b'1'),
(346, 156.00, 23, '2024-10-02 05:00:00', '2024-10-02 05:00:00', 2, b'1'),
(347, 21.00, 14, '2024-10-31 05:00:00', '2024-10-31 05:00:00', 4, b'1'),
(348, 176.00, 12, '2024-07-05 05:00:00', '2024-07-05 05:00:00', 1, b'1'),
(349, 91.00, 5, '2024-03-09 05:00:00', '2024-03-09 05:00:00', 1, b'0'),
(350, 185.00, 33, '2024-01-07 05:00:00', '2024-01-07 05:00:00', 3, b'0'),
(351, 169.00, 21, '2024-01-01 05:00:00', '2024-01-01 05:00:00', 2, b'1'),
(352, 71.00, 22, '2024-08-21 05:00:00', '2024-08-21 05:00:00', 3, b'1'),
(353, 52.00, 40, '2024-07-10 05:00:00', '2024-07-10 05:00:00', 3, b'0'),
(354, 171.00, 4, '2024-09-24 05:00:00', '2024-09-24 05:00:00', 3, b'0'),
(355, 192.00, 35, '2024-01-31 05:00:00', '2024-01-31 05:00:00', 2, b'0'),
(356, 27.00, 22, '2024-05-02 05:00:00', '2024-05-02 05:00:00', 4, b'1'),
(357, 132.00, 17, '2024-01-12 05:00:00', '2024-01-12 05:00:00', 2, b'1'),
(358, 130.00, 26, '2024-08-15 05:00:00', '2024-08-15 05:00:00', 4, b'0'),
(359, 152.00, 23, '2024-06-26 05:00:00', '2024-06-26 05:00:00', 4, b'1'),
(360, 192.00, 20, '2024-10-18 05:00:00', '2024-10-18 05:00:00', 4, b'1'),
(361, 169.00, 13, '2024-01-30 05:00:00', '2024-01-30 05:00:00', 2, b'0'),
(362, 71.00, 1, '2024-04-25 05:00:00', '2024-04-25 05:00:00', 2, b'0'),
(363, 150.00, 12, '2024-10-29 05:00:00', '2024-10-29 05:00:00', 4, b'1'),
(364, 71.00, 16, '2024-10-04 05:00:00', '2024-10-04 05:00:00', 2, b'1'),
(365, 153.00, 6, '2024-08-21 05:00:00', '2024-08-21 05:00:00', 1, b'1'),
(366, 199.00, 33, '2024-06-26 05:00:00', '2024-06-26 05:00:00', 2, b'1'),
(367, 190.00, 21, '2024-11-01 05:00:00', '2024-11-01 05:00:00', 4, b'0'),
(368, 194.00, 5, '2024-07-06 05:00:00', '2024-07-06 05:00:00', 2, b'1'),
(369, 92.00, 30, '2024-09-08 05:00:00', '2024-09-08 05:00:00', 4, b'0'),
(370, 53.00, 11, '2024-06-21 05:00:00', '2024-06-21 05:00:00', 2, b'0'),
(371, 143.00, 36, '2024-03-07 05:00:00', '2024-03-07 05:00:00', 3, b'1'),
(372, 51.00, 1, '2024-06-25 05:00:00', '2024-06-25 05:00:00', 3, b'1'),
(373, 19.00, 28, '2024-03-29 05:00:00', '2024-03-29 05:00:00', 1, b'0'),
(374, 120.00, 9, '2024-07-16 05:00:00', '2024-07-16 05:00:00', 1, b'0'),
(375, 95.00, 24, '2024-03-01 05:00:00', '2024-03-01 05:00:00', 1, b'1'),
(376, 110.00, 27, '2024-05-11 05:00:00', '2024-05-11 05:00:00', 2, b'0'),
(377, 99.00, 23, '2024-02-03 05:00:00', '2024-02-03 05:00:00', 4, b'0'),
(378, 190.00, 32, '2024-04-03 05:00:00', '2024-04-03 05:00:00', 2, b'1'),
(379, 64.00, 39, '2024-10-27 05:00:00', '2024-10-27 05:00:00', 3, b'1'),
(380, 16.00, 6, '2024-06-03 05:00:00', '2024-06-03 05:00:00', 4, b'0'),
(381, 118.00, 24, '2024-03-14 05:00:00', '2024-03-14 05:00:00', 2, b'0'),
(382, 33.00, 19, '2024-03-25 05:00:00', '2024-03-25 05:00:00', 1, b'1'),
(383, 89.00, 35, '2024-03-28 05:00:00', '2024-03-28 05:00:00', 1, b'0'),
(384, 17.00, 6, '2024-08-19 05:00:00', '2024-08-19 05:00:00', 1, b'1'),
(385, 154.00, 29, '2024-02-13 05:00:00', '2024-02-13 05:00:00', 3, b'1'),
(386, 130.00, 34, '2024-09-08 05:00:00', '2024-09-08 05:00:00', 3, b'1'),
(387, 59.00, 5, '2024-10-22 05:00:00', '2024-10-22 05:00:00', 2, b'0'),
(388, 153.00, 1, '2024-04-05 05:00:00', '2024-04-05 05:00:00', 2, b'0'),
(389, 174.00, 31, '2024-07-06 05:00:00', '2024-07-06 05:00:00', 1, b'1'),
(390, 185.00, 6, '2024-05-05 05:00:00', '2024-05-05 05:00:00', 4, b'0'),
(391, 74.00, 19, '2024-02-25 05:00:00', '2024-02-25 05:00:00', 3, b'0'),
(392, 172.00, 14, '2024-09-09 05:00:00', '2024-09-09 05:00:00', 4, b'0'),
(393, 195.00, 9, '2024-09-22 05:00:00', '2024-09-22 05:00:00', 1, b'1'),
(394, 6.00, 33, '2024-03-13 05:00:00', '2024-03-13 05:00:00', 2, b'1'),
(395, 48.00, 30, '2024-08-29 05:00:00', '2024-08-29 05:00:00', 2, b'0'),
(396, 86.00, 10, '2024-02-11 05:00:00', '2024-02-11 05:00:00', 3, b'1'),
(397, 85.00, 26, '2024-10-27 05:00:00', '2024-10-27 05:00:00', 1, b'1'),
(398, 60.00, 13, '2024-04-02 05:00:00', '2024-04-02 05:00:00', 3, b'0'),
(399, 1.00, 5, '2024-05-05 05:00:00', '2024-05-05 05:00:00', 1, b'0'),
(400, 136.00, 38, '2024-07-05 05:00:00', '2024-07-05 05:00:00', 4, b'0'),
(401, 199.00, 19, '2024-03-02 05:00:00', '2024-03-02 05:00:00', 2, b'0'),
(402, 65.00, 28, '2024-08-22 05:00:00', '2024-08-22 05:00:00', 1, b'1'),
(403, 13.00, 20, '2024-11-02 05:00:00', '2024-11-02 05:00:00', 2, b'0'),
(404, 173.00, 9, '2024-08-06 05:00:00', '2024-08-06 05:00:00', 1, b'0'),
(405, 22.00, 11, '2024-02-16 05:00:00', '2024-02-16 05:00:00', 4, b'1'),
(406, 131.00, 28, '2024-11-06 05:00:00', '2024-11-06 05:00:00', 2, b'1'),
(407, 3.00, 24, '2024-05-04 05:00:00', '2024-05-04 05:00:00', 3, b'1'),
(408, 37.00, 25, '2024-09-17 05:00:00', '2024-09-17 05:00:00', 4, b'0'),
(409, 12.00, 10, '2024-09-08 05:00:00', '2024-09-08 05:00:00', 2, b'1'),
(410, 124.00, 22, '2024-07-11 05:00:00', '2024-07-11 05:00:00', 1, b'0'),
(411, 25.00, 6, '2024-01-11 05:00:00', '2024-01-11 05:00:00', 2, b'0'),
(412, 105.00, 22, '2024-08-18 05:00:00', '2024-08-18 05:00:00', 2, b'0'),
(413, 92.00, 20, '2024-04-20 05:00:00', '2024-04-20 05:00:00', 3, b'0'),
(414, 25.00, 35, '2024-03-06 05:00:00', '2024-03-06 05:00:00', 2, b'0'),
(415, 10.00, 36, '2024-09-22 05:00:00', '2024-09-22 05:00:00', 4, b'1'),
(416, 176.00, 7, '2024-06-21 05:00:00', '2024-06-21 05:00:00', 2, b'0'),
(417, 150.00, 29, '2024-04-22 05:00:00', '2024-04-22 05:00:00', 4, b'0'),
(418, 149.00, 6, '2024-03-27 05:00:00', '2024-03-27 05:00:00', 3, b'0'),
(419, 77.00, 24, '2024-11-02 05:00:00', '2024-11-02 05:00:00', 1, b'0'),
(420, 140.00, 34, '2024-06-12 05:00:00', '2024-06-12 05:00:00', 3, b'0'),
(421, 15.00, 26, '2024-11-01 05:00:00', '2024-11-01 05:00:00', 4, b'1'),
(422, 17.00, 11, '2024-02-21 05:00:00', '2024-02-21 05:00:00', 4, b'1'),
(423, 124.00, 36, '2024-08-29 05:00:00', '2024-08-29 05:00:00', 2, b'1'),
(424, 59.00, 37, '2024-04-27 05:00:00', '2024-04-27 05:00:00', 2, b'0'),
(425, 126.00, 20, '2024-02-03 05:00:00', '2024-02-03 05:00:00', 2, b'0'),
(426, 110.00, 13, '2024-05-29 05:00:00', '2024-05-29 05:00:00', 2, b'0'),
(427, 61.00, 9, '2024-03-05 05:00:00', '2024-03-05 05:00:00', 4, b'1'),
(428, 163.00, 22, '2024-11-07 05:00:00', '2024-11-07 05:00:00', 4, b'0'),
(429, 124.00, 26, '2024-08-22 05:00:00', '2024-08-22 05:00:00', 1, b'0'),
(430, 187.00, 18, '2024-01-03 05:00:00', '2024-01-03 05:00:00', 1, b'0'),
(431, 60.00, 4, '2024-01-10 05:00:00', '2024-01-10 05:00:00', 3, b'0'),
(432, 29.00, 23, '2024-08-04 05:00:00', '2024-08-04 05:00:00', 2, b'0'),
(433, 77.00, 20, '2024-11-02 05:00:00', '2024-11-02 05:00:00', 1, b'0'),
(434, 54.00, 26, '2024-06-10 05:00:00', '2024-06-10 05:00:00', 1, b'1'),
(435, 87.00, 1, '2024-02-12 05:00:00', '2024-02-12 05:00:00', 3, b'0'),
(436, 196.00, 32, '2024-04-08 05:00:00', '2024-04-08 05:00:00', 2, b'0'),
(437, 86.00, 12, '2024-03-21 05:00:00', '2024-03-21 05:00:00', 1, b'0'),
(438, 189.00, 3, '2024-08-17 05:00:00', '2024-08-17 05:00:00', 1, b'1'),
(439, 49.00, 21, '2024-02-19 05:00:00', '2024-02-19 05:00:00', 1, b'1'),
(440, 197.00, 34, '2024-02-19 05:00:00', '2024-02-19 05:00:00', 2, b'1'),
(441, 104.00, 30, '2024-06-23 05:00:00', '2024-06-23 05:00:00', 3, b'0'),
(442, 83.00, 32, '2024-06-10 05:00:00', '2024-06-10 05:00:00', 4, b'0'),
(443, 121.00, 14, '2024-10-12 05:00:00', '2024-10-12 05:00:00', 2, b'0'),
(444, 13.00, 4, '2024-02-03 05:00:00', '2024-02-03 05:00:00', 1, b'1'),
(445, 180.00, 36, '2024-06-03 05:00:00', '2024-06-03 05:00:00', 1, b'0'),
(446, 3.00, 32, '2024-08-06 05:00:00', '2024-08-06 05:00:00', 4, b'1'),
(447, 119.00, 2, '2024-05-26 05:00:00', '2024-05-26 05:00:00', 3, b'1'),
(448, 138.00, 33, '2024-07-19 05:00:00', '2024-07-19 05:00:00', 3, b'1'),
(449, 147.00, 36, '2024-10-11 05:00:00', '2024-10-11 05:00:00', 1, b'1'),
(450, 30.00, 34, '2024-02-29 05:00:00', '2024-02-29 05:00:00', 3, b'0'),
(451, 124.00, 4, '2024-09-15 05:00:00', '2024-09-15 05:00:00', 2, b'1'),
(452, 79.00, 6, '2024-10-16 05:00:00', '2024-10-16 05:00:00', 4, b'1'),
(453, 97.00, 39, '2024-06-11 05:00:00', '2024-06-11 05:00:00', 2, b'0'),
(454, 160.00, 16, '2024-01-25 05:00:00', '2024-01-25 05:00:00', 2, b'1'),
(455, 103.00, 39, '2024-09-12 05:00:00', '2024-09-12 05:00:00', 1, b'1'),
(456, 172.00, 35, '2024-02-29 05:00:00', '2024-02-29 05:00:00', 2, b'1'),
(457, 143.00, 30, '2024-01-13 05:00:00', '2024-01-13 05:00:00', 4, b'0'),
(458, 73.00, 30, '2024-02-07 05:00:00', '2024-02-07 05:00:00', 4, b'1'),
(459, 30.00, 8, '2024-11-10 05:00:00', '2024-11-10 05:00:00', 1, b'0'),
(460, 60.00, 29, '2024-10-13 05:00:00', '2024-10-13 05:00:00', 4, b'0'),
(461, 58.00, 12, '2024-08-09 05:00:00', '2024-08-09 05:00:00', 2, b'0'),
(462, 151.00, 26, '2024-04-25 05:00:00', '2024-04-25 05:00:00', 3, b'1'),
(463, 41.00, 30, '2024-09-13 05:00:00', '2024-09-13 05:00:00', 3, b'1'),
(464, 60.00, 4, '2024-07-11 05:00:00', '2024-07-11 05:00:00', 3, b'0'),
(465, 138.00, 12, '2024-03-13 05:00:00', '2024-03-13 05:00:00', 3, b'1'),
(466, 176.00, 15, '2024-03-18 05:00:00', '2024-03-18 05:00:00', 4, b'1'),
(467, 60.00, 4, '2024-09-02 05:00:00', '2024-09-02 05:00:00', 3, b'0'),
(468, 31.00, 3, '2024-10-30 05:00:00', '2024-10-30 05:00:00', 4, b'0'),
(469, 84.00, 10, '2024-04-25 05:00:00', '2024-04-25 05:00:00', 2, b'1'),
(470, 35.00, 13, '2024-06-18 05:00:00', '2024-06-18 05:00:00', 4, b'0'),
(471, 50.00, 25, '2024-05-09 05:00:00', '2024-05-09 05:00:00', 4, b'1'),
(472, 152.00, 2, '2024-03-07 05:00:00', '2024-03-07 05:00:00', 3, b'1'),
(473, 42.00, 21, '2024-08-14 05:00:00', '2024-08-14 05:00:00', 4, b'0'),
(474, 102.00, 8, '2024-04-01 05:00:00', '2024-04-01 05:00:00', 4, b'0'),
(475, 160.00, 26, '2024-11-04 05:00:00', '2024-11-04 05:00:00', 1, b'1'),
(476, 80.00, 16, '2024-02-05 05:00:00', '2024-02-05 05:00:00', 3, b'1'),
(477, 62.00, 12, '2024-01-11 05:00:00', '2024-01-11 05:00:00', 4, b'1'),
(478, 166.00, 9, '2024-06-02 05:00:00', '2024-06-02 05:00:00', 2, b'1'),
(479, 196.00, 24, '2024-04-06 05:00:00', '2024-04-06 05:00:00', 3, b'1'),
(480, 47.00, 7, '2024-06-03 05:00:00', '2024-06-03 05:00:00', 2, b'0'),
(481, 52.00, 20, '2024-03-08 05:00:00', '2024-03-08 05:00:00', 2, b'0'),
(482, 186.00, 37, '2024-02-29 05:00:00', '2024-02-29 05:00:00', 1, b'0'),
(483, 195.00, 31, '2024-05-31 05:00:00', '2024-05-31 05:00:00', 1, b'0'),
(484, 8.00, 34, '2024-08-31 05:00:00', '2024-08-31 05:00:00', 1, b'1'),
(485, 160.00, 28, '2024-07-16 05:00:00', '2024-07-16 05:00:00', 4, b'0'),
(486, 3.00, 13, '2024-06-06 05:00:00', '2024-06-06 05:00:00', 2, b'0'),
(487, 57.00, 6, '2024-07-24 05:00:00', '2024-07-24 05:00:00', 3, b'1'),
(488, 163.00, 6, '2024-04-15 05:00:00', '2024-04-15 05:00:00', 2, b'0'),
(489, 90.00, 28, '2024-06-12 05:00:00', '2024-06-12 05:00:00', 2, b'1'),
(490, 73.00, 6, '2024-02-27 05:00:00', '2024-02-27 05:00:00', 1, b'1'),
(491, 64.00, 10, '2024-09-28 05:00:00', '2024-09-28 05:00:00', 1, b'0'),
(492, 31.00, 6, '2024-11-02 05:00:00', '2024-11-02 05:00:00', 3, b'1'),
(493, 65.00, 9, '2024-02-29 05:00:00', '2024-02-29 05:00:00', 4, b'0'),
(494, 122.00, 31, '2024-02-14 05:00:00', '2024-02-14 05:00:00', 4, b'0'),
(495, 190.00, 40, '2024-07-27 05:00:00', '2024-07-27 05:00:00', 4, b'1'),
(496, 11.00, 16, '2024-03-28 05:00:00', '2024-03-28 05:00:00', 2, b'0'),
(497, 55.00, 38, '2024-01-04 05:00:00', '2024-01-04 05:00:00', 3, b'0'),
(498, 15.00, 14, '2024-10-11 05:00:00', '2024-10-11 05:00:00', 1, b'0'),
(499, 30.00, 40, '2024-06-25 05:00:00', '2024-06-25 05:00:00', 4, b'1'),
(500, 140.00, 20, '2024-01-01 05:00:00', '2024-01-01 05:00:00', 1, b'0'),
(501, 197.00, 28, '2024-08-29 05:00:00', '2024-08-29 05:00:00', 2, b'1'),
(502, 60.00, 16, '2024-07-03 05:00:00', '2024-07-03 05:00:00', 1, b'0'),
(503, 26.00, 15, '2024-08-17 05:00:00', '2024-08-17 05:00:00', 4, b'1'),
(504, 133.00, 4, '2024-01-06 05:00:00', '2024-01-06 05:00:00', 1, b'0'),
(505, 9.00, 16, '2024-01-10 05:00:00', '2024-01-10 05:00:00', 1, b'1'),
(506, 92.00, 14, '2024-07-27 05:00:00', '2024-07-27 05:00:00', 1, b'0'),
(507, 42.00, 32, '2024-10-09 05:00:00', '2024-10-09 05:00:00', 3, b'1'),
(508, 199.00, 15, '2024-02-18 05:00:00', '2024-02-18 05:00:00', 1, b'1'),
(509, 186.00, 7, '2024-02-15 05:00:00', '2024-02-15 05:00:00', 1, b'1'),
(510, 166.00, 1, '2024-05-10 05:00:00', '2024-05-10 05:00:00', 1, b'0'),
(511, 142.00, 1, '2024-05-23 05:00:00', '2024-05-23 05:00:00', 2, b'1'),
(512, 69.00, 31, '2024-01-29 05:00:00', '2024-01-29 05:00:00', 3, b'1'),
(513, 85.00, 26, '2024-11-02 05:00:00', '2024-11-02 05:00:00', 4, b'0'),
(514, 165.00, 6, '2024-04-28 05:00:00', '2024-04-28 05:00:00', 4, b'0'),
(515, 25.00, 18, '2024-03-13 05:00:00', '2024-03-13 05:00:00', 4, b'1'),
(516, 189.00, 14, '2024-06-12 05:00:00', '2024-06-12 05:00:00', 3, b'0'),
(517, 85.00, 23, '2024-03-09 05:00:00', '2024-03-09 05:00:00', 3, b'0'),
(518, 53.00, 22, '2024-09-21 05:00:00', '2024-09-21 05:00:00', 2, b'1'),
(519, 80.00, 22, '2024-07-20 05:00:00', '2024-07-20 05:00:00', 4, b'0'),
(520, 0.00, 17, '2024-08-28 05:00:00', '2024-08-28 05:00:00', 3, b'0'),
(521, 14.00, 17, '2024-10-28 05:00:00', '2024-10-28 05:00:00', 4, b'1'),
(522, 40.00, 14, '2024-09-30 05:00:00', '2024-09-30 05:00:00', 4, b'1'),
(523, 200.00, 34, '2024-10-23 05:00:00', '2024-10-23 05:00:00', 1, b'1'),
(524, 34.00, 16, '2024-02-17 05:00:00', '2024-02-17 05:00:00', 2, b'1'),
(525, 149.00, 28, '2024-01-02 05:00:00', '2024-01-02 05:00:00', 3, b'1'),
(526, 81.00, 18, '2024-07-25 05:00:00', '2024-07-25 05:00:00', 2, b'0'),
(527, 116.00, 20, '2024-10-23 05:00:00', '2024-10-23 05:00:00', 1, b'1'),
(528, 165.00, 36, '2024-09-12 05:00:00', '2024-09-12 05:00:00', 2, b'1'),
(529, 120.00, 38, '2024-02-03 05:00:00', '2024-02-03 05:00:00', 3, b'0'),
(530, 167.00, 4, '2024-02-14 05:00:00', '2024-02-14 05:00:00', 1, b'1'),
(531, 123.00, 11, '2024-06-16 05:00:00', '2024-06-16 05:00:00', 4, b'0'),
(532, 173.00, 9, '2024-08-01 05:00:00', '2024-08-01 05:00:00', 3, b'0'),
(533, 55.00, 12, '2024-06-09 05:00:00', '2024-06-09 05:00:00', 1, b'1'),
(534, 77.00, 16, '2024-08-03 05:00:00', '2024-08-03 05:00:00', 1, b'1'),
(535, 153.00, 23, '2024-08-13 05:00:00', '2024-08-13 05:00:00', 1, b'1'),
(536, 58.00, 2, '2024-05-01 05:00:00', '2024-05-01 05:00:00', 3, b'0'),
(537, 23.00, 34, '2024-10-20 05:00:00', '2024-10-20 05:00:00', 1, b'1'),
(538, 119.00, 21, '2024-06-08 05:00:00', '2024-06-08 05:00:00', 1, b'0'),
(539, 181.00, 19, '2024-11-01 05:00:00', '2024-11-01 05:00:00', 1, b'1'),
(540, 90.00, 36, '2024-03-26 05:00:00', '2024-03-26 05:00:00', 1, b'1'),
(541, 137.00, 25, '2024-01-19 05:00:00', '2024-01-19 05:00:00', 4, b'0'),
(542, 183.00, 2, '2024-02-17 05:00:00', '2024-02-17 05:00:00', 2, b'0'),
(543, 62.00, 8, '2024-07-24 05:00:00', '2024-07-24 05:00:00', 4, b'1'),
(544, 187.00, 8, '2024-04-04 05:00:00', '2024-04-04 05:00:00', 2, b'1'),
(545, 176.00, 28, '2024-10-19 05:00:00', '2024-10-19 05:00:00', 4, b'1'),
(546, 50.00, 31, '2024-07-24 05:00:00', '2024-07-24 05:00:00', 1, b'1'),
(547, 89.00, 33, '2024-02-25 05:00:00', '2024-02-25 05:00:00', 2, b'0'),
(548, 99.00, 30, '2024-07-23 05:00:00', '2024-07-23 05:00:00', 1, b'1'),
(549, 139.00, 27, '2024-08-24 05:00:00', '2024-08-24 05:00:00', 2, b'1'),
(550, 44.00, 21, '2024-04-11 05:00:00', '2024-04-11 05:00:00', 2, b'1'),
(551, 154.00, 31, '2024-05-02 05:00:00', '2024-05-02 05:00:00', 2, b'0'),
(552, 140.00, 36, '2024-01-19 05:00:00', '2024-01-19 05:00:00', 1, b'1'),
(553, 52.00, 33, '2024-04-04 05:00:00', '2024-04-04 05:00:00', 2, b'0'),
(554, 80.00, 5, '2024-10-16 05:00:00', '2024-10-16 05:00:00', 3, b'0'),
(555, 167.00, 39, '2024-11-09 05:00:00', '2024-11-09 05:00:00', 3, b'1'),
(556, 196.00, 20, '2024-09-30 05:00:00', '2024-09-30 05:00:00', 1, b'0'),
(557, 153.00, 1, '2024-02-16 05:00:00', '2024-02-16 05:00:00', 4, b'1'),
(558, 7.00, 39, '2024-08-04 05:00:00', '2024-08-04 05:00:00', 4, b'0'),
(559, 179.00, 35, '2024-08-11 05:00:00', '2024-08-11 05:00:00', 1, b'0'),
(560, 59.00, 6, '2024-05-16 05:00:00', '2024-05-16 05:00:00', 3, b'0'),
(561, 29.00, 13, '2024-02-20 05:00:00', '2024-02-20 05:00:00', 4, b'0'),
(562, 191.00, 39, '2024-04-20 05:00:00', '2024-04-20 05:00:00', 1, b'0'),
(563, 73.00, 22, '2024-07-31 05:00:00', '2024-07-31 05:00:00', 2, b'0'),
(564, 98.00, 25, '2024-01-18 05:00:00', '2024-01-18 05:00:00', 1, b'0'),
(565, 143.00, 9, '2024-03-15 05:00:00', '2024-03-15 05:00:00', 3, b'0'),
(566, 182.00, 18, '2024-08-05 05:00:00', '2024-08-05 05:00:00', 1, b'1'),
(567, 153.00, 39, '2024-01-21 05:00:00', '2024-01-21 05:00:00', 2, b'0'),
(568, 77.00, 27, '2024-10-20 05:00:00', '2024-10-20 05:00:00', 3, b'1'),
(569, 155.00, 15, '2024-10-11 05:00:00', '2024-10-11 05:00:00', 1, b'1'),
(570, 84.00, 9, '2024-07-16 05:00:00', '2024-07-16 05:00:00', 2, b'1'),
(571, 134.00, 28, '2024-10-13 05:00:00', '2024-10-13 05:00:00', 2, b'1'),
(572, 57.00, 32, '2024-08-28 05:00:00', '2024-08-28 05:00:00', 3, b'0'),
(573, 44.00, 35, '2024-08-02 05:00:00', '2024-08-02 05:00:00', 4, b'1'),
(574, 63.00, 16, '2024-06-07 05:00:00', '2024-06-07 05:00:00', 2, b'0'),
(575, 24.00, 15, '2024-10-05 05:00:00', '2024-10-05 05:00:00', 4, b'1'),
(576, 49.00, 13, '2024-07-15 05:00:00', '2024-07-15 05:00:00', 4, b'0'),
(577, 99.00, 24, '2024-07-23 05:00:00', '2024-07-23 05:00:00', 1, b'1'),
(578, 163.00, 37, '2024-05-11 05:00:00', '2024-05-11 05:00:00', 2, b'1'),
(579, 23.00, 22, '2024-02-14 05:00:00', '2024-02-14 05:00:00', 3, b'1'),
(580, 159.00, 2, '2024-09-15 05:00:00', '2024-09-15 05:00:00', 3, b'1'),
(581, 3.00, 11, '2024-07-01 05:00:00', '2024-07-01 05:00:00', 4, b'0'),
(582, 194.00, 27, '2024-07-27 05:00:00', '2024-07-27 05:00:00', 2, b'0'),
(583, 150.00, 20, '2024-02-09 05:00:00', '2024-02-09 05:00:00', 2, b'0'),
(584, 162.00, 36, '2024-02-29 05:00:00', '2024-02-29 05:00:00', 3, b'0'),
(585, 59.00, 27, '2024-11-05 05:00:00', '2024-11-05 05:00:00', 1, b'1'),
(586, 108.00, 15, '2024-07-26 05:00:00', '2024-07-26 05:00:00', 1, b'1'),
(587, 3.00, 25, '2024-06-23 05:00:00', '2024-06-23 05:00:00', 1, b'0'),
(588, 181.00, 6, '2024-01-03 05:00:00', '2024-01-03 05:00:00', 1, b'0'),
(589, 73.00, 10, '2024-06-23 05:00:00', '2024-06-23 05:00:00', 4, b'0'),
(590, 143.00, 25, '2024-06-28 05:00:00', '2024-06-28 05:00:00', 1, b'0'),
(591, 22.00, 15, '2024-10-04 05:00:00', '2024-10-04 05:00:00', 3, b'0'),
(592, 114.00, 10, '2024-03-08 05:00:00', '2024-03-08 05:00:00', 2, b'1'),
(593, 85.00, 4, '2024-11-02 05:00:00', '2024-11-02 05:00:00', 4, b'1'),
(594, 102.00, 20, '2024-05-07 05:00:00', '2024-05-07 05:00:00', 2, b'0'),
(595, 27.00, 2, '2024-01-29 05:00:00', '2024-01-29 05:00:00', 1, b'1'),
(596, 198.00, 35, '2024-10-17 05:00:00', '2024-10-17 05:00:00', 1, b'1'),
(597, 16.00, 17, '2024-01-17 05:00:00', '2024-01-17 05:00:00', 2, b'1'),
(598, 167.00, 21, '2024-08-23 05:00:00', '2024-08-23 05:00:00', 3, b'0'),
(599, 82.00, 15, '2024-05-22 05:00:00', '2024-05-22 05:00:00', 1, b'0'),
(600, 137.00, 9, '2024-08-25 05:00:00', '2024-08-25 05:00:00', 1, b'0'),
(601, 136.00, 11, '2024-08-28 05:00:00', '2024-08-28 05:00:00', 1, b'1'),
(602, 164.00, 25, '2024-05-13 05:00:00', '2024-05-13 05:00:00', 4, b'0'),
(603, 7.00, 32, '2024-08-20 05:00:00', '2024-08-20 05:00:00', 3, b'1'),
(604, 0.00, 30, '2024-09-28 05:00:00', '2024-09-28 05:00:00', 3, b'1'),
(605, 108.00, 19, '2024-06-24 05:00:00', '2024-06-24 05:00:00', 2, b'0'),
(606, 42.00, 40, '2024-02-27 05:00:00', '2024-02-27 05:00:00', 2, b'1'),
(607, 7.00, 39, '2024-07-26 05:00:00', '2024-07-26 05:00:00', 4, b'1'),
(608, 126.00, 2, '2024-07-01 05:00:00', '2024-07-01 05:00:00', 3, b'0'),
(609, 50.00, 26, '2024-07-06 05:00:00', '2024-07-06 05:00:00', 3, b'0'),
(610, 1.00, 4, '2024-02-29 05:00:00', '2024-02-29 05:00:00', 1, b'0'),
(611, 122.00, 18, '2024-08-11 05:00:00', '2024-08-11 05:00:00', 3, b'1'),
(612, 198.00, 38, '2024-10-26 05:00:00', '2024-10-26 05:00:00', 3, b'0'),
(613, 192.00, 40, '2024-06-10 05:00:00', '2024-06-10 05:00:00', 2, b'1'),
(614, 152.00, 23, '2024-02-17 05:00:00', '2024-02-17 05:00:00', 2, b'1'),
(615, 179.00, 11, '2024-07-25 05:00:00', '2024-07-25 05:00:00', 1, b'0'),
(616, 104.00, 10, '2024-11-07 05:00:00', '2024-11-07 05:00:00', 3, b'1'),
(617, 97.00, 38, '2024-04-15 05:00:00', '2024-04-15 05:00:00', 1, b'0'),
(618, 167.00, 36, '2024-08-28 05:00:00', '2024-08-28 05:00:00', 4, b'0'),
(619, 64.00, 11, '2024-05-23 05:00:00', '2024-05-23 05:00:00', 2, b'1'),
(620, 117.00, 11, '2024-03-22 05:00:00', '2024-03-22 05:00:00', 3, b'0'),
(621, 121.00, 16, '2024-03-10 05:00:00', '2024-03-10 05:00:00', 2, b'0'),
(622, 48.00, 21, '2024-05-07 05:00:00', '2024-05-07 05:00:00', 3, b'1'),
(623, 145.00, 39, '2024-09-28 05:00:00', '2024-09-28 05:00:00', 1, b'1'),
(624, 130.00, 14, '2024-05-25 05:00:00', '2024-05-25 05:00:00', 3, b'0'),
(625, 24.00, 12, '2024-09-30 05:00:00', '2024-09-30 05:00:00', 1, b'0'),
(626, 96.00, 12, '2024-08-31 05:00:00', '2024-08-31 05:00:00', 4, b'0'),
(627, 194.00, 24, '2024-03-23 05:00:00', '2024-03-23 05:00:00', 1, b'1'),
(628, 43.00, 40, '2024-01-04 05:00:00', '2024-01-04 05:00:00', 3, b'1'),
(629, 64.00, 36, '2024-01-31 05:00:00', '2024-01-31 05:00:00', 2, b'0'),
(630, 37.00, 19, '2024-08-17 05:00:00', '2024-08-17 05:00:00', 2, b'1'),
(631, 9.00, 3, '2024-05-04 05:00:00', '2024-05-04 05:00:00', 3, b'1'),
(632, 85.00, 19, '2024-04-04 05:00:00', '2024-04-04 05:00:00', 3, b'0'),
(633, 197.00, 10, '2024-11-05 05:00:00', '2024-11-05 05:00:00', 3, b'0'),
(634, 37.00, 3, '2024-08-31 05:00:00', '2024-08-31 05:00:00', 1, b'1'),
(635, 59.00, 19, '2024-10-08 05:00:00', '2024-10-08 05:00:00', 3, b'0'),
(636, 15.00, 16, '2024-07-24 05:00:00', '2024-07-24 05:00:00', 1, b'0'),
(637, 45.00, 4, '2024-04-01 05:00:00', '2024-04-01 05:00:00', 1, b'0'),
(638, 18.00, 2, '2024-04-17 05:00:00', '2024-04-17 05:00:00', 3, b'0'),
(639, 200.00, 31, '2024-02-13 05:00:00', '2024-02-13 05:00:00', 1, b'0'),
(640, 130.00, 9, '2024-01-01 05:00:00', '2024-01-01 05:00:00', 1, b'0'),
(641, 53.00, 8, '2024-10-04 05:00:00', '2024-10-04 05:00:00', 1, b'1'),
(642, 200.00, 3, '2024-07-04 05:00:00', '2024-07-04 05:00:00', 2, b'0'),
(643, 72.00, 25, '2024-07-10 05:00:00', '2024-07-10 05:00:00', 4, b'1'),
(644, 175.00, 29, '2024-06-12 05:00:00', '2024-06-12 05:00:00', 4, b'0'),
(645, 37.00, 36, '2024-02-24 05:00:00', '2024-02-24 05:00:00', 3, b'1'),
(646, 100.00, 20, '2024-03-12 05:00:00', '2024-03-12 05:00:00', 1, b'0'),
(647, 131.00, 25, '2024-04-18 05:00:00', '2024-04-18 05:00:00', 2, b'0'),
(648, 164.00, 37, '2024-06-08 05:00:00', '2024-06-08 05:00:00', 3, b'0'),
(649, 159.00, 37, '2024-07-23 05:00:00', '2024-07-23 05:00:00', 2, b'1'),
(650, 89.00, 36, '2024-04-16 05:00:00', '2024-04-16 05:00:00', 3, b'0'),
(651, 121.00, 24, '2024-03-10 05:00:00', '2024-03-10 05:00:00', 3, b'0'),
(652, 131.00, 25, '2024-07-15 05:00:00', '2024-07-15 05:00:00', 1, b'1'),
(653, 193.00, 19, '2024-08-15 05:00:00', '2024-08-15 05:00:00', 2, b'0'),
(654, 61.00, 2, '2024-09-16 05:00:00', '2024-09-16 05:00:00', 3, b'0'),
(655, 7.00, 21, '2024-11-09 05:00:00', '2024-11-09 05:00:00', 2, b'1'),
(656, 118.00, 8, '2024-03-16 05:00:00', '2024-03-16 05:00:00', 3, b'0'),
(657, 38.00, 3, '2024-01-28 05:00:00', '2024-01-28 05:00:00', 4, b'1'),
(658, 154.00, 15, '2024-04-04 05:00:00', '2024-04-04 05:00:00', 3, b'1'),
(659, 31.00, 1, '2024-03-11 05:00:00', '2024-03-11 05:00:00', 2, b'1'),
(660, 129.00, 38, '2024-02-07 05:00:00', '2024-02-07 05:00:00', 2, b'0'),
(661, 72.00, 36, '2024-06-28 05:00:00', '2024-06-28 05:00:00', 3, b'1'),
(662, 14.00, 12, '2024-01-25 05:00:00', '2024-01-25 05:00:00', 4, b'0'),
(663, 146.00, 2, '2024-08-07 05:00:00', '2024-08-07 05:00:00', 4, b'1'),
(664, 172.00, 2, '2024-01-02 05:00:00', '2024-01-02 05:00:00', 4, b'0'),
(665, 10.00, 24, '2024-08-13 05:00:00', '2024-08-13 05:00:00', 4, b'0'),
(666, 195.00, 31, '2024-11-08 05:00:00', '2024-11-08 05:00:00', 1, b'0'),
(667, 44.00, 30, '2024-09-01 05:00:00', '2024-09-01 05:00:00', 1, b'0'),
(668, 72.00, 14, '2024-01-03 05:00:00', '2024-01-03 05:00:00', 3, b'1'),
(669, 191.00, 39, '2024-06-26 05:00:00', '2024-06-26 05:00:00', 1, b'1'),
(670, 112.00, 23, '2024-04-26 05:00:00', '2024-04-26 05:00:00', 3, b'1'),
(671, 4.00, 4, '2024-03-20 05:00:00', '2024-03-20 05:00:00', 4, b'0'),
(672, 32.00, 1, '2024-04-03 05:00:00', '2024-04-03 05:00:00', 1, b'0'),
(673, 187.00, 40, '2024-01-17 05:00:00', '2024-01-17 05:00:00', 2, b'0'),
(674, 44.00, 27, '2024-06-30 05:00:00', '2024-06-30 05:00:00', 4, b'1'),
(675, 183.00, 16, '2024-09-25 05:00:00', '2024-09-25 05:00:00', 3, b'0'),
(676, 90.00, 2, '2024-06-18 05:00:00', '2024-06-18 05:00:00', 2, b'1'),
(677, 121.00, 21, '2024-01-01 05:00:00', '2024-01-01 05:00:00', 3, b'1'),
(678, 144.00, 31, '2024-03-10 05:00:00', '2024-03-10 05:00:00', 1, b'0'),
(679, 120.00, 39, '2024-06-28 05:00:00', '2024-06-28 05:00:00', 2, b'0'),
(680, 110.00, 11, '2024-07-03 05:00:00', '2024-07-03 05:00:00', 2, b'1'),
(681, 20.00, 7, '2024-05-09 05:00:00', '2024-05-09 05:00:00', 1, b'0'),
(682, 75.00, 37, '2024-09-06 05:00:00', '2024-09-06 05:00:00', 4, b'0'),
(683, 9.00, 28, '2024-03-26 05:00:00', '2024-03-26 05:00:00', 1, b'0'),
(684, 27.00, 12, '2024-01-04 05:00:00', '2024-01-04 05:00:00', 3, b'0'),
(685, 151.00, 38, '2024-05-11 05:00:00', '2024-05-11 05:00:00', 3, b'0'),
(686, 44.00, 7, '2024-01-06 05:00:00', '2024-01-06 05:00:00', 3, b'0'),
(687, 91.00, 10, '2024-08-12 05:00:00', '2024-08-12 05:00:00', 2, b'1'),
(688, 93.00, 35, '2024-04-19 05:00:00', '2024-04-19 05:00:00', 2, b'0'),
(689, 1.00, 2, '2024-01-09 05:00:00', '2024-01-09 05:00:00', 3, b'1'),
(690, 147.00, 40, '2024-06-11 05:00:00', '2024-06-11 05:00:00', 2, b'1'),
(691, 8.00, 29, '2024-10-27 05:00:00', '2024-10-27 05:00:00', 2, b'0'),
(692, 195.00, 33, '2024-02-03 05:00:00', '2024-02-03 05:00:00', 1, b'1'),
(693, 162.00, 39, '2024-01-05 05:00:00', '2024-01-05 05:00:00', 2, b'1'),
(694, 173.00, 38, '2024-05-11 05:00:00', '2024-05-11 05:00:00', 3, b'0'),
(695, 12.00, 29, '2024-05-09 05:00:00', '2024-05-09 05:00:00', 2, b'0'),
(696, 116.00, 32, '2024-01-28 05:00:00', '2024-01-28 05:00:00', 1, b'0'),
(697, 141.00, 6, '2024-08-26 05:00:00', '2024-08-26 05:00:00', 4, b'1'),
(698, 121.00, 30, '2024-02-21 05:00:00', '2024-02-21 05:00:00', 3, b'1'),
(699, 142.00, 19, '2024-06-19 05:00:00', '2024-06-19 05:00:00', 2, b'0'),
(700, 51.00, 4, '2024-09-02 05:00:00', '2024-09-02 05:00:00', 1, b'0'),
(701, 105.00, 29, '2024-02-08 05:00:00', '2024-02-08 05:00:00', 2, b'0');
INSERT INTO `ventas` (`id`, `total_pagar`, `id_cliente`, `created_at`, `updated_at`, `idusuario`, `estadoventa`) VALUES
(702, 2.00, 16, '2024-02-24 05:00:00', '2024-02-24 05:00:00', 1, b'1'),
(703, 96.00, 17, '2024-07-24 05:00:00', '2024-07-24 05:00:00', 4, b'1'),
(704, 53.00, 4, '2024-05-07 05:00:00', '2024-05-07 05:00:00', 4, b'1'),
(705, 184.00, 19, '2024-05-26 05:00:00', '2024-05-26 05:00:00', 3, b'0'),
(706, 124.00, 38, '2024-03-06 05:00:00', '2024-03-06 05:00:00', 2, b'0'),
(707, 198.00, 29, '2024-10-17 05:00:00', '2024-10-17 05:00:00', 2, b'0'),
(708, 121.00, 6, '2024-09-04 05:00:00', '2024-09-04 05:00:00', 3, b'0'),
(709, 126.00, 3, '2024-08-17 05:00:00', '2024-08-17 05:00:00', 1, b'0'),
(710, 142.00, 7, '2024-11-04 05:00:00', '2024-11-04 05:00:00', 4, b'0'),
(711, 159.00, 37, '2024-05-21 05:00:00', '2024-05-21 05:00:00', 1, b'0'),
(712, 71.00, 8, '2024-09-03 05:00:00', '2024-09-03 05:00:00', 3, b'1'),
(713, 65.00, 3, '2024-01-06 05:00:00', '2024-01-06 05:00:00', 2, b'1'),
(714, 80.00, 15, '2024-10-12 05:00:00', '2024-10-12 05:00:00', 2, b'0'),
(715, 177.00, 15, '2024-09-23 05:00:00', '2024-09-23 05:00:00', 2, b'1'),
(716, 12.00, 40, '2024-06-29 05:00:00', '2024-06-29 05:00:00', 2, b'0'),
(717, 119.00, 26, '2024-04-14 05:00:00', '2024-04-14 05:00:00', 2, b'0'),
(718, 53.00, 14, '2024-02-27 05:00:00', '2024-02-27 05:00:00', 4, b'0'),
(719, 178.00, 23, '2024-06-26 05:00:00', '2024-06-26 05:00:00', 2, b'0'),
(720, 86.00, 11, '2024-07-15 05:00:00', '2024-07-15 05:00:00', 1, b'1'),
(721, 8.00, 1, '2024-05-10 05:00:00', '2024-05-10 05:00:00', 4, b'0'),
(722, 193.00, 28, '2024-01-26 05:00:00', '2024-01-26 05:00:00', 3, b'1'),
(723, 23.00, 26, '2024-10-05 05:00:00', '2024-10-05 05:00:00', 2, b'1'),
(724, 18.00, 23, '2024-05-16 05:00:00', '2024-05-16 05:00:00', 3, b'1'),
(725, 89.00, 40, '2024-07-23 05:00:00', '2024-07-23 05:00:00', 4, b'1'),
(726, 131.00, 32, '2024-08-25 05:00:00', '2024-08-25 05:00:00', 4, b'1'),
(727, 22.00, 8, '2024-05-23 05:00:00', '2024-05-23 05:00:00', 2, b'1'),
(728, 87.00, 34, '2024-08-08 05:00:00', '2024-08-08 05:00:00', 3, b'0'),
(729, 81.00, 2, '2024-05-23 05:00:00', '2024-05-23 05:00:00', 4, b'1'),
(730, 1.00, 21, '2024-08-28 05:00:00', '2024-08-28 05:00:00', 4, b'0'),
(731, 46.00, 7, '2024-10-31 05:00:00', '2024-10-31 05:00:00', 3, b'0'),
(732, 136.00, 5, '2024-02-28 05:00:00', '2024-02-28 05:00:00', 2, b'0'),
(733, 28.00, 2, '2024-11-10 05:00:00', '2024-11-10 05:00:00', 2, b'0'),
(734, 59.00, 11, '2024-08-28 05:00:00', '2024-08-28 05:00:00', 3, b'1'),
(735, 7.00, 23, '2024-01-12 05:00:00', '2024-01-12 05:00:00', 1, b'1'),
(736, 147.00, 36, '2024-05-25 05:00:00', '2024-05-25 05:00:00', 4, b'1'),
(737, 9.00, 21, '2024-05-19 05:00:00', '2024-05-19 05:00:00', 2, b'1'),
(738, 17.00, 31, '2024-03-30 05:00:00', '2024-03-30 05:00:00', 3, b'1'),
(739, 200.00, 16, '2024-03-06 05:00:00', '2024-03-06 05:00:00', 2, b'0'),
(740, 30.00, 1, '2024-01-04 05:00:00', '2024-01-04 05:00:00', 3, b'0'),
(741, 80.00, 25, '2024-11-08 05:00:00', '2024-11-08 05:00:00', 2, b'0'),
(742, 194.00, 5, '2024-04-16 05:00:00', '2024-04-16 05:00:00', 3, b'1'),
(743, 158.00, 36, '2024-08-30 05:00:00', '2024-08-30 05:00:00', 3, b'0'),
(744, 10.00, 25, '2024-11-04 05:00:00', '2024-11-04 05:00:00', 1, b'1'),
(745, 87.00, 37, '2024-06-19 05:00:00', '2024-06-19 05:00:00', 3, b'0'),
(746, 50.00, 36, '2024-02-29 05:00:00', '2024-02-29 05:00:00', 3, b'0'),
(747, 32.00, 10, '2024-10-11 05:00:00', '2024-10-11 05:00:00', 1, b'1'),
(748, 89.00, 37, '2024-11-04 05:00:00', '2024-11-04 05:00:00', 3, b'0'),
(749, 126.00, 24, '2024-08-04 05:00:00', '2024-08-04 05:00:00', 4, b'0'),
(750, 114.00, 1, '2024-10-16 05:00:00', '2024-10-16 05:00:00', 4, b'0'),
(751, 48.00, 16, '2024-02-13 05:00:00', '2024-02-13 05:00:00', 4, b'0'),
(752, 177.00, 34, '2024-01-22 05:00:00', '2024-01-22 05:00:00', 4, b'0'),
(753, 157.00, 32, '2024-08-21 05:00:00', '2024-08-21 05:00:00', 1, b'1'),
(754, 162.00, 37, '2024-09-05 05:00:00', '2024-09-05 05:00:00', 4, b'1'),
(755, 50.00, 23, '2024-03-18 05:00:00', '2024-03-18 05:00:00', 4, b'1'),
(756, 57.00, 33, '2024-07-03 05:00:00', '2024-07-03 05:00:00', 4, b'0'),
(757, 98.00, 5, '2024-02-27 05:00:00', '2024-02-27 05:00:00', 2, b'1'),
(758, 190.00, 4, '2024-05-14 05:00:00', '2024-05-14 05:00:00', 2, b'0'),
(759, 117.00, 28, '2024-05-21 05:00:00', '2024-05-21 05:00:00', 2, b'1'),
(760, 115.00, 14, '2024-01-22 05:00:00', '2024-01-22 05:00:00', 1, b'1'),
(761, 81.00, 38, '2024-10-24 05:00:00', '2024-10-24 05:00:00', 1, b'1'),
(762, 132.00, 19, '2024-04-21 05:00:00', '2024-04-21 05:00:00', 2, b'0'),
(763, 147.00, 13, '2024-08-07 05:00:00', '2024-08-07 05:00:00', 3, b'0'),
(764, 46.00, 25, '2024-06-14 05:00:00', '2024-06-14 05:00:00', 4, b'1'),
(765, 165.00, 21, '2024-02-08 05:00:00', '2024-02-08 05:00:00', 1, b'0'),
(766, 0.00, 20, '2024-10-16 05:00:00', '2024-10-16 05:00:00', 2, b'1'),
(767, 54.00, 40, '2024-10-20 05:00:00', '2024-10-20 05:00:00', 3, b'1'),
(768, 82.00, 40, '2024-04-19 05:00:00', '2024-04-19 05:00:00', 3, b'0'),
(769, 125.00, 27, '2024-08-02 05:00:00', '2024-08-02 05:00:00', 1, b'1'),
(770, 186.00, 1, '2024-08-15 05:00:00', '2024-08-15 05:00:00', 3, b'1'),
(771, 139.00, 33, '2024-02-06 05:00:00', '2024-02-06 05:00:00', 1, b'1'),
(772, 157.00, 40, '2024-08-25 05:00:00', '2024-08-25 05:00:00', 2, b'0'),
(773, 27.00, 16, '2024-07-01 05:00:00', '2024-07-01 05:00:00', 2, b'0'),
(774, 184.00, 8, '2024-03-02 05:00:00', '2024-03-02 05:00:00', 4, b'0'),
(775, 51.00, 8, '2024-08-10 05:00:00', '2024-08-10 05:00:00', 2, b'0'),
(776, 164.00, 5, '2024-06-19 05:00:00', '2024-06-19 05:00:00', 4, b'0'),
(777, 119.00, 31, '2024-01-04 05:00:00', '2024-01-04 05:00:00', 4, b'0'),
(778, 133.00, 27, '2024-10-13 05:00:00', '2024-10-13 05:00:00', 1, b'0'),
(779, 71.00, 16, '2024-05-29 05:00:00', '2024-05-29 05:00:00', 2, b'1'),
(780, 28.00, 24, '2024-08-15 05:00:00', '2024-08-15 05:00:00', 2, b'1'),
(781, 39.00, 13, '2024-07-13 05:00:00', '2024-07-13 05:00:00', 1, b'1'),
(782, 117.00, 35, '2024-10-28 05:00:00', '2024-10-28 05:00:00', 1, b'0'),
(783, 6.00, 4, '2024-08-11 05:00:00', '2024-08-11 05:00:00', 2, b'0'),
(784, 85.00, 34, '2024-08-20 05:00:00', '2024-08-20 05:00:00', 4, b'0'),
(785, 101.00, 33, '2024-10-05 05:00:00', '2024-10-05 05:00:00', 1, b'0'),
(786, 12.00, 25, '2024-01-19 05:00:00', '2024-01-19 05:00:00', 3, b'0'),
(787, 49.00, 3, '2024-09-29 05:00:00', '2024-09-29 05:00:00', 3, b'0'),
(788, 99.00, 37, '2024-08-02 05:00:00', '2024-08-02 05:00:00', 3, b'1'),
(789, 143.00, 35, '2024-04-13 05:00:00', '2024-04-13 05:00:00', 1, b'1'),
(790, 187.00, 5, '2024-08-04 05:00:00', '2024-08-04 05:00:00', 1, b'1'),
(791, 46.00, 33, '2024-09-18 05:00:00', '2024-09-18 05:00:00', 2, b'0'),
(792, 129.00, 8, '2024-02-22 05:00:00', '2024-02-22 05:00:00', 1, b'0'),
(793, 171.00, 11, '2024-03-06 05:00:00', '2024-03-06 05:00:00', 3, b'1'),
(794, 35.00, 37, '2024-05-10 05:00:00', '2024-05-10 05:00:00', 3, b'0'),
(795, 181.00, 30, '2024-03-15 05:00:00', '2024-03-15 05:00:00', 3, b'1'),
(796, 108.00, 15, '2024-11-02 05:00:00', '2024-11-02 05:00:00', 4, b'0'),
(797, 50.00, 10, '2024-04-14 05:00:00', '2024-04-14 05:00:00', 3, b'1'),
(798, 38.00, 5, '2024-09-17 05:00:00', '2024-09-17 05:00:00', 1, b'1'),
(799, 35.00, 6, '2024-01-20 05:00:00', '2024-01-20 05:00:00', 4, b'0'),
(800, 56.00, 18, '2024-06-12 05:00:00', '2024-06-12 05:00:00', 1, b'0'),
(801, 128.00, 14, '2024-03-09 05:00:00', '2024-03-09 05:00:00', 2, b'0'),
(802, 88.00, 20, '2024-07-30 05:00:00', '2024-07-30 05:00:00', 1, b'1'),
(803, 91.00, 27, '2024-10-08 05:00:00', '2024-10-08 05:00:00', 2, b'0'),
(804, 109.00, 15, '2024-10-04 05:00:00', '2024-10-04 05:00:00', 4, b'0'),
(805, 58.00, 5, '2024-01-20 05:00:00', '2024-01-20 05:00:00', 3, b'0'),
(806, 80.00, 29, '2024-09-28 05:00:00', '2024-09-28 05:00:00', 3, b'0'),
(807, 18.00, 26, '2024-11-08 05:00:00', '2024-11-08 05:00:00', 4, b'1'),
(808, 48.00, 13, '2024-02-25 05:00:00', '2024-02-25 05:00:00', 2, b'1'),
(809, 150.00, 40, '2024-02-05 05:00:00', '2024-02-05 05:00:00', 2, b'1'),
(810, 16.00, 26, '2024-05-16 05:00:00', '2024-05-16 05:00:00', 1, b'0'),
(811, 126.00, 8, '2024-10-05 05:00:00', '2024-10-05 05:00:00', 2, b'1'),
(812, 39.00, 26, '2024-08-05 05:00:00', '2024-08-05 05:00:00', 3, b'1'),
(813, 2.00, 1, '2024-08-17 05:00:00', '2024-08-17 05:00:00', 3, b'1'),
(814, 51.00, 10, '2024-07-24 05:00:00', '2024-07-24 05:00:00', 1, b'0'),
(815, 148.00, 30, '2024-03-21 05:00:00', '2024-03-21 05:00:00', 4, b'0'),
(816, 156.00, 30, '2024-10-08 05:00:00', '2024-10-08 05:00:00', 3, b'1'),
(817, 127.00, 19, '2024-01-10 05:00:00', '2024-01-10 05:00:00', 1, b'1'),
(818, 93.00, 17, '2024-09-05 05:00:00', '2024-09-05 05:00:00', 3, b'1'),
(819, 8.00, 22, '2024-06-21 05:00:00', '2024-06-21 05:00:00', 4, b'0'),
(820, 45.00, 36, '2024-11-11 05:00:00', '2024-11-11 05:00:00', 1, b'0'),
(821, 106.00, 27, '2024-11-01 05:00:00', '2024-11-01 05:00:00', 4, b'1'),
(822, 165.00, 34, '2024-07-12 05:00:00', '2024-07-12 05:00:00', 2, b'1'),
(823, 114.00, 39, '2024-07-10 05:00:00', '2024-07-10 05:00:00', 4, b'0'),
(824, 105.00, 10, '2024-06-12 05:00:00', '2024-06-12 05:00:00', 4, b'1'),
(825, 26.00, 32, '2024-02-07 05:00:00', '2024-02-07 05:00:00', 4, b'0'),
(826, 161.00, 22, '2024-05-14 05:00:00', '2024-05-14 05:00:00', 1, b'1'),
(827, 117.00, 17, '2024-08-28 05:00:00', '2024-08-28 05:00:00', 3, b'0'),
(828, 155.00, 40, '2024-06-16 05:00:00', '2024-06-16 05:00:00', 3, b'0'),
(829, 29.00, 21, '2024-09-01 05:00:00', '2024-09-01 05:00:00', 3, b'1'),
(830, 135.00, 15, '2024-02-24 05:00:00', '2024-02-24 05:00:00', 2, b'1'),
(831, 69.00, 16, '2024-08-19 05:00:00', '2024-08-19 05:00:00', 1, b'0'),
(832, 97.00, 22, '2024-08-05 05:00:00', '2024-08-05 05:00:00', 2, b'1'),
(833, 38.00, 4, '2024-04-10 05:00:00', '2024-04-10 05:00:00', 2, b'0'),
(834, 45.00, 26, '2024-02-05 05:00:00', '2024-02-05 05:00:00', 1, b'0'),
(835, 65.00, 33, '2024-06-19 05:00:00', '2024-06-19 05:00:00', 1, b'0'),
(836, 130.00, 10, '2024-11-06 05:00:00', '2024-11-06 05:00:00', 4, b'1'),
(837, 45.00, 3, '2024-01-18 05:00:00', '2024-01-18 05:00:00', 1, b'1'),
(838, 134.00, 19, '2024-07-23 05:00:00', '2024-07-23 05:00:00', 3, b'1'),
(839, 147.00, 29, '2024-06-11 05:00:00', '2024-06-11 05:00:00', 4, b'1'),
(840, 48.00, 33, '2024-04-26 05:00:00', '2024-04-26 05:00:00', 1, b'0'),
(841, 121.00, 26, '2024-01-08 05:00:00', '2024-01-08 05:00:00', 2, b'1'),
(842, 170.00, 17, '2024-08-06 05:00:00', '2024-08-06 05:00:00', 2, b'0'),
(843, 69.00, 39, '2024-04-08 05:00:00', '2024-04-08 05:00:00', 3, b'1'),
(844, 185.00, 4, '2024-09-24 05:00:00', '2024-09-24 05:00:00', 1, b'0'),
(845, 47.00, 13, '2024-07-29 05:00:00', '2024-07-29 05:00:00', 1, b'0'),
(846, 86.00, 6, '2024-01-02 05:00:00', '2024-01-02 05:00:00', 3, b'0'),
(847, 8.00, 30, '2024-03-18 05:00:00', '2024-03-18 05:00:00', 2, b'0'),
(848, 94.00, 13, '2024-03-21 05:00:00', '2024-03-21 05:00:00', 4, b'1'),
(849, 120.00, 9, '2024-10-15 05:00:00', '2024-10-15 05:00:00', 1, b'1'),
(850, 20.00, 30, '2024-03-11 05:00:00', '2024-03-11 05:00:00', 1, b'1'),
(851, 77.00, 34, '2024-07-17 05:00:00', '2024-07-17 05:00:00', 3, b'1'),
(852, 113.00, 2, '2024-04-11 05:00:00', '2024-04-11 05:00:00', 1, b'0'),
(853, 185.00, 11, '2024-08-06 05:00:00', '2024-08-06 05:00:00', 2, b'1'),
(854, 98.00, 22, '2024-06-14 05:00:00', '2024-06-14 05:00:00', 3, b'1'),
(855, 22.00, 32, '2024-10-02 05:00:00', '2024-10-02 05:00:00', 2, b'1'),
(856, 22.00, 7, '2024-05-28 05:00:00', '2024-05-28 05:00:00', 1, b'0'),
(857, 186.00, 22, '2024-08-29 05:00:00', '2024-08-29 05:00:00', 1, b'1'),
(858, 34.00, 18, '2024-06-06 05:00:00', '2024-06-06 05:00:00', 3, b'0'),
(859, 42.00, 26, '2024-10-07 05:00:00', '2024-10-07 05:00:00', 3, b'1'),
(860, 19.00, 27, '2024-01-06 05:00:00', '2024-01-06 05:00:00', 1, b'0'),
(861, 191.00, 7, '2024-07-29 05:00:00', '2024-07-29 05:00:00', 1, b'0'),
(862, 74.00, 25, '2024-01-25 05:00:00', '2024-01-25 05:00:00', 1, b'0'),
(863, 90.00, 30, '2024-06-02 05:00:00', '2024-06-02 05:00:00', 1, b'0'),
(864, 72.00, 11, '2024-03-02 05:00:00', '2024-03-02 05:00:00', 3, b'0'),
(865, 84.00, 36, '2024-01-02 05:00:00', '2024-01-02 05:00:00', 4, b'1'),
(866, 157.00, 30, '2024-08-02 05:00:00', '2024-08-02 05:00:00', 2, b'1'),
(867, 86.00, 7, '2024-05-27 05:00:00', '2024-05-27 05:00:00', 1, b'0'),
(868, 81.00, 7, '2024-03-06 05:00:00', '2024-03-06 05:00:00', 2, b'0'),
(869, 49.00, 8, '2024-02-10 05:00:00', '2024-02-10 05:00:00', 4, b'1'),
(870, 187.00, 13, '2024-08-18 05:00:00', '2024-08-18 05:00:00', 3, b'0'),
(871, 129.00, 16, '2024-07-12 05:00:00', '2024-07-12 05:00:00', 2, b'0'),
(872, 131.00, 5, '2024-02-23 05:00:00', '2024-02-23 05:00:00', 3, b'0'),
(873, 26.00, 23, '2024-01-31 05:00:00', '2024-01-31 05:00:00', 3, b'1'),
(874, 70.00, 12, '2024-09-22 05:00:00', '2024-09-22 05:00:00', 1, b'1'),
(875, 104.00, 22, '2024-10-19 05:00:00', '2024-10-19 05:00:00', 3, b'0'),
(876, 131.00, 13, '2024-01-27 05:00:00', '2024-01-27 05:00:00', 2, b'1'),
(877, 193.00, 34, '2024-05-16 05:00:00', '2024-05-16 05:00:00', 4, b'0'),
(878, 3.00, 38, '2024-02-17 05:00:00', '2024-02-17 05:00:00', 2, b'0'),
(879, 194.00, 17, '2024-04-07 05:00:00', '2024-04-07 05:00:00', 4, b'1'),
(880, 78.00, 21, '2024-10-02 05:00:00', '2024-10-02 05:00:00', 4, b'0'),
(881, 63.00, 12, '2024-09-19 05:00:00', '2024-09-19 05:00:00', 2, b'1'),
(882, 95.00, 8, '2024-01-17 05:00:00', '2024-01-17 05:00:00', 1, b'0'),
(883, 20.00, 35, '2024-07-09 05:00:00', '2024-07-09 05:00:00', 2, b'1'),
(884, 14.00, 10, '2024-03-10 05:00:00', '2024-03-10 05:00:00', 2, b'0'),
(885, 199.00, 30, '2024-03-22 05:00:00', '2024-03-22 05:00:00', 2, b'0'),
(886, 61.00, 33, '2024-06-05 05:00:00', '2024-06-05 05:00:00', 4, b'1'),
(887, 35.00, 35, '2024-10-26 05:00:00', '2024-10-26 05:00:00', 4, b'0'),
(888, 138.00, 25, '2024-04-18 05:00:00', '2024-04-18 05:00:00', 3, b'0'),
(889, 21.00, 31, '2024-02-21 05:00:00', '2024-02-21 05:00:00', 4, b'0'),
(890, 115.00, 14, '2024-07-20 05:00:00', '2024-07-20 05:00:00', 3, b'0'),
(891, 130.00, 1, '2024-01-26 05:00:00', '2024-01-26 05:00:00', 3, b'0'),
(892, 130.00, 36, '2024-07-30 05:00:00', '2024-07-30 05:00:00', 1, b'1'),
(893, 67.00, 40, '2024-07-17 05:00:00', '2024-07-17 05:00:00', 3, b'0'),
(894, 200.00, 22, '2024-06-07 05:00:00', '2024-06-07 05:00:00', 1, b'0'),
(895, 13.00, 28, '2024-10-07 05:00:00', '2024-10-07 05:00:00', 2, b'1'),
(896, 110.00, 28, '2024-10-31 05:00:00', '2024-10-31 05:00:00', 2, b'0'),
(897, 113.00, 15, '2024-08-16 05:00:00', '2024-08-16 05:00:00', 1, b'1'),
(898, 153.00, 23, '2024-11-04 05:00:00', '2024-11-04 05:00:00', 1, b'1'),
(899, 95.00, 21, '2024-09-27 05:00:00', '2024-09-27 05:00:00', 2, b'0'),
(900, 27.00, 4, '2024-03-02 05:00:00', '2024-03-02 05:00:00', 2, b'0'),
(901, 193.00, 19, '2024-01-16 05:00:00', '2024-01-16 05:00:00', 2, b'0'),
(902, 105.00, 30, '2024-08-15 05:00:00', '2024-08-15 05:00:00', 3, b'1'),
(903, 11.00, 8, '2024-03-10 05:00:00', '2024-03-10 05:00:00', 3, b'1'),
(904, 121.00, 2, '2024-06-23 05:00:00', '2024-06-23 05:00:00', 3, b'1'),
(905, 49.00, 14, '2024-08-13 05:00:00', '2024-08-13 05:00:00', 3, b'0'),
(906, 71.00, 1, '2024-10-05 05:00:00', '2024-10-05 05:00:00', 3, b'0'),
(907, 140.00, 22, '2024-09-14 05:00:00', '2024-09-14 05:00:00', 2, b'1'),
(908, 102.00, 14, '2024-07-25 05:00:00', '2024-07-25 05:00:00', 3, b'0'),
(909, 128.00, 4, '2024-04-22 05:00:00', '2024-04-22 05:00:00', 2, b'0'),
(910, 29.00, 16, '2024-09-15 05:00:00', '2024-09-15 05:00:00', 1, b'1'),
(911, 39.00, 22, '2024-06-23 05:00:00', '2024-06-23 05:00:00', 1, b'0'),
(912, 59.00, 13, '2024-01-10 05:00:00', '2024-01-10 05:00:00', 3, b'0'),
(913, 109.00, 19, '2024-01-23 05:00:00', '2024-01-23 05:00:00', 1, b'0'),
(914, 34.00, 33, '2024-09-25 05:00:00', '2024-09-25 05:00:00', 4, b'1'),
(915, 138.00, 40, '2024-07-31 05:00:00', '2024-07-31 05:00:00', 1, b'1'),
(916, 32.00, 9, '2024-07-29 05:00:00', '2024-07-29 05:00:00', 2, b'1'),
(917, 143.00, 16, '2024-04-10 05:00:00', '2024-04-10 05:00:00', 4, b'1'),
(918, 20.00, 11, '2024-09-15 05:00:00', '2024-09-15 05:00:00', 1, b'0'),
(919, 38.00, 21, '2024-04-01 05:00:00', '2024-04-01 05:00:00', 3, b'1'),
(920, 54.00, 18, '2024-09-30 05:00:00', '2024-09-30 05:00:00', 1, b'1'),
(921, 183.00, 39, '2024-03-26 05:00:00', '2024-03-26 05:00:00', 4, b'1'),
(922, 9.00, 40, '2024-07-10 05:00:00', '2024-07-10 05:00:00', 3, b'1'),
(923, 176.00, 3, '2024-06-30 05:00:00', '2024-06-30 05:00:00', 4, b'0'),
(924, 196.00, 16, '2024-06-12 05:00:00', '2024-06-12 05:00:00', 2, b'1'),
(925, 67.00, 37, '2024-10-24 05:00:00', '2024-10-24 05:00:00', 2, b'1'),
(926, 97.00, 39, '2024-02-10 05:00:00', '2024-02-10 05:00:00', 3, b'0'),
(927, 182.00, 12, '2024-08-05 05:00:00', '2024-08-05 05:00:00', 3, b'0'),
(928, 31.00, 21, '2024-04-05 05:00:00', '2024-04-05 05:00:00', 4, b'0'),
(929, 55.00, 22, '2024-08-03 05:00:00', '2024-08-03 05:00:00', 1, b'0'),
(930, 13.00, 40, '2024-09-06 05:00:00', '2024-09-06 05:00:00', 4, b'0'),
(931, 130.00, 11, '2024-02-07 05:00:00', '2024-02-07 05:00:00', 3, b'1'),
(932, 128.00, 1, '2024-05-13 05:00:00', '2024-05-13 05:00:00', 3, b'1'),
(933, 190.00, 10, '2024-07-16 05:00:00', '2024-07-16 05:00:00', 1, b'1'),
(934, 109.00, 21, '2024-02-12 05:00:00', '2024-02-12 05:00:00', 1, b'1'),
(935, 152.00, 8, '2024-02-09 05:00:00', '2024-02-09 05:00:00', 1, b'1'),
(936, 113.00, 6, '2024-04-24 05:00:00', '2024-04-24 05:00:00', 1, b'0'),
(937, 95.00, 26, '2024-06-07 05:00:00', '2024-06-07 05:00:00', 3, b'1'),
(938, 187.00, 14, '2024-05-08 05:00:00', '2024-05-08 05:00:00', 4, b'0'),
(939, 174.00, 26, '2024-06-02 05:00:00', '2024-06-02 05:00:00', 4, b'1'),
(940, 155.00, 5, '2024-06-01 05:00:00', '2024-06-01 05:00:00', 4, b'1'),
(941, 79.00, 23, '2024-07-21 05:00:00', '2024-07-21 05:00:00', 3, b'1'),
(942, 176.00, 4, '2024-07-18 05:00:00', '2024-07-18 05:00:00', 4, b'1'),
(943, 8.00, 8, '2024-11-08 05:00:00', '2024-11-08 05:00:00', 4, b'0'),
(944, 133.00, 21, '2024-05-15 05:00:00', '2024-05-15 05:00:00', 1, b'1'),
(945, 157.00, 31, '2024-02-21 05:00:00', '2024-02-21 05:00:00', 3, b'0'),
(946, 124.00, 24, '2024-02-07 05:00:00', '2024-02-07 05:00:00', 4, b'1'),
(947, 196.00, 29, '2024-01-20 05:00:00', '2024-01-20 05:00:00', 1, b'1'),
(948, 60.00, 14, '2024-08-19 05:00:00', '2024-08-19 05:00:00', 4, b'1'),
(949, 77.00, 40, '2024-05-27 05:00:00', '2024-05-27 05:00:00', 2, b'0'),
(950, 186.00, 17, '2024-07-18 05:00:00', '2024-07-18 05:00:00', 2, b'1'),
(951, 83.00, 12, '2024-03-27 05:00:00', '2024-03-27 05:00:00', 3, b'1'),
(952, 19.00, 29, '2024-01-10 05:00:00', '2024-01-10 05:00:00', 1, b'0'),
(953, 44.00, 5, '2024-10-15 05:00:00', '2024-10-15 05:00:00', 4, b'1'),
(954, 61.00, 33, '2024-05-03 05:00:00', '2024-05-03 05:00:00', 1, b'1'),
(955, 92.00, 14, '2024-03-07 05:00:00', '2024-03-07 05:00:00', 4, b'0'),
(956, 62.00, 9, '2024-05-23 05:00:00', '2024-05-23 05:00:00', 1, b'1'),
(957, 100.00, 14, '2024-04-11 05:00:00', '2024-04-11 05:00:00', 4, b'0'),
(958, 123.00, 23, '2024-10-03 05:00:00', '2024-10-03 05:00:00', 4, b'0'),
(959, 180.00, 2, '2024-06-28 05:00:00', '2024-06-28 05:00:00', 3, b'0'),
(960, 188.00, 37, '2024-04-30 05:00:00', '2024-04-30 05:00:00', 4, b'0'),
(961, 159.00, 11, '2024-09-14 05:00:00', '2024-09-14 05:00:00', 1, b'0'),
(962, 114.00, 39, '2024-09-28 05:00:00', '2024-09-28 05:00:00', 2, b'0'),
(963, 86.00, 1, '2024-04-11 05:00:00', '2024-04-11 05:00:00', 3, b'0'),
(964, 139.00, 13, '2024-10-21 05:00:00', '2024-10-21 05:00:00', 1, b'1'),
(965, 39.00, 15, '2024-09-12 05:00:00', '2024-09-12 05:00:00', 1, b'0'),
(966, 115.00, 27, '2024-09-12 05:00:00', '2024-09-12 05:00:00', 3, b'0'),
(967, 151.00, 8, '2024-07-18 05:00:00', '2024-07-18 05:00:00', 3, b'0'),
(968, 164.00, 21, '2024-08-06 05:00:00', '2024-08-06 05:00:00', 3, b'1'),
(969, 78.00, 23, '2024-02-27 05:00:00', '2024-02-27 05:00:00', 1, b'0'),
(970, 176.00, 2, '2024-03-14 05:00:00', '2024-03-14 05:00:00', 4, b'1'),
(971, 33.00, 9, '2024-06-21 05:00:00', '2024-06-21 05:00:00', 2, b'1'),
(972, 101.00, 12, '2024-02-24 05:00:00', '2024-02-24 05:00:00', 4, b'1'),
(973, 163.00, 5, '2024-06-09 05:00:00', '2024-06-09 05:00:00', 4, b'1'),
(974, 7.00, 38, '2024-08-17 05:00:00', '2024-08-17 05:00:00', 3, b'1'),
(975, 63.00, 30, '2024-09-21 05:00:00', '2024-09-21 05:00:00', 3, b'0'),
(976, 64.00, 33, '2024-05-21 05:00:00', '2024-05-21 05:00:00', 4, b'1'),
(977, 13.00, 12, '2024-06-17 05:00:00', '2024-06-17 05:00:00', 2, b'1'),
(978, 162.00, 16, '2024-07-17 05:00:00', '2024-07-17 05:00:00', 1, b'1'),
(979, 50.00, 26, '2024-05-15 05:00:00', '2024-05-15 05:00:00', 3, b'0'),
(980, 181.00, 25, '2024-03-08 05:00:00', '2024-03-08 05:00:00', 2, b'1'),
(981, 161.00, 20, '2024-06-26 05:00:00', '2024-06-26 05:00:00', 3, b'0'),
(982, 159.00, 30, '2024-10-07 05:00:00', '2024-10-07 05:00:00', 1, b'1'),
(983, 197.00, 36, '2024-10-01 05:00:00', '2024-10-01 05:00:00', 2, b'0'),
(984, 114.00, 7, '2024-04-24 05:00:00', '2024-04-24 05:00:00', 4, b'1'),
(985, 32.00, 27, '2024-07-14 05:00:00', '2024-07-14 05:00:00', 1, b'0'),
(986, 184.00, 36, '2024-03-09 05:00:00', '2024-03-09 05:00:00', 3, b'0'),
(987, 43.00, 24, '2024-03-13 05:00:00', '2024-03-13 05:00:00', 4, b'1'),
(988, 75.00, 10, '2024-09-26 05:00:00', '2024-09-26 05:00:00', 3, b'1'),
(989, 44.00, 26, '2024-09-17 05:00:00', '2024-09-17 05:00:00', 2, b'0'),
(990, 6.00, 35, '2024-04-25 05:00:00', '2024-04-25 05:00:00', 1, b'0'),
(991, 87.00, 29, '2024-03-08 05:00:00', '2024-03-08 05:00:00', 1, b'1'),
(992, 56.00, 40, '2024-02-27 05:00:00', '2024-02-27 05:00:00', 2, b'1'),
(993, 168.00, 12, '2024-08-02 05:00:00', '2024-08-02 05:00:00', 1, b'1'),
(994, 119.00, 4, '2024-04-06 05:00:00', '2024-04-06 05:00:00', 3, b'0'),
(995, 45.00, 7, '2024-05-24 05:00:00', '2024-05-24 05:00:00', 4, b'1'),
(996, 71.00, 27, '2024-02-18 05:00:00', '2024-02-18 05:00:00', 1, b'1'),
(997, 190.00, 13, '2024-03-09 05:00:00', '2024-03-09 05:00:00', 4, b'0'),
(998, 39.00, 25, '2024-07-20 05:00:00', '2024-07-20 05:00:00', 3, b'0'),
(999, 107.00, 32, '2024-09-30 05:00:00', '2024-09-30 05:00:00', 2, b'1'),
(1000, 116.00, 20, '2024-04-26 05:00:00', '2024-04-26 05:00:00', 2, b'1'),
(1001, 5.00, 2, '2024-11-11 13:09:26', '2024-11-11 13:09:26', 7, b'1'),
(1002, 8.50, 1, '2024-11-21 15:50:47', '2024-11-21 15:50:47', 7, b'1'),
(1003, 6.00, 5, '2024-11-21 15:57:16', '2024-11-21 15:57:16', 7, b'1'),
(1004, 6.60, 4, '2024-11-29 05:23:31', '2024-11-29 05:23:31', 2, b'1');

-- --------------------------------------------------------

--
-- Estructura de tabla para la tabla `venta_detalle`
--

CREATE TABLE `venta_detalle` (
  `id` bigint(20) UNSIGNED NOT NULL,
  `cantidad` int(11) NOT NULL,
  `id_venta` bigint(20) UNSIGNED NOT NULL,
  `id_producto` bigint(20) UNSIGNED NOT NULL,
  `created_at` timestamp NULL DEFAULT NULL,
  `updated_at` timestamp NULL DEFAULT NULL,
  `preciopoducto` decimal(10,2) DEFAULT NULL,
  `preciocompraproducto` decimal(6,2) DEFAULT NULL
) ENGINE=InnoDB DEFAULT CHARSET=utf8mb4 COLLATE=utf8mb4_unicode_ci;

--
-- Volcado de datos para la tabla `venta_detalle`
--

INSERT INTO `venta_detalle` (`id`, `cantidad`, `id_venta`, `id_producto`, `created_at`, `updated_at`, `preciopoducto`, `preciocompraproducto`) VALUES
(1, 3, 1, 55, '2024-03-12 05:00:00', '2024-03-12 05:00:00', 3.50, 3.50),
(2, 9, 2, 36, '2024-10-10 05:00:00', '2024-10-10 05:00:00', 0.70, 0.70),
(3, 3, 3, 56, '2024-08-30 05:00:00', '2024-08-30 05:00:00', 1.20, 1.20),
(4, 6, 3, 47, '2024-08-30 05:00:00', '2024-08-30 05:00:00', 4.50, 4.50),
(5, 10, 4, 18, '2024-04-12 05:00:00', '2024-04-12 05:00:00', 2.00, 2.00),
(6, 8, 4, 21, '2024-04-12 05:00:00', '2024-04-12 05:00:00', 2.50, 2.50),
(7, 10, 5, 12, '2024-01-24 05:00:00', '2024-01-24 05:00:00', 1.50, 1.50),
(8, 1, 5, 38, '2024-01-24 05:00:00', '2024-01-24 05:00:00', 7.50, 7.50),
(9, 9, 5, 6, '2024-01-24 05:00:00', '2024-01-24 05:00:00', 1.80, 1.80),
(10, 8, 5, 44, '2024-01-24 05:00:00', '2024-01-24 05:00:00', 5.50, 5.50),
(11, 7, 6, 45, '2024-07-25 05:00:00', '2024-07-25 05:00:00', 3.50, 3.50),
(12, 9, 6, 5, '2024-07-25 05:00:00', '2024-07-25 05:00:00', 6.50, 6.50),
(13, 8, 7, 52, '2024-09-29 05:00:00', '2024-09-29 05:00:00', 1.50, 1.50),
(14, 10, 7, 37, '2024-09-29 05:00:00', '2024-09-29 05:00:00', 4.50, 4.50),
(15, 7, 8, 30, '2024-04-07 05:00:00', '2024-04-07 05:00:00', 10.00, 10.00),
(16, 8, 8, 24, '2024-04-07 05:00:00', '2024-04-07 05:00:00', 3.00, 3.00),
(17, 1, 9, 49, '2024-01-14 05:00:00', '2024-01-14 05:00:00', 2.50, 2.50),
(18, 4, 9, 57, '2024-01-14 05:00:00', '2024-01-14 05:00:00', 1.80, 1.80),
(19, 7, 10, 53, '2024-03-02 05:00:00', '2024-03-02 05:00:00', 1.50, 1.50),
(20, 5, 10, 53, '2024-03-02 05:00:00', '2024-03-02 05:00:00', 1.50, 1.50),
(21, 6, 10, 61, '2024-03-02 05:00:00', '2024-03-02 05:00:00', 4.50, 4.50),
(22, 8, 11, 20, '2024-11-10 05:00:00', '2024-11-10 05:00:00', 2.50, 2.50),
(23, 6, 11, 48, '2024-11-10 05:00:00', '2024-11-10 05:00:00', 2.80, 2.80),
(24, 8, 11, 45, '2024-11-10 05:00:00', '2024-11-10 05:00:00', 3.50, 3.50),
(25, 9, 11, 41, '2024-11-10 05:00:00', '2024-11-10 05:00:00', 9.00, 9.00),
(26, 3, 12, 22, '2024-03-15 05:00:00', '2024-03-15 05:00:00', 5.00, 5.00),
(27, 4, 12, 47, '2024-03-15 05:00:00', '2024-03-15 05:00:00', 4.50, 4.50),
(28, 2, 12, 46, '2024-03-15 05:00:00', '2024-03-15 05:00:00', 3.50, 3.50),
(29, 7, 12, 27, '2024-03-15 05:00:00', '2024-03-15 05:00:00', 9.00, 9.00),
(30, 3, 12, 27, '2024-03-15 05:00:00', '2024-03-15 05:00:00', 9.00, 9.00),
(31, 6, 13, 36, '2024-06-10 05:00:00', '2024-06-10 05:00:00', 0.70, 0.70),
(32, 8, 13, 30, '2024-06-10 05:00:00', '2024-06-10 05:00:00', 10.00, 10.00),
(33, 10, 14, 31, '2024-10-16 05:00:00', '2024-10-16 05:00:00', 0.70, 0.70),
(34, 2, 14, 12, '2024-10-16 05:00:00', '2024-10-16 05:00:00', 1.50, 1.50),
(35, 1, 15, 35, '2024-05-05 05:00:00', '2024-05-05 05:00:00', 0.50, 0.50),
(36, 4, 15, 62, '2024-05-05 05:00:00', '2024-05-05 05:00:00', 12.00, 12.00),
(37, 6, 15, 38, '2024-05-05 05:00:00', '2024-05-05 05:00:00', 7.50, 7.50),
(38, 3, 16, 4, '2024-10-20 05:00:00', '2024-10-20 05:00:00', 2.00, 2.00),
(39, 7, 16, 47, '2024-10-20 05:00:00', '2024-10-20 05:00:00', 4.50, 4.50),
(40, 7, 17, 22, '2024-02-22 05:00:00', '2024-02-22 05:00:00', 5.00, 5.00),
(41, 9, 17, 44, '2024-02-22 05:00:00', '2024-02-22 05:00:00', 5.50, 5.50),
(42, 5, 17, 28, '2024-02-22 05:00:00', '2024-02-22 05:00:00', 3.50, 3.50),
(43, 1, 18, 21, '2024-09-05 05:00:00', '2024-09-05 05:00:00', 2.50, 2.50),
(44, 4, 18, 57, '2024-09-05 05:00:00', '2024-09-05 05:00:00', 1.80, 1.80),
(45, 7, 18, 36, '2024-09-05 05:00:00', '2024-09-05 05:00:00', 0.70, 0.70),
(46, 1, 18, 29, '2024-09-05 05:00:00', '2024-09-05 05:00:00', 3.50, 3.50),
(47, 7, 19, 35, '2024-05-12 05:00:00', '2024-05-12 05:00:00', 0.50, 0.50),
(48, 2, 20, 11, '2024-10-08 05:00:00', '2024-10-08 05:00:00', 1.20, 1.20),
(49, 4, 21, 54, '2024-11-01 05:00:00', '2024-11-01 05:00:00', 3.30, 3.30),
(50, 7, 21, 4, '2024-11-01 05:00:00', '2024-11-01 05:00:00', 2.00, 2.00),
(51, 1, 21, 51, '2024-11-01 05:00:00', '2024-11-01 05:00:00', 1.80, 1.80),
(52, 3, 21, 42, '2024-11-01 05:00:00', '2024-11-01 05:00:00', 2.50, 2.50),
(53, 8, 22, 29, '2024-06-01 05:00:00', '2024-06-01 05:00:00', 3.50, 3.50),
(54, 4, 22, 29, '2024-06-01 05:00:00', '2024-06-01 05:00:00', 3.50, 3.50),
(55, 3, 22, 11, '2024-06-01 05:00:00', '2024-06-01 05:00:00', 1.20, 1.20),
(56, 2, 23, 10, '2024-09-25 05:00:00', '2024-09-25 05:00:00', 1.50, 1.50),
(57, 8, 23, 30, '2024-09-25 05:00:00', '2024-09-25 05:00:00', 10.00, 10.00),
(58, 8, 24, 47, '2024-10-04 05:00:00', '2024-10-04 05:00:00', 4.50, 4.50),
(59, 2, 24, 41, '2024-10-04 05:00:00', '2024-10-04 05:00:00', 9.00, 9.00),
(60, 9, 25, 18, '2024-02-17 05:00:00', '2024-02-17 05:00:00', 2.00, 2.00),
(61, 3, 25, 33, '2024-02-17 05:00:00', '2024-02-17 05:00:00', 0.80, 0.80),
(62, 5, 25, 6, '2024-02-17 05:00:00', '2024-02-17 05:00:00', 1.80, 1.80),
(63, 7, 26, 15, '2024-11-02 05:00:00', '2024-11-02 05:00:00', 4.50, 4.50),
(64, 2, 26, 15, '2024-11-02 05:00:00', '2024-11-02 05:00:00', 4.50, 4.50),
(65, 7, 26, 38, '2024-11-02 05:00:00', '2024-11-02 05:00:00', 7.50, 7.50),
(66, 8, 27, 56, '2024-10-08 05:00:00', '2024-10-08 05:00:00', 1.20, 1.20),
(67, 10, 27, 7, '2024-10-08 05:00:00', '2024-10-08 05:00:00', 8.00, 8.00),
(68, 1, 27, 37, '2024-10-08 05:00:00', '2024-10-08 05:00:00', 4.50, 4.50),
(69, 6, 28, 4, '2024-08-15 05:00:00', '2024-08-15 05:00:00', 2.00, 2.00),
(70, 10, 28, 34, '2024-08-15 05:00:00', '2024-08-15 05:00:00', 1.80, 1.80),
(71, 9, 28, 47, '2024-08-15 05:00:00', '2024-08-15 05:00:00', 4.50, 4.50),
(72, 7, 28, 48, '2024-08-15 05:00:00', '2024-08-15 05:00:00', 2.80, 2.80),
(73, 1, 29, 28, '2024-03-16 05:00:00', '2024-03-16 05:00:00', 3.50, 3.50),
(74, 6, 29, 54, '2024-03-16 05:00:00', '2024-03-16 05:00:00', 3.30, 3.30),
(75, 8, 30, 31, '2024-10-24 05:00:00', '2024-10-24 05:00:00', 0.70, 0.70),
(76, 4, 30, 58, '2024-10-24 05:00:00', '2024-10-24 05:00:00', 1.80, 1.80),
(77, 6, 31, 17, '2024-04-14 05:00:00', '2024-04-14 05:00:00', 6.50, 6.50),
(78, 9, 31, 34, '2024-04-14 05:00:00', '2024-04-14 05:00:00', 1.80, 1.80),
(79, 3, 32, 46, '2024-09-05 05:00:00', '2024-09-05 05:00:00', 3.50, 3.50),
(80, 3, 32, 32, '2024-09-05 05:00:00', '2024-09-05 05:00:00', 0.80, 0.80),
(81, 6, 32, 62, '2024-09-05 05:00:00', '2024-09-05 05:00:00', 12.00, 12.00),
(82, 7, 32, 54, '2024-09-05 05:00:00', '2024-09-05 05:00:00', 3.30, 3.30),
(83, 9, 33, 43, '2024-06-21 05:00:00', '2024-06-21 05:00:00', 2.80, 2.80),
(84, 7, 33, 17, '2024-06-21 05:00:00', '2024-06-21 05:00:00', 6.50, 6.50),
(85, 9, 33, 36, '2024-06-21 05:00:00', '2024-06-21 05:00:00', 0.70, 0.70),
(86, 5, 34, 61, '2024-09-29 05:00:00', '2024-09-29 05:00:00', 4.50, 4.50),
(87, 7, 34, 26, '2024-09-29 05:00:00', '2024-09-29 05:00:00', 9.50, 9.50),
(88, 1, 34, 59, '2024-09-29 05:00:00', '2024-09-29 05:00:00', 1.80, 1.80),
(89, 3, 34, 43, '2024-09-29 05:00:00', '2024-09-29 05:00:00', 2.80, 2.80),
(90, 3, 35, 9, '2024-07-07 05:00:00', '2024-07-07 05:00:00', 7.00, 7.00),
(91, 1, 35, 43, '2024-07-07 05:00:00', '2024-07-07 05:00:00', 2.80, 2.80),
(92, 6, 35, 63, '2024-07-07 05:00:00', '2024-07-07 05:00:00', 12.00, 12.00),
(93, 8, 36, 26, '2024-04-23 05:00:00', '2024-04-23 05:00:00', 9.50, 9.50),
(94, 6, 36, 33, '2024-04-23 05:00:00', '2024-04-23 05:00:00', 0.80, 0.80),
(95, 7, 37, 27, '2024-05-07 05:00:00', '2024-05-07 05:00:00', 9.00, 9.00),
(96, 3, 37, 3, '2024-05-07 05:00:00', '2024-05-07 05:00:00', 9.00, 9.00),
(97, 6, 37, 44, '2024-05-07 05:00:00', '2024-05-07 05:00:00', 5.50, 5.50),
(98, 4, 38, 61, '2024-08-12 05:00:00', '2024-08-12 05:00:00', 4.50, 4.50),
(99, 2, 38, 59, '2024-08-12 05:00:00', '2024-08-12 05:00:00', 1.80, 1.80),
(100, 3, 39, 36, '2024-06-23 05:00:00', '2024-06-23 05:00:00', 0.70, 0.70),
(101, 8, 39, 54, '2024-06-23 05:00:00', '2024-06-23 05:00:00', 3.30, 3.30),
(102, 10, 40, 18, '2024-02-10 05:00:00', '2024-02-10 05:00:00', 2.00, 2.00),
(103, 3, 40, 7, '2024-02-10 05:00:00', '2024-02-10 05:00:00', 8.00, 8.00),
(104, 1, 40, 20, '2024-02-10 05:00:00', '2024-02-10 05:00:00', 2.50, 2.50),
(105, 4, 41, 33, '2024-01-22 05:00:00', '2024-01-22 05:00:00', 0.80, 0.80),
(106, 10, 41, 14, '2024-01-22 05:00:00', '2024-01-22 05:00:00', 4.50, 4.50),
(107, 4, 42, 24, '2024-10-18 05:00:00', '2024-10-18 05:00:00', 3.00, 3.00),
(108, 7, 42, 11, '2024-10-18 05:00:00', '2024-10-18 05:00:00', 1.20, 1.20),
(109, 1, 42, 34, '2024-10-18 05:00:00', '2024-10-18 05:00:00', 1.80, 1.80),
(110, 5, 43, 10, '2024-07-03 05:00:00', '2024-07-03 05:00:00', 1.50, 1.50),
(111, 6, 43, 15, '2024-07-03 05:00:00', '2024-07-03 05:00:00', 4.50, 4.50),
(112, 8, 43, 63, '2024-07-03 05:00:00', '2024-07-03 05:00:00', 12.00, 12.00),
(113, 1, 44, 33, '2024-06-07 05:00:00', '2024-06-07 05:00:00', 0.80, 0.80),
(114, 10, 44, 7, '2024-06-07 05:00:00', '2024-06-07 05:00:00', 8.00, 8.00),
(115, 2, 44, 56, '2024-06-07 05:00:00', '2024-06-07 05:00:00', 1.20, 1.20),
(116, 6, 44, 34, '2024-06-07 05:00:00', '2024-06-07 05:00:00', 1.80, 1.80),
(117, 4, 45, 9, '2024-06-12 05:00:00', '2024-06-12 05:00:00', 7.00, 7.00),
(118, 2, 45, 5, '2024-06-12 05:00:00', '2024-06-12 05:00:00', 6.50, 6.50),
(119, 6, 45, 31, '2024-06-12 05:00:00', '2024-06-12 05:00:00', 0.70, 0.70),
(120, 4, 46, 33, '2024-02-08 05:00:00', '2024-02-08 05:00:00', 0.80, 0.80),
(121, 2, 46, 11, '2024-02-08 05:00:00', '2024-02-08 05:00:00', 1.20, 1.20),
(122, 9, 46, 14, '2024-02-08 05:00:00', '2024-02-08 05:00:00', 4.50, 4.50),
(123, 2, 46, 63, '2024-02-08 05:00:00', '2024-02-08 05:00:00', 12.00, 12.00),
(124, 2, 47, 26, '2024-05-08 05:00:00', '2024-05-08 05:00:00', 9.50, 9.50),
(125, 6, 47, 12, '2024-05-08 05:00:00', '2024-05-08 05:00:00', 1.50, 1.50),
(126, 7, 47, 53, '2024-05-08 05:00:00', '2024-05-08 05:00:00', 1.50, 1.50),
(127, 7, 48, 10, '2024-05-22 05:00:00', '2024-05-22 05:00:00', 1.50, 1.50),
(128, 9, 48, 32, '2024-05-22 05:00:00', '2024-05-22 05:00:00', 0.80, 0.80),
(129, 2, 48, 15, '2024-05-22 05:00:00', '2024-05-22 05:00:00', 4.50, 4.50),
(130, 5, 49, 56, '2024-05-07 05:00:00', '2024-05-07 05:00:00', 1.20, 1.20),
(131, 1, 50, 10, '2024-01-29 05:00:00', '2024-01-29 05:00:00', 1.50, 1.50),
(132, 7, 50, 1, '2024-01-29 05:00:00', '2024-01-29 05:00:00', 9.00, 9.00),
(133, 9, 51, 20, '2024-03-06 05:00:00', '2024-03-06 05:00:00', 2.50, 2.50),
(134, 10, 51, 35, '2024-03-06 05:00:00', '2024-03-06 05:00:00', 0.50, 0.50),
(135, 5, 51, 57, '2024-03-06 05:00:00', '2024-03-06 05:00:00', 1.80, 1.80),
(136, 2, 52, 13, '2024-09-07 05:00:00', '2024-09-07 05:00:00', 1.50, 1.50),
(137, 1, 53, 28, '2024-11-09 05:00:00', '2024-11-09 05:00:00', 3.50, 3.50),
(138, 2, 53, 54, '2024-11-09 05:00:00', '2024-11-09 05:00:00', 3.30, 3.30),
(139, 3, 53, 29, '2024-11-09 05:00:00', '2024-11-09 05:00:00', 3.50, 3.50),
(140, 4, 53, 2, '2024-11-09 05:00:00', '2024-11-09 05:00:00', 2.00, 2.00),
(141, 6, 54, 7, '2024-09-07 05:00:00', '2024-09-07 05:00:00', 8.00, 8.00),
(142, 6, 54, 39, '2024-09-07 05:00:00', '2024-09-07 05:00:00', 8.00, 8.00),
(143, 10, 54, 61, '2024-09-07 05:00:00', '2024-09-07 05:00:00', 4.50, 4.50),
(144, 2, 55, 12, '2024-02-10 05:00:00', '2024-02-10 05:00:00', 1.50, 1.50),
(145, 7, 55, 3, '2024-02-10 05:00:00', '2024-02-10 05:00:00', 9.00, 9.00),
(146, 1, 55, 37, '2024-02-10 05:00:00', '2024-02-10 05:00:00', 4.50, 4.50),
(147, 6, 56, 41, '2024-04-26 05:00:00', '2024-04-26 05:00:00', 9.00, 9.00),
(148, 8, 56, 36, '2024-04-26 05:00:00', '2024-04-26 05:00:00', 0.70, 0.70),
(149, 2, 56, 56, '2024-04-26 05:00:00', '2024-04-26 05:00:00', 1.20, 1.20),
(150, 3, 57, 4, '2024-01-29 05:00:00', '2024-01-29 05:00:00', 2.00, 2.00),
(151, 4, 58, 33, '2024-07-13 05:00:00', '2024-07-13 05:00:00', 0.80, 0.80),
(152, 3, 58, 48, '2024-07-13 05:00:00', '2024-07-13 05:00:00', 2.80, 2.80),
(153, 10, 59, 43, '2024-10-10 05:00:00', '2024-10-10 05:00:00', 2.80, 2.80),
(154, 10, 59, 34, '2024-10-10 05:00:00', '2024-10-10 05:00:00', 1.80, 1.80),
(155, 7, 59, 7, '2024-10-10 05:00:00', '2024-10-10 05:00:00', 8.00, 8.00),
(156, 4, 60, 18, '2024-02-22 05:00:00', '2024-02-22 05:00:00', 2.00, 2.00),
(157, 4, 60, 40, '2024-02-22 05:00:00', '2024-02-22 05:00:00', 9.00, 9.00),
(158, 5, 60, 11, '2024-02-22 05:00:00', '2024-02-22 05:00:00', 1.20, 1.20),
(159, 2, 61, 24, '2024-10-02 05:00:00', '2024-10-02 05:00:00', 3.00, 3.00),
(160, 6, 61, 51, '2024-10-02 05:00:00', '2024-10-02 05:00:00', 1.80, 1.80),
(161, 3, 61, 1, '2024-10-02 05:00:00', '2024-10-02 05:00:00', 9.00, 9.00),
(162, 9, 61, 32, '2024-10-02 05:00:00', '2024-10-02 05:00:00', 0.80, 0.80),
(163, 1, 62, 36, '2024-04-18 05:00:00', '2024-04-18 05:00:00', 0.70, 0.70),
(164, 2, 62, 9, '2024-04-18 05:00:00', '2024-04-18 05:00:00', 7.00, 7.00),
(165, 10, 63, 59, '2024-07-01 05:00:00', '2024-07-01 05:00:00', 1.80, 1.80),
(166, 8, 63, 13, '2024-07-01 05:00:00', '2024-07-01 05:00:00', 1.50, 1.50),
(167, 9, 64, 34, '2024-05-28 05:00:00', '2024-05-28 05:00:00', 1.80, 1.80),
(168, 9, 65, 9, '2024-06-16 05:00:00', '2024-06-16 05:00:00', 7.00, 7.00),
(169, 5, 65, 31, '2024-06-16 05:00:00', '2024-06-16 05:00:00', 0.70, 0.70),
(170, 1, 65, 58, '2024-06-16 05:00:00', '2024-06-16 05:00:00', 1.80, 1.80),
(171, 7, 65, 25, '2024-06-16 05:00:00', '2024-06-16 05:00:00', 2.80, 2.80),
(172, 5, 65, 47, '2024-06-16 05:00:00', '2024-06-16 05:00:00', 4.50, 4.50),
(173, 4, 66, 54, '2024-08-14 05:00:00', '2024-08-14 05:00:00', 3.30, 3.30),
(174, 1, 66, 28, '2024-08-14 05:00:00', '2024-08-14 05:00:00', 3.50, 3.50),
(175, 3, 66, 23, '2024-08-14 05:00:00', '2024-08-14 05:00:00', 3.00, 3.00),
(176, 10, 66, 33, '2024-08-14 05:00:00', '2024-08-14 05:00:00', 0.80, 0.80),
(177, 1, 66, 34, '2024-08-14 05:00:00', '2024-08-14 05:00:00', 1.80, 1.80),
(178, 9, 67, 24, '2024-11-01 05:00:00', '2024-11-01 05:00:00', 3.00, 3.00),
(179, 7, 67, 40, '2024-11-01 05:00:00', '2024-11-01 05:00:00', 9.00, 9.00),
(180, 2, 68, 18, '2024-10-21 05:00:00', '2024-10-21 05:00:00', 2.00, 2.00),
(181, 4, 68, 50, '2024-10-21 05:00:00', '2024-10-21 05:00:00', 2.50, 2.50),
(182, 1, 69, 48, '2024-02-28 05:00:00', '2024-02-28 05:00:00', 2.80, 2.80),
(183, 10, 69, 30, '2024-02-28 05:00:00', '2024-02-28 05:00:00', 10.00, 10.00),
(184, 8, 69, 57, '2024-02-28 05:00:00', '2024-02-28 05:00:00', 1.80, 1.80),
(185, 3, 70, 6, '2024-08-31 05:00:00', '2024-08-31 05:00:00', 1.80, 1.80),
(186, 5, 70, 8, '2024-08-31 05:00:00', '2024-08-31 05:00:00', 1.80, 1.80),
(187, 4, 71, 21, '2024-07-20 05:00:00', '2024-07-20 05:00:00', 2.50, 2.50),
(188, 5, 71, 57, '2024-07-20 05:00:00', '2024-07-20 05:00:00', 1.80, 1.80),
(189, 6, 72, 8, '2024-10-02 05:00:00', '2024-10-02 05:00:00', 1.80, 1.80),
(190, 4, 72, 59, '2024-10-02 05:00:00', '2024-10-02 05:00:00', 1.80, 1.80),
(191, 5, 72, 18, '2024-10-02 05:00:00', '2024-10-02 05:00:00', 2.00, 2.00),
(192, 4, 73, 49, '2024-04-11 05:00:00', '2024-04-11 05:00:00', 2.50, 2.50),
(193, 10, 73, 57, '2024-04-11 05:00:00', '2024-04-11 05:00:00', 1.80, 1.80),
(194, 3, 73, 8, '2024-04-11 05:00:00', '2024-04-11 05:00:00', 1.80, 1.80),
(195, 4, 74, 18, '2024-09-10 05:00:00', '2024-09-10 05:00:00', 2.00, 2.00),
(196, 7, 75, 58, '2024-09-02 05:00:00', '2024-09-02 05:00:00', 1.80, 1.80),
(197, 1, 75, 54, '2024-09-02 05:00:00', '2024-09-02 05:00:00', 3.30, 3.30),
(198, 6, 75, 51, '2024-09-02 05:00:00', '2024-09-02 05:00:00', 1.80, 1.80),
(199, 3, 75, 59, '2024-09-02 05:00:00', '2024-09-02 05:00:00', 1.80, 1.80),
(200, 8, 75, 57, '2024-09-02 05:00:00', '2024-09-02 05:00:00', 1.80, 1.80),
(201, 2, 76, 9, '2024-04-21 05:00:00', '2024-04-21 05:00:00', 7.00, 7.00),
(202, 5, 76, 3, '2024-04-21 05:00:00', '2024-04-21 05:00:00', 9.00, 9.00),
(203, 3, 76, 9, '2024-04-21 05:00:00', '2024-04-21 05:00:00', 7.00, 7.00),
(204, 3, 76, 50, '2024-04-21 05:00:00', '2024-04-21 05:00:00', 2.50, 2.50),
(205, 2, 77, 41, '2024-05-15 05:00:00', '2024-05-15 05:00:00', 9.00, 9.00),
(206, 10, 77, 36, '2024-05-15 05:00:00', '2024-05-15 05:00:00', 0.70, 0.70),
(207, 9, 77, 40, '2024-05-15 05:00:00', '2024-05-15 05:00:00', 9.00, 9.00),
(208, 2, 78, 57, '2024-01-01 05:00:00', '2024-01-01 05:00:00', 1.80, 1.80),
(209, 5, 78, 20, '2024-01-01 05:00:00', '2024-01-01 05:00:00', 2.50, 2.50),
(210, 9, 78, 24, '2024-01-01 05:00:00', '2024-01-01 05:00:00', 3.00, 3.00),
(211, 8, 79, 8, '2024-08-11 05:00:00', '2024-08-11 05:00:00', 1.80, 1.80),
(212, 6, 79, 38, '2024-08-11 05:00:00', '2024-08-11 05:00:00', 7.50, 7.50),
(213, 10, 79, 2, '2024-08-11 05:00:00', '2024-08-11 05:00:00', 2.00, 2.00),
(214, 2, 80, 18, '2024-02-19 05:00:00', '2024-02-19 05:00:00', 2.00, 2.00),
(215, 8, 80, 60, '2024-02-19 05:00:00', '2024-02-19 05:00:00', 4.50, 4.50),
(216, 4, 80, 28, '2024-02-19 05:00:00', '2024-02-19 05:00:00', 3.50, 3.50),
(217, 8, 80, 31, '2024-02-19 05:00:00', '2024-02-19 05:00:00', 0.70, 0.70),
(218, 10, 81, 15, '2024-01-02 05:00:00', '2024-01-02 05:00:00', 4.50, 4.50),
(219, 4, 81, 17, '2024-01-02 05:00:00', '2024-01-02 05:00:00', 6.50, 6.50),
(220, 10, 81, 37, '2024-01-02 05:00:00', '2024-01-02 05:00:00', 4.50, 4.50),
(221, 10, 81, 60, '2024-01-02 05:00:00', '2024-01-02 05:00:00', 4.50, 4.50),
(222, 3, 82, 9, '2024-06-24 05:00:00', '2024-06-24 05:00:00', 7.00, 7.00),
(223, 8, 82, 20, '2024-06-24 05:00:00', '2024-06-24 05:00:00', 2.50, 2.50),
(224, 1, 82, 25, '2024-06-24 05:00:00', '2024-06-24 05:00:00', 2.80, 2.80),
(225, 7, 82, 17, '2024-06-24 05:00:00', '2024-06-24 05:00:00', 6.50, 6.50),
(226, 8, 83, 20, '2024-07-13 05:00:00', '2024-07-13 05:00:00', 2.50, 2.50),
(227, 8, 84, 16, '2024-01-29 05:00:00', '2024-01-29 05:00:00', 5.00, 5.00),
(228, 1, 84, 11, '2024-01-29 05:00:00', '2024-01-29 05:00:00', 1.20, 1.20),
(229, 5, 84, 37, '2024-01-29 05:00:00', '2024-01-29 05:00:00', 4.50, 4.50),
(230, 5, 85, 12, '2024-08-26 05:00:00', '2024-08-26 05:00:00', 1.50, 1.50),
(231, 4, 86, 1, '2024-04-06 05:00:00', '2024-04-06 05:00:00', 9.00, 9.00),
(232, 1, 86, 59, '2024-04-06 05:00:00', '2024-04-06 05:00:00', 1.80, 1.80),
(233, 5, 87, 31, '2024-01-01 05:00:00', '2024-01-01 05:00:00', 0.70, 0.70),
(234, 8, 87, 61, '2024-01-01 05:00:00', '2024-01-01 05:00:00', 4.50, 4.50),
(235, 5, 88, 55, '2024-07-18 05:00:00', '2024-07-18 05:00:00', 3.50, 3.50),
(236, 8, 88, 7, '2024-07-18 05:00:00', '2024-07-18 05:00:00', 8.00, 8.00),
(237, 4, 89, 40, '2024-07-05 05:00:00', '2024-07-05 05:00:00', 9.00, 9.00),
(238, 4, 90, 57, '2024-04-19 05:00:00', '2024-04-19 05:00:00', 1.80, 1.80),
(239, 6, 91, 4, '2024-05-19 05:00:00', '2024-05-19 05:00:00', 2.00, 2.00),
(240, 3, 91, 34, '2024-05-19 05:00:00', '2024-05-19 05:00:00', 1.80, 1.80),
(241, 9, 91, 23, '2024-05-19 05:00:00', '2024-05-19 05:00:00', 3.00, 3.00),
(242, 8, 91, 5, '2024-05-19 05:00:00', '2024-05-19 05:00:00', 6.50, 6.50),
(243, 10, 92, 31, '2024-10-14 05:00:00', '2024-10-14 05:00:00', 0.70, 0.70),
(244, 6, 93, 4, '2024-03-15 05:00:00', '2024-03-15 05:00:00', 2.00, 2.00),
(245, 2, 93, 26, '2024-03-15 05:00:00', '2024-03-15 05:00:00', 9.50, 9.50),
(246, 10, 93, 49, '2024-03-15 05:00:00', '2024-03-15 05:00:00', 2.50, 2.50),
(247, 10, 94, 46, '2024-06-23 05:00:00', '2024-06-23 05:00:00', 3.50, 3.50),
(248, 3, 94, 40, '2024-06-23 05:00:00', '2024-06-23 05:00:00', 9.00, 9.00),
(249, 5, 95, 1, '2024-01-16 05:00:00', '2024-01-16 05:00:00', 9.00, 9.00),
(250, 1, 95, 1, '2024-01-16 05:00:00', '2024-01-16 05:00:00', 9.00, 9.00),
(251, 2, 95, 3, '2024-01-16 05:00:00', '2024-01-16 05:00:00', 9.00, 9.00),
(252, 2, 95, 24, '2024-01-16 05:00:00', '2024-01-16 05:00:00', 3.00, 3.00),
(253, 8, 96, 40, '2024-04-02 05:00:00', '2024-04-02 05:00:00', 9.00, 9.00),
(254, 8, 96, 20, '2024-04-02 05:00:00', '2024-04-02 05:00:00', 2.50, 2.50),
(255, 2, 97, 24, '2024-09-17 05:00:00', '2024-09-17 05:00:00', 3.00, 3.00),
(256, 8, 97, 44, '2024-09-17 05:00:00', '2024-09-17 05:00:00', 5.50, 5.50),
(257, 8, 97, 5, '2024-09-17 05:00:00', '2024-09-17 05:00:00', 6.50, 6.50),
(258, 2, 98, 38, '2024-01-05 05:00:00', '2024-01-05 05:00:00', 7.50, 7.50),
(259, 7, 98, 35, '2024-01-05 05:00:00', '2024-01-05 05:00:00', 0.50, 0.50),
(260, 7, 98, 43, '2024-01-05 05:00:00', '2024-01-05 05:00:00', 2.80, 2.80),
(261, 10, 99, 18, '2024-10-19 05:00:00', '2024-10-19 05:00:00', 2.00, 2.00),
(262, 7, 100, 58, '2024-09-18 05:00:00', '2024-09-18 05:00:00', 1.80, 1.80),
(263, 9, 101, 62, '2024-01-21 05:00:00', '2024-01-21 05:00:00', 12.00, 12.00),
(264, 2, 101, 1, '2024-01-21 05:00:00', '2024-01-21 05:00:00', 9.00, 9.00),
(265, 6, 102, 45, '2024-09-25 05:00:00', '2024-09-25 05:00:00', 3.50, 3.50),
(266, 7, 102, 4, '2024-09-25 05:00:00', '2024-09-25 05:00:00', 2.00, 2.00),
(267, 4, 102, 24, '2024-09-25 05:00:00', '2024-09-25 05:00:00', 3.00, 3.00),
(268, 2, 103, 22, '2024-10-22 05:00:00', '2024-10-22 05:00:00', 5.00, 5.00),
(269, 5, 103, 9, '2024-10-22 05:00:00', '2024-10-22 05:00:00', 7.00, 7.00),
(270, 8, 104, 24, '2024-06-18 05:00:00', '2024-06-18 05:00:00', 3.00, 3.00),
(271, 10, 104, 44, '2024-06-18 05:00:00', '2024-06-18 05:00:00', 5.50, 5.50),
(272, 4, 104, 17, '2024-06-18 05:00:00', '2024-06-18 05:00:00', 6.50, 6.50),
(273, 1, 104, 63, '2024-06-18 05:00:00', '2024-06-18 05:00:00', 12.00, 12.00),
(274, 5, 105, 57, '2024-07-02 05:00:00', '2024-07-02 05:00:00', 1.80, 1.80),
(275, 9, 106, 44, '2024-10-07 05:00:00', '2024-10-07 05:00:00', 5.50, 5.50),
(276, 3, 106, 53, '2024-10-07 05:00:00', '2024-10-07 05:00:00', 1.50, 1.50),
(277, 10, 106, 48, '2024-10-07 05:00:00', '2024-10-07 05:00:00', 2.80, 2.80),
(278, 5, 107, 1, '2024-09-07 05:00:00', '2024-09-07 05:00:00', 9.00, 9.00),
(279, 3, 108, 43, '2024-09-04 05:00:00', '2024-09-04 05:00:00', 2.80, 2.80),
(280, 2, 108, 32, '2024-09-04 05:00:00', '2024-09-04 05:00:00', 0.80, 0.80),
(281, 10, 108, 62, '2024-09-04 05:00:00', '2024-09-04 05:00:00', 12.00, 12.00),
(282, 2, 109, 47, '2024-09-01 05:00:00', '2024-09-01 05:00:00', 4.50, 4.50),
(283, 7, 109, 17, '2024-09-01 05:00:00', '2024-09-01 05:00:00', 6.50, 6.50),
(284, 3, 110, 7, '2024-06-26 05:00:00', '2024-06-26 05:00:00', 8.00, 8.00),
(285, 2, 110, 33, '2024-06-26 05:00:00', '2024-06-26 05:00:00', 0.80, 0.80),
(286, 9, 110, 25, '2024-06-26 05:00:00', '2024-06-26 05:00:00', 2.80, 2.80),
(287, 6, 111, 32, '2024-09-08 05:00:00', '2024-09-08 05:00:00', 0.80, 0.80),
(288, 5, 111, 57, '2024-09-08 05:00:00', '2024-09-08 05:00:00', 1.80, 1.80),
(289, 9, 111, 25, '2024-09-08 05:00:00', '2024-09-08 05:00:00', 2.80, 2.80),
(290, 3, 111, 18, '2024-09-08 05:00:00', '2024-09-08 05:00:00', 2.00, 2.00),
(291, 2, 112, 59, '2024-05-08 05:00:00', '2024-05-08 05:00:00', 1.80, 1.80),
(292, 1, 112, 8, '2024-05-08 05:00:00', '2024-05-08 05:00:00', 1.80, 1.80),
(293, 5, 113, 18, '2024-06-29 05:00:00', '2024-06-29 05:00:00', 2.00, 2.00),
(294, 2, 113, 7, '2024-06-29 05:00:00', '2024-06-29 05:00:00', 8.00, 8.00),
(295, 10, 113, 31, '2024-06-29 05:00:00', '2024-06-29 05:00:00', 0.70, 0.70),
(296, 1, 114, 51, '2024-03-04 05:00:00', '2024-03-04 05:00:00', 1.80, 1.80),
(297, 2, 114, 54, '2024-03-04 05:00:00', '2024-03-04 05:00:00', 3.30, 3.30),
(298, 4, 114, 57, '2024-03-04 05:00:00', '2024-03-04 05:00:00', 1.80, 1.80),
(299, 7, 115, 35, '2024-03-29 05:00:00', '2024-03-29 05:00:00', 0.50, 0.50),
(300, 7, 115, 7, '2024-03-29 05:00:00', '2024-03-29 05:00:00', 8.00, 8.00),
(301, 3, 115, 59, '2024-03-29 05:00:00', '2024-03-29 05:00:00', 1.80, 1.80),
(302, 9, 116, 54, '2024-05-25 05:00:00', '2024-05-25 05:00:00', 3.30, 3.30),
(303, 2, 116, 48, '2024-05-25 05:00:00', '2024-05-25 05:00:00', 2.80, 2.80),
(304, 6, 117, 36, '2024-08-15 05:00:00', '2024-08-15 05:00:00', 0.70, 0.70),
(305, 6, 117, 18, '2024-08-15 05:00:00', '2024-08-15 05:00:00', 2.00, 2.00),
(306, 1, 117, 44, '2024-08-15 05:00:00', '2024-08-15 05:00:00', 5.50, 5.50),
(307, 3, 117, 47, '2024-08-15 05:00:00', '2024-08-15 05:00:00', 4.50, 4.50),
(308, 2, 118, 1, '2024-04-11 05:00:00', '2024-04-11 05:00:00', 9.00, 9.00),
(309, 2, 118, 11, '2024-04-11 05:00:00', '2024-04-11 05:00:00', 1.20, 1.20),
(310, 8, 119, 49, '2024-04-15 05:00:00', '2024-04-15 05:00:00', 2.50, 2.50),
(311, 5, 119, 18, '2024-04-15 05:00:00', '2024-04-15 05:00:00', 2.00, 2.00),
(312, 2, 120, 50, '2024-04-04 05:00:00', '2024-04-04 05:00:00', 2.50, 2.50),
(313, 2, 120, 16, '2024-04-04 05:00:00', '2024-04-04 05:00:00', 5.00, 5.00),
(314, 6, 121, 31, '2024-07-19 05:00:00', '2024-07-19 05:00:00', 0.70, 0.70),
(315, 2, 121, 25, '2024-07-19 05:00:00', '2024-07-19 05:00:00', 2.80, 2.80),
(316, 6, 121, 59, '2024-07-19 05:00:00', '2024-07-19 05:00:00', 1.80, 1.80),
(317, 6, 122, 27, '2024-08-05 05:00:00', '2024-08-05 05:00:00', 9.00, 9.00),
(318, 8, 123, 5, '2024-05-31 05:00:00', '2024-05-31 05:00:00', 6.50, 6.50),
(319, 1, 123, 16, '2024-05-31 05:00:00', '2024-05-31 05:00:00', 5.00, 5.00),
(320, 6, 124, 46, '2024-04-06 05:00:00', '2024-04-06 05:00:00', 3.50, 3.50),
(321, 2, 124, 25, '2024-04-06 05:00:00', '2024-04-06 05:00:00', 2.80, 2.80),
(322, 10, 124, 13, '2024-04-06 05:00:00', '2024-04-06 05:00:00', 1.50, 1.50),
(323, 5, 124, 50, '2024-04-06 05:00:00', '2024-04-06 05:00:00', 2.50, 2.50),
(324, 1, 125, 44, '2024-02-11 05:00:00', '2024-02-11 05:00:00', 5.50, 5.50),
(325, 3, 125, 11, '2024-02-11 05:00:00', '2024-02-11 05:00:00', 1.20, 1.20),
(326, 3, 126, 23, '2024-10-10 05:00:00', '2024-10-10 05:00:00', 3.00, 3.00),
(327, 4, 126, 55, '2024-10-10 05:00:00', '2024-10-10 05:00:00', 3.50, 3.50),
(328, 7, 127, 32, '2024-09-17 05:00:00', '2024-09-17 05:00:00', 0.80, 0.80),
(329, 6, 127, 31, '2024-09-17 05:00:00', '2024-09-17 05:00:00', 0.70, 0.70),
(330, 2, 127, 62, '2024-09-17 05:00:00', '2024-09-17 05:00:00', 12.00, 12.00),
(331, 9, 127, 36, '2024-09-17 05:00:00', '2024-09-17 05:00:00', 0.70, 0.70),
(332, 10, 128, 23, '2024-10-24 05:00:00', '2024-10-24 05:00:00', 3.00, 3.00),
(333, 4, 128, 48, '2024-10-24 05:00:00', '2024-10-24 05:00:00', 2.80, 2.80),
(334, 4, 128, 19, '2024-10-24 05:00:00', '2024-10-24 05:00:00', 2.50, 2.50),
(335, 9, 128, 23, '2024-10-24 05:00:00', '2024-10-24 05:00:00', 3.00, 3.00),
(336, 6, 128, 52, '2024-10-24 05:00:00', '2024-10-24 05:00:00', 1.50, 1.50),
(337, 2, 129, 13, '2024-07-08 05:00:00', '2024-07-08 05:00:00', 1.50, 1.50),
(338, 1, 129, 42, '2024-07-08 05:00:00', '2024-07-08 05:00:00', 2.50, 2.50),
(339, 2, 129, 22, '2024-07-08 05:00:00', '2024-07-08 05:00:00', 5.00, 5.00),
(340, 5, 129, 38, '2024-07-08 05:00:00', '2024-07-08 05:00:00', 7.50, 7.50),
(341, 4, 130, 36, '2024-01-24 05:00:00', '2024-01-24 05:00:00', 0.70, 0.70),
(342, 4, 130, 14, '2024-01-24 05:00:00', '2024-01-24 05:00:00', 4.50, 4.50),
(343, 10, 131, 41, '2024-02-18 05:00:00', '2024-02-18 05:00:00', 9.00, 9.00),
(344, 3, 131, 49, '2024-02-18 05:00:00', '2024-02-18 05:00:00', 2.50, 2.50),
(345, 6, 132, 25, '2024-09-23 05:00:00', '2024-09-23 05:00:00', 2.80, 2.80),
(346, 5, 132, 59, '2024-09-23 05:00:00', '2024-09-23 05:00:00', 1.80, 1.80),
(347, 7, 132, 30, '2024-09-23 05:00:00', '2024-09-23 05:00:00', 10.00, 10.00),
(348, 9, 133, 45, '2024-05-16 05:00:00', '2024-05-16 05:00:00', 3.50, 3.50),
(349, 9, 134, 59, '2024-05-22 05:00:00', '2024-05-22 05:00:00', 1.80, 1.80),
(350, 7, 134, 17, '2024-05-22 05:00:00', '2024-05-22 05:00:00', 6.50, 6.50),
(351, 1, 134, 52, '2024-05-22 05:00:00', '2024-05-22 05:00:00', 1.50, 1.50),
(352, 5, 134, 44, '2024-05-22 05:00:00', '2024-05-22 05:00:00', 5.50, 5.50),
(353, 7, 135, 9, '2024-09-03 05:00:00', '2024-09-03 05:00:00', 7.00, 7.00),
(354, 8, 136, 49, '2024-11-03 05:00:00', '2024-11-03 05:00:00', 2.50, 2.50),
(355, 10, 137, 25, '2024-07-30 05:00:00', '2024-07-30 05:00:00', 2.80, 2.80),
(356, 1, 137, 45, '2024-07-30 05:00:00', '2024-07-30 05:00:00', 3.50, 3.50),
(357, 3, 138, 39, '2024-08-15 05:00:00', '2024-08-15 05:00:00', 8.00, 8.00),
(358, 6, 138, 22, '2024-08-15 05:00:00', '2024-08-15 05:00:00', 5.00, 5.00),
(359, 7, 138, 43, '2024-08-15 05:00:00', '2024-08-15 05:00:00', 2.80, 2.80),
(360, 8, 139, 22, '2024-05-12 05:00:00', '2024-05-12 05:00:00', 5.00, 5.00),
(361, 1, 139, 25, '2024-05-12 05:00:00', '2024-05-12 05:00:00', 2.80, 2.80),
(362, 8, 140, 31, '2024-02-25 05:00:00', '2024-02-25 05:00:00', 0.70, 0.70),
(363, 8, 141, 12, '2024-09-27 05:00:00', '2024-09-27 05:00:00', 1.50, 1.50),
(364, 3, 141, 41, '2024-09-27 05:00:00', '2024-09-27 05:00:00', 9.00, 9.00),
(365, 9, 141, 40, '2024-09-27 05:00:00', '2024-09-27 05:00:00', 9.00, 9.00),
(366, 4, 142, 42, '2024-05-06 05:00:00', '2024-05-06 05:00:00', 2.50, 2.50),
(367, 1, 142, 48, '2024-05-06 05:00:00', '2024-05-06 05:00:00', 2.80, 2.80),
(368, 7, 143, 35, '2024-01-24 05:00:00', '2024-01-24 05:00:00', 0.50, 0.50),
(369, 4, 143, 33, '2024-01-24 05:00:00', '2024-01-24 05:00:00', 0.80, 0.80),
(370, 4, 144, 42, '2024-04-11 05:00:00', '2024-04-11 05:00:00', 2.50, 2.50),
(371, 9, 145, 8, '2024-07-05 05:00:00', '2024-07-05 05:00:00', 1.80, 1.80),
(372, 1, 145, 28, '2024-07-05 05:00:00', '2024-07-05 05:00:00', 3.50, 3.50),
(373, 7, 146, 18, '2024-02-01 05:00:00', '2024-02-01 05:00:00', 2.00, 2.00),
(374, 10, 146, 44, '2024-02-01 05:00:00', '2024-02-01 05:00:00', 5.50, 5.50),
(375, 1, 146, 44, '2024-02-01 05:00:00', '2024-02-01 05:00:00', 5.50, 5.50),
(376, 9, 147, 33, '2024-02-12 05:00:00', '2024-02-12 05:00:00', 0.80, 0.80),
(377, 10, 147, 53, '2024-02-12 05:00:00', '2024-02-12 05:00:00', 1.50, 1.50),
(378, 7, 147, 22, '2024-02-12 05:00:00', '2024-02-12 05:00:00', 5.00, 5.00),
(379, 3, 147, 32, '2024-02-12 05:00:00', '2024-02-12 05:00:00', 0.80, 0.80),
(380, 10, 147, 27, '2024-02-12 05:00:00', '2024-02-12 05:00:00', 9.00, 9.00),
(381, 10, 148, 17, '2024-02-22 05:00:00', '2024-02-22 05:00:00', 6.50, 6.50),
(382, 10, 149, 62, '2024-09-11 05:00:00', '2024-09-11 05:00:00', 12.00, 12.00),
(383, 5, 149, 55, '2024-09-11 05:00:00', '2024-09-11 05:00:00', 3.50, 3.50),
(384, 10, 149, 33, '2024-09-11 05:00:00', '2024-09-11 05:00:00', 0.80, 0.80),
(385, 1, 150, 52, '2024-10-28 05:00:00', '2024-10-28 05:00:00', 1.50, 1.50),
(386, 1, 151, 57, '2024-08-04 05:00:00', '2024-08-04 05:00:00', 1.80, 1.80),
(387, 5, 151, 32, '2024-08-04 05:00:00', '2024-08-04 05:00:00', 0.80, 0.80),
(388, 5, 151, 54, '2024-08-04 05:00:00', '2024-08-04 05:00:00', 3.30, 3.30),
(389, 10, 152, 5, '2024-06-25 05:00:00', '2024-06-25 05:00:00', 6.50, 6.50),
(390, 3, 152, 41, '2024-06-25 05:00:00', '2024-06-25 05:00:00', 9.00, 9.00),
(391, 1, 153, 31, '2024-05-10 05:00:00', '2024-05-10 05:00:00', 0.70, 0.70),
(392, 8, 153, 45, '2024-05-10 05:00:00', '2024-05-10 05:00:00', 3.50, 3.50),
(393, 1, 154, 52, '2024-08-23 05:00:00', '2024-08-23 05:00:00', 1.50, 1.50),
(394, 8, 154, 48, '2024-08-23 05:00:00', '2024-08-23 05:00:00', 2.80, 2.80),
(395, 3, 154, 34, '2024-08-23 05:00:00', '2024-08-23 05:00:00', 1.80, 1.80),
(396, 4, 154, 35, '2024-08-23 05:00:00', '2024-08-23 05:00:00', 0.50, 0.50),
(397, 5, 155, 27, '2024-04-28 05:00:00', '2024-04-28 05:00:00', 9.00, 9.00),
(398, 2, 155, 7, '2024-04-28 05:00:00', '2024-04-28 05:00:00', 8.00, 8.00),
(399, 2, 156, 63, '2024-09-02 05:00:00', '2024-09-02 05:00:00', 12.00, 12.00),
(400, 8, 156, 17, '2024-09-02 05:00:00', '2024-09-02 05:00:00', 6.50, 6.50),
(401, 9, 156, 62, '2024-09-02 05:00:00', '2024-09-02 05:00:00', 12.00, 12.00),
(402, 8, 157, 62, '2024-07-17 05:00:00', '2024-07-17 05:00:00', 12.00, 12.00),
(403, 8, 157, 59, '2024-07-17 05:00:00', '2024-07-17 05:00:00', 1.80, 1.80),
(404, 1, 158, 12, '2024-02-29 05:00:00', '2024-02-29 05:00:00', 1.50, 1.50),
(405, 10, 158, 49, '2024-02-29 05:00:00', '2024-02-29 05:00:00', 2.50, 2.50),
(406, 8, 158, 36, '2024-02-29 05:00:00', '2024-02-29 05:00:00', 0.70, 0.70),
(407, 10, 159, 45, '2024-08-05 05:00:00', '2024-08-05 05:00:00', 3.50, 3.50),
(408, 2, 159, 29, '2024-08-05 05:00:00', '2024-08-05 05:00:00', 3.50, 3.50),
(409, 6, 160, 52, '2024-07-29 05:00:00', '2024-07-29 05:00:00', 1.50, 1.50),
(410, 1, 160, 34, '2024-07-29 05:00:00', '2024-07-29 05:00:00', 1.80, 1.80),
(411, 8, 160, 11, '2024-07-29 05:00:00', '2024-07-29 05:00:00', 1.20, 1.20),
(412, 10, 160, 9, '2024-07-29 05:00:00', '2024-07-29 05:00:00', 7.00, 7.00),
(413, 3, 160, 41, '2024-07-29 05:00:00', '2024-07-29 05:00:00', 9.00, 9.00),
(414, 1, 161, 41, '2024-04-24 05:00:00', '2024-04-24 05:00:00', 9.00, 9.00),
(415, 4, 161, 9, '2024-04-24 05:00:00', '2024-04-24 05:00:00', 7.00, 7.00),
(416, 7, 161, 29, '2024-04-24 05:00:00', '2024-04-24 05:00:00', 3.50, 3.50),
(417, 3, 161, 2, '2024-04-24 05:00:00', '2024-04-24 05:00:00', 2.00, 2.00),
(418, 1, 162, 44, '2024-10-27 05:00:00', '2024-10-27 05:00:00', 5.50, 5.50),
(419, 5, 162, 33, '2024-10-27 05:00:00', '2024-10-27 05:00:00', 0.80, 0.80),
(420, 5, 162, 14, '2024-10-27 05:00:00', '2024-10-27 05:00:00', 4.50, 4.50),
(421, 2, 163, 22, '2024-02-26 05:00:00', '2024-02-26 05:00:00', 5.00, 5.00),
(422, 6, 163, 50, '2024-02-26 05:00:00', '2024-02-26 05:00:00', 2.50, 2.50),
(423, 9, 164, 11, '2024-08-07 05:00:00', '2024-08-07 05:00:00', 1.20, 1.20),
(424, 4, 164, 36, '2024-08-07 05:00:00', '2024-08-07 05:00:00', 0.70, 0.70),
(425, 4, 164, 4, '2024-08-07 05:00:00', '2024-08-07 05:00:00', 2.00, 2.00),
(426, 9, 165, 34, '2024-03-24 05:00:00', '2024-03-24 05:00:00', 1.80, 1.80),
(427, 2, 165, 38, '2024-03-24 05:00:00', '2024-03-24 05:00:00', 7.50, 7.50),
(428, 5, 166, 8, '2024-04-18 05:00:00', '2024-04-18 05:00:00', 1.80, 1.80),
(429, 5, 166, 58, '2024-04-18 05:00:00', '2024-04-18 05:00:00', 1.80, 1.80),
(430, 8, 167, 14, '2024-03-19 05:00:00', '2024-03-19 05:00:00', 4.50, 4.50),
(431, 1, 167, 53, '2024-03-19 05:00:00', '2024-03-19 05:00:00', 1.50, 1.50),
(432, 10, 167, 15, '2024-03-19 05:00:00', '2024-03-19 05:00:00', 4.50, 4.50),
(433, 3, 168, 23, '2024-10-05 05:00:00', '2024-10-05 05:00:00', 3.00, 3.00),
(434, 10, 168, 46, '2024-10-05 05:00:00', '2024-10-05 05:00:00', 3.50, 3.50),
(435, 3, 168, 37, '2024-10-05 05:00:00', '2024-10-05 05:00:00', 4.50, 4.50),
(436, 9, 168, 63, '2024-10-05 05:00:00', '2024-10-05 05:00:00', 12.00, 12.00),
(437, 7, 168, 60, '2024-10-05 05:00:00', '2024-10-05 05:00:00', 4.50, 4.50),
(438, 2, 169, 5, '2024-01-16 05:00:00', '2024-01-16 05:00:00', 6.50, 6.50),
(439, 1, 169, 58, '2024-01-16 05:00:00', '2024-01-16 05:00:00', 1.80, 1.80),
(440, 6, 170, 30, '2024-02-16 05:00:00', '2024-02-16 05:00:00', 10.00, 10.00),
(441, 4, 170, 26, '2024-02-16 05:00:00', '2024-02-16 05:00:00', 9.50, 9.50),
(442, 10, 171, 63, '2024-08-18 05:00:00', '2024-08-18 05:00:00', 12.00, 12.00),
(443, 1, 171, 35, '2024-08-18 05:00:00', '2024-08-18 05:00:00', 0.50, 0.50),
(444, 9, 171, 18, '2024-08-18 05:00:00', '2024-08-18 05:00:00', 2.00, 2.00),
(445, 4, 172, 3, '2024-02-21 05:00:00', '2024-02-21 05:00:00', 9.00, 9.00),
(446, 6, 172, 22, '2024-02-21 05:00:00', '2024-02-21 05:00:00', 5.00, 5.00),
(447, 8, 172, 6, '2024-02-21 05:00:00', '2024-02-21 05:00:00', 1.80, 1.80),
(448, 5, 172, 20, '2024-02-21 05:00:00', '2024-02-21 05:00:00', 2.50, 2.50),
(449, 4, 173, 57, '2024-06-04 05:00:00', '2024-06-04 05:00:00', 1.80, 1.80),
(450, 7, 173, 59, '2024-06-04 05:00:00', '2024-06-04 05:00:00', 1.80, 1.80),
(451, 2, 173, 5, '2024-06-04 05:00:00', '2024-06-04 05:00:00', 6.50, 6.50),
(452, 6, 174, 2, '2024-06-28 05:00:00', '2024-06-28 05:00:00', 2.00, 2.00),
(453, 4, 174, 21, '2024-06-28 05:00:00', '2024-06-28 05:00:00', 2.50, 2.50),
(454, 9, 174, 12, '2024-06-28 05:00:00', '2024-06-28 05:00:00', 1.50, 1.50),
(455, 6, 175, 55, '2024-11-07 05:00:00', '2024-11-07 05:00:00', 3.50, 3.50),
(456, 4, 175, 34, '2024-11-07 05:00:00', '2024-11-07 05:00:00', 1.80, 1.80),
(457, 8, 175, 12, '2024-11-07 05:00:00', '2024-11-07 05:00:00', 1.50, 1.50),
(458, 5, 176, 58, '2024-09-21 05:00:00', '2024-09-21 05:00:00', 1.80, 1.80),
(459, 9, 177, 52, '2024-05-31 05:00:00', '2024-05-31 05:00:00', 1.50, 1.50),
(460, 4, 177, 61, '2024-05-31 05:00:00', '2024-05-31 05:00:00', 4.50, 4.50),
(461, 1, 178, 27, '2024-06-30 05:00:00', '2024-06-30 05:00:00', 9.00, 9.00),
(462, 6, 178, 53, '2024-06-30 05:00:00', '2024-06-30 05:00:00', 1.50, 1.50),
(463, 1, 178, 56, '2024-06-30 05:00:00', '2024-06-30 05:00:00', 1.20, 1.20),
(464, 8, 178, 38, '2024-06-30 05:00:00', '2024-06-30 05:00:00', 7.50, 7.50),
(465, 1, 178, 48, '2024-06-30 05:00:00', '2024-06-30 05:00:00', 2.80, 2.80),
(466, 10, 179, 63, '2024-02-24 05:00:00', '2024-02-24 05:00:00', 12.00, 12.00),
(467, 8, 179, 24, '2024-02-24 05:00:00', '2024-02-24 05:00:00', 3.00, 3.00),
(468, 10, 179, 39, '2024-02-24 05:00:00', '2024-02-24 05:00:00', 8.00, 8.00),
(469, 9, 180, 48, '2024-02-23 05:00:00', '2024-02-23 05:00:00', 2.80, 2.80),
(470, 2, 180, 50, '2024-02-23 05:00:00', '2024-02-23 05:00:00', 2.50, 2.50),
(471, 1, 180, 16, '2024-02-23 05:00:00', '2024-02-23 05:00:00', 5.00, 5.00),
(472, 5, 180, 33, '2024-02-23 05:00:00', '2024-02-23 05:00:00', 0.80, 0.80),
(473, 1, 181, 15, '2024-08-09 05:00:00', '2024-08-09 05:00:00', 4.50, 4.50),
(474, 8, 181, 16, '2024-08-09 05:00:00', '2024-08-09 05:00:00', 5.00, 5.00),
(475, 6, 181, 30, '2024-08-09 05:00:00', '2024-08-09 05:00:00', 10.00, 10.00),
(476, 5, 181, 31, '2024-08-09 05:00:00', '2024-08-09 05:00:00', 0.70, 0.70),
(477, 6, 182, 14, '2024-07-08 05:00:00', '2024-07-08 05:00:00', 4.50, 4.50),
(478, 3, 182, 20, '2024-07-08 05:00:00', '2024-07-08 05:00:00', 2.50, 2.50),
(479, 1, 183, 30, '2024-05-02 05:00:00', '2024-05-02 05:00:00', 10.00, 10.00),
(480, 3, 183, 12, '2024-05-02 05:00:00', '2024-05-02 05:00:00', 1.50, 1.50),
(481, 10, 183, 6, '2024-05-02 05:00:00', '2024-05-02 05:00:00', 1.80, 1.80),
(482, 2, 184, 51, '2024-03-16 05:00:00', '2024-03-16 05:00:00', 1.80, 1.80),
(483, 7, 185, 31, '2024-09-09 05:00:00', '2024-09-09 05:00:00', 0.70, 0.70),
(484, 4, 186, 2, '2024-07-20 05:00:00', '2024-07-20 05:00:00', 2.00, 2.00),
(485, 4, 186, 1, '2024-07-20 05:00:00', '2024-07-20 05:00:00', 9.00, 9.00),
(486, 1, 186, 47, '2024-07-20 05:00:00', '2024-07-20 05:00:00', 4.50, 4.50),
(487, 5, 187, 29, '2024-07-10 05:00:00', '2024-07-10 05:00:00', 3.50, 3.50),
(488, 1, 187, 20, '2024-07-10 05:00:00', '2024-07-10 05:00:00', 2.50, 2.50),
(489, 9, 187, 28, '2024-07-10 05:00:00', '2024-07-10 05:00:00', 3.50, 3.50),
(490, 5, 188, 13, '2024-04-29 05:00:00', '2024-04-29 05:00:00', 1.50, 1.50),
(491, 1, 188, 26, '2024-04-29 05:00:00', '2024-04-29 05:00:00', 9.50, 9.50),
(492, 1, 188, 44, '2024-04-29 05:00:00', '2024-04-29 05:00:00', 5.50, 5.50),
(493, 2, 188, 22, '2024-04-29 05:00:00', '2024-04-29 05:00:00', 5.00, 5.00),
(494, 4, 189, 63, '2024-09-04 05:00:00', '2024-09-04 05:00:00', 12.00, 12.00),
(495, 6, 189, 33, '2024-09-04 05:00:00', '2024-09-04 05:00:00', 0.80, 0.80),
(496, 9, 189, 38, '2024-09-04 05:00:00', '2024-09-04 05:00:00', 7.50, 7.50),
(497, 10, 189, 56, '2024-09-04 05:00:00', '2024-09-04 05:00:00', 1.20, 1.20),
(498, 10, 190, 57, '2024-09-02 05:00:00', '2024-09-02 05:00:00', 1.80, 1.80),
(499, 6, 190, 30, '2024-09-02 05:00:00', '2024-09-02 05:00:00', 10.00, 10.00),
(500, 4, 190, 45, '2024-09-02 05:00:00', '2024-09-02 05:00:00', 3.50, 3.50),
(501, 6, 191, 4, '2024-06-21 05:00:00', '2024-06-21 05:00:00', 2.00, 2.00),
(502, 8, 191, 12, '2024-06-21 05:00:00', '2024-06-21 05:00:00', 1.50, 1.50),
(503, 5, 191, 38, '2024-06-21 05:00:00', '2024-06-21 05:00:00', 7.50, 7.50),
(504, 9, 192, 3, '2024-04-23 05:00:00', '2024-04-23 05:00:00', 9.00, 9.00),
(505, 4, 192, 19, '2024-04-23 05:00:00', '2024-04-23 05:00:00', 2.50, 2.50),
(506, 5, 193, 43, '2024-02-20 05:00:00', '2024-02-20 05:00:00', 2.80, 2.80),
(507, 9, 194, 4, '2024-01-16 05:00:00', '2024-01-16 05:00:00', 2.00, 2.00),
(508, 3, 195, 50, '2024-04-16 05:00:00', '2024-04-16 05:00:00', 2.50, 2.50),
(509, 9, 196, 44, '2024-01-09 05:00:00', '2024-01-09 05:00:00', 5.50, 5.50),
(510, 8, 196, 2, '2024-01-09 05:00:00', '2024-01-09 05:00:00', 2.00, 2.00),
(511, 9, 197, 42, '2024-05-11 05:00:00', '2024-05-11 05:00:00', 2.50, 2.50),
(512, 5, 197, 27, '2024-05-11 05:00:00', '2024-05-11 05:00:00', 9.00, 9.00),
(513, 4, 197, 8, '2024-05-11 05:00:00', '2024-05-11 05:00:00', 1.80, 1.80),
(514, 5, 198, 27, '2024-04-18 05:00:00', '2024-04-18 05:00:00', 9.00, 9.00),
(515, 3, 198, 35, '2024-04-18 05:00:00', '2024-04-18 05:00:00', 0.50, 0.50),
(516, 10, 199, 60, '2024-09-25 05:00:00', '2024-09-25 05:00:00', 4.50, 4.50),
(517, 10, 199, 56, '2024-09-25 05:00:00', '2024-09-25 05:00:00', 1.20, 1.20),
(518, 1, 199, 38, '2024-09-25 05:00:00', '2024-09-25 05:00:00', 7.50, 7.50),
(519, 3, 199, 57, '2024-09-25 05:00:00', '2024-09-25 05:00:00', 1.80, 1.80),
(520, 1, 200, 18, '2024-01-28 05:00:00', '2024-01-28 05:00:00', 2.00, 2.00),
(521, 7, 201, 63, '2024-03-14 05:00:00', '2024-03-14 05:00:00', 12.00, 12.00),
(522, 5, 202, 7, '2024-03-05 05:00:00', '2024-03-05 05:00:00', 8.00, 8.00),
(523, 10, 202, 61, '2024-03-05 05:00:00', '2024-03-05 05:00:00', 4.50, 4.50),
(524, 5, 203, 57, '2024-08-05 05:00:00', '2024-08-05 05:00:00', 1.80, 1.80),
(525, 3, 203, 12, '2024-08-05 05:00:00', '2024-08-05 05:00:00', 1.50, 1.50),
(526, 4, 204, 47, '2024-06-10 05:00:00', '2024-06-10 05:00:00', 4.50, 4.50),
(527, 8, 204, 45, '2024-06-10 05:00:00', '2024-06-10 05:00:00', 3.50, 3.50),
(528, 10, 205, 53, '2024-11-02 05:00:00', '2024-11-02 05:00:00', 1.50, 1.50),
(529, 4, 205, 57, '2024-11-02 05:00:00', '2024-11-02 05:00:00', 1.80, 1.80),
(530, 4, 205, 57, '2024-11-02 05:00:00', '2024-11-02 05:00:00', 1.80, 1.80),
(531, 4, 206, 43, '2024-03-25 05:00:00', '2024-03-25 05:00:00', 2.80, 2.80),
(532, 6, 206, 37, '2024-03-25 05:00:00', '2024-03-25 05:00:00', 4.50, 4.50),
(533, 1, 206, 32, '2024-03-25 05:00:00', '2024-03-25 05:00:00', 0.80, 0.80),
(534, 3, 206, 7, '2024-03-25 05:00:00', '2024-03-25 05:00:00', 8.00, 8.00),
(535, 7, 207, 1, '2024-06-08 05:00:00', '2024-06-08 05:00:00', 9.00, 9.00),
(536, 7, 207, 26, '2024-06-08 05:00:00', '2024-06-08 05:00:00', 9.50, 9.50),
(537, 9, 207, 58, '2024-06-08 05:00:00', '2024-06-08 05:00:00', 1.80, 1.80),
(538, 9, 208, 29, '2024-06-06 05:00:00', '2024-06-06 05:00:00', 3.50, 3.50),
(539, 9, 208, 8, '2024-06-06 05:00:00', '2024-06-06 05:00:00', 1.80, 1.80),
(540, 2, 209, 60, '2024-10-17 05:00:00', '2024-10-17 05:00:00', 4.50, 4.50),
(541, 5, 209, 50, '2024-10-17 05:00:00', '2024-10-17 05:00:00', 2.50, 2.50),
(542, 10, 210, 22, '2024-01-31 05:00:00', '2024-01-31 05:00:00', 5.00, 5.00),
(543, 7, 210, 9, '2024-01-31 05:00:00', '2024-01-31 05:00:00', 7.00, 7.00),
(544, 3, 210, 45, '2024-01-31 05:00:00', '2024-01-31 05:00:00', 3.50, 3.50),
(545, 2, 210, 37, '2024-01-31 05:00:00', '2024-01-31 05:00:00', 4.50, 4.50),
(546, 9, 211, 57, '2024-11-02 05:00:00', '2024-11-02 05:00:00', 1.80, 1.80),
(547, 9, 211, 28, '2024-11-02 05:00:00', '2024-11-02 05:00:00', 3.50, 3.50),
(548, 2, 212, 17, '2024-02-04 05:00:00', '2024-02-04 05:00:00', 6.50, 6.50),
(549, 9, 212, 29, '2024-02-04 05:00:00', '2024-02-04 05:00:00', 3.50, 3.50),
(550, 6, 212, 20, '2024-02-04 05:00:00', '2024-02-04 05:00:00', 2.50, 2.50),
(551, 4, 213, 63, '2024-01-22 05:00:00', '2024-01-22 05:00:00', 12.00, 12.00),
(552, 4, 214, 2, '2024-07-03 05:00:00', '2024-07-03 05:00:00', 2.00, 2.00),
(553, 2, 214, 6, '2024-07-03 05:00:00', '2024-07-03 05:00:00', 1.80, 1.80),
(554, 3, 215, 51, '2024-02-13 05:00:00', '2024-02-13 05:00:00', 1.80, 1.80),
(555, 6, 215, 9, '2024-02-13 05:00:00', '2024-02-13 05:00:00', 7.00, 7.00),
(556, 6, 216, 19, '2024-02-11 05:00:00', '2024-02-11 05:00:00', 2.50, 2.50),
(557, 9, 217, 21, '2024-07-05 05:00:00', '2024-07-05 05:00:00', 2.50, 2.50),
(558, 1, 217, 46, '2024-07-05 05:00:00', '2024-07-05 05:00:00', 3.50, 3.50),
(559, 9, 217, 27, '2024-07-05 05:00:00', '2024-07-05 05:00:00', 9.00, 9.00),
(560, 4, 218, 31, '2024-05-15 05:00:00', '2024-05-15 05:00:00', 0.70, 0.70),
(561, 9, 218, 44, '2024-05-15 05:00:00', '2024-05-15 05:00:00', 5.50, 5.50),
(562, 6, 218, 48, '2024-05-15 05:00:00', '2024-05-15 05:00:00', 2.80, 2.80),
(563, 6, 219, 63, '2024-01-17 05:00:00', '2024-01-17 05:00:00', 12.00, 12.00),
(564, 3, 219, 15, '2024-01-17 05:00:00', '2024-01-17 05:00:00', 4.50, 4.50),
(565, 7, 219, 19, '2024-01-17 05:00:00', '2024-01-17 05:00:00', 2.50, 2.50),
(566, 3, 220, 29, '2024-02-08 05:00:00', '2024-02-08 05:00:00', 3.50, 3.50),
(567, 4, 221, 35, '2024-10-15 05:00:00', '2024-10-15 05:00:00', 0.50, 0.50),
(568, 2, 221, 44, '2024-10-15 05:00:00', '2024-10-15 05:00:00', 5.50, 5.50),
(569, 8, 221, 22, '2024-10-15 05:00:00', '2024-10-15 05:00:00', 5.00, 5.00),
(570, 4, 221, 22, '2024-10-15 05:00:00', '2024-10-15 05:00:00', 5.00, 5.00),
(571, 3, 222, 2, '2024-03-14 05:00:00', '2024-03-14 05:00:00', 2.00, 2.00),
(572, 9, 223, 52, '2024-09-03 05:00:00', '2024-09-03 05:00:00', 1.50, 1.50),
(573, 2, 224, 6, '2024-08-30 05:00:00', '2024-08-30 05:00:00', 1.80, 1.80),
(574, 8, 224, 46, '2024-08-30 05:00:00', '2024-08-30 05:00:00', 3.50, 3.50),
(575, 6, 224, 26, '2024-08-30 05:00:00', '2024-08-30 05:00:00', 9.50, 9.50),
(576, 10, 225, 59, '2024-07-13 05:00:00', '2024-07-13 05:00:00', 1.80, 1.80),
(577, 2, 226, 55, '2024-03-18 05:00:00', '2024-03-18 05:00:00', 3.50, 3.50),
(578, 2, 226, 39, '2024-03-18 05:00:00', '2024-03-18 05:00:00', 8.00, 8.00),
(579, 5, 227, 52, '2024-02-21 05:00:00', '2024-02-21 05:00:00', 1.50, 1.50),
(580, 3, 227, 4, '2024-02-21 05:00:00', '2024-02-21 05:00:00', 2.00, 2.00),
(581, 2, 227, 18, '2024-02-21 05:00:00', '2024-02-21 05:00:00', 2.00, 2.00),
(582, 3, 228, 44, '2024-04-10 05:00:00', '2024-04-10 05:00:00', 5.50, 5.50),
(583, 5, 228, 32, '2024-04-10 05:00:00', '2024-04-10 05:00:00', 0.80, 0.80),
(584, 8, 229, 21, '2024-04-23 05:00:00', '2024-04-23 05:00:00', 2.50, 2.50),
(585, 4, 229, 52, '2024-04-23 05:00:00', '2024-04-23 05:00:00', 1.50, 1.50),
(586, 6, 230, 19, '2024-10-10 05:00:00', '2024-10-10 05:00:00', 2.50, 2.50),
(587, 1, 231, 51, '2024-04-14 05:00:00', '2024-04-14 05:00:00', 1.80, 1.80),
(588, 6, 231, 42, '2024-04-14 05:00:00', '2024-04-14 05:00:00', 2.50, 2.50),
(589, 9, 231, 57, '2024-04-14 05:00:00', '2024-04-14 05:00:00', 1.80, 1.80),
(590, 6, 231, 23, '2024-04-14 05:00:00', '2024-04-14 05:00:00', 3.00, 3.00),
(591, 2, 232, 8, '2024-07-09 05:00:00', '2024-07-09 05:00:00', 1.80, 1.80),
(592, 9, 232, 16, '2024-07-09 05:00:00', '2024-07-09 05:00:00', 5.00, 5.00),
(593, 7, 233, 27, '2024-06-28 05:00:00', '2024-06-28 05:00:00', 9.00, 9.00),
(594, 10, 233, 46, '2024-06-28 05:00:00', '2024-06-28 05:00:00', 3.50, 3.50),
(595, 5, 233, 42, '2024-06-28 05:00:00', '2024-06-28 05:00:00', 2.50, 2.50),
(596, 3, 234, 45, '2024-04-02 05:00:00', '2024-04-02 05:00:00', 3.50, 3.50),
(597, 1, 234, 45, '2024-04-02 05:00:00', '2024-04-02 05:00:00', 3.50, 3.50),
(598, 10, 235, 1, '2024-07-05 05:00:00', '2024-07-05 05:00:00', 9.00, 9.00),
(599, 7, 235, 20, '2024-07-05 05:00:00', '2024-07-05 05:00:00', 2.50, 2.50),
(600, 7, 236, 42, '2024-09-25 05:00:00', '2024-09-25 05:00:00', 2.50, 2.50),
(601, 8, 236, 57, '2024-09-25 05:00:00', '2024-09-25 05:00:00', 1.80, 1.80),
(602, 10, 237, 13, '2024-06-26 05:00:00', '2024-06-26 05:00:00', 1.50, 1.50),
(603, 10, 238, 44, '2024-05-15 05:00:00', '2024-05-15 05:00:00', 5.50, 5.50),
(604, 9, 238, 26, '2024-05-15 05:00:00', '2024-05-15 05:00:00', 9.50, 9.50),
(605, 5, 238, 24, '2024-05-15 05:00:00', '2024-05-15 05:00:00', 3.00, 3.00),
(606, 4, 239, 23, '2024-02-01 05:00:00', '2024-02-01 05:00:00', 3.00, 3.00),
(607, 9, 240, 10, '2024-05-30 05:00:00', '2024-05-30 05:00:00', 1.50, 1.50),
(608, 3, 240, 45, '2024-05-30 05:00:00', '2024-05-30 05:00:00', 3.50, 3.50),
(609, 1, 240, 20, '2024-05-30 05:00:00', '2024-05-30 05:00:00', 2.50, 2.50),
(610, 8, 241, 43, '2024-06-09 05:00:00', '2024-06-09 05:00:00', 2.80, 2.80),
(611, 7, 241, 14, '2024-06-09 05:00:00', '2024-06-09 05:00:00', 4.50, 4.50),
(612, 7, 241, 42, '2024-06-09 05:00:00', '2024-06-09 05:00:00', 2.50, 2.50),
(613, 7, 242, 25, '2024-07-05 05:00:00', '2024-07-05 05:00:00', 2.80, 2.80),
(614, 8, 242, 54, '2024-07-05 05:00:00', '2024-07-05 05:00:00', 3.30, 3.30),
(615, 5, 242, 25, '2024-07-05 05:00:00', '2024-07-05 05:00:00', 2.80, 2.80),
(616, 6, 243, 33, '2024-08-24 05:00:00', '2024-08-24 05:00:00', 0.80, 0.80),
(617, 8, 243, 7, '2024-08-24 05:00:00', '2024-08-24 05:00:00', 8.00, 8.00),
(618, 4, 243, 39, '2024-08-24 05:00:00', '2024-08-24 05:00:00', 8.00, 8.00),
(619, 6, 244, 20, '2024-02-16 05:00:00', '2024-02-16 05:00:00', 2.50, 2.50),
(620, 10, 244, 25, '2024-02-16 05:00:00', '2024-02-16 05:00:00', 2.80, 2.80),
(621, 4, 245, 41, '2024-08-10 05:00:00', '2024-08-10 05:00:00', 9.00, 9.00),
(622, 1, 245, 55, '2024-08-10 05:00:00', '2024-08-10 05:00:00', 3.50, 3.50),
(623, 8, 246, 38, '2024-10-23 05:00:00', '2024-10-23 05:00:00', 7.50, 7.50),
(624, 2, 246, 41, '2024-10-23 05:00:00', '2024-10-23 05:00:00', 9.00, 9.00),
(625, 6, 246, 25, '2024-10-23 05:00:00', '2024-10-23 05:00:00', 2.80, 2.80),
(626, 5, 246, 58, '2024-10-23 05:00:00', '2024-10-23 05:00:00', 1.80, 1.80),
(627, 10, 246, 59, '2024-10-23 05:00:00', '2024-10-23 05:00:00', 1.80, 1.80),
(628, 4, 247, 53, '2024-11-03 05:00:00', '2024-11-03 05:00:00', 1.50, 1.50),
(629, 10, 247, 61, '2024-11-03 05:00:00', '2024-11-03 05:00:00', 4.50, 4.50),
(630, 9, 247, 3, '2024-11-03 05:00:00', '2024-11-03 05:00:00', 9.00, 9.00),
(631, 8, 248, 16, '2024-07-20 05:00:00', '2024-07-20 05:00:00', 5.00, 5.00),
(632, 10, 248, 44, '2024-07-20 05:00:00', '2024-07-20 05:00:00', 5.50, 5.50),
(633, 5, 248, 17, '2024-07-20 05:00:00', '2024-07-20 05:00:00', 6.50, 6.50),
(634, 5, 249, 59, '2024-07-07 05:00:00', '2024-07-07 05:00:00', 1.80, 1.80),
(635, 6, 249, 44, '2024-07-07 05:00:00', '2024-07-07 05:00:00', 5.50, 5.50),
(636, 2, 250, 50, '2024-08-01 05:00:00', '2024-08-01 05:00:00', 2.50, 2.50),
(637, 7, 250, 52, '2024-08-01 05:00:00', '2024-08-01 05:00:00', 1.50, 1.50),
(638, 4, 250, 50, '2024-08-01 05:00:00', '2024-08-01 05:00:00', 2.50, 2.50),
(639, 10, 251, 62, '2024-06-04 05:00:00', '2024-06-04 05:00:00', 12.00, 12.00),
(640, 3, 251, 58, '2024-06-04 05:00:00', '2024-06-04 05:00:00', 1.80, 1.80),
(641, 10, 251, 8, '2024-06-04 05:00:00', '2024-06-04 05:00:00', 1.80, 1.80),
(642, 8, 251, 52, '2024-06-04 05:00:00', '2024-06-04 05:00:00', 1.50, 1.50),
(643, 6, 252, 54, '2024-03-21 05:00:00', '2024-03-21 05:00:00', 3.30, 3.30),
(644, 1, 252, 27, '2024-03-21 05:00:00', '2024-03-21 05:00:00', 9.00, 9.00),
(645, 2, 253, 59, '2024-06-18 05:00:00', '2024-06-18 05:00:00', 1.80, 1.80),
(646, 3, 253, 40, '2024-06-18 05:00:00', '2024-06-18 05:00:00', 9.00, 9.00),
(647, 6, 254, 45, '2024-09-07 05:00:00', '2024-09-07 05:00:00', 3.50, 3.50),
(648, 10, 254, 38, '2024-09-07 05:00:00', '2024-09-07 05:00:00', 7.50, 7.50),
(649, 4, 254, 23, '2024-09-07 05:00:00', '2024-09-07 05:00:00', 3.00, 3.00),
(650, 7, 254, 35, '2024-09-07 05:00:00', '2024-09-07 05:00:00', 0.50, 0.50),
(651, 5, 255, 56, '2024-08-09 05:00:00', '2024-08-09 05:00:00', 1.20, 1.20),
(652, 1, 255, 51, '2024-08-09 05:00:00', '2024-08-09 05:00:00', 1.80, 1.80),
(653, 4, 255, 37, '2024-08-09 05:00:00', '2024-08-09 05:00:00', 4.50, 4.50),
(654, 5, 256, 30, '2024-06-24 05:00:00', '2024-06-24 05:00:00', 10.00, 10.00),
(655, 1, 256, 39, '2024-06-24 05:00:00', '2024-06-24 05:00:00', 8.00, 8.00),
(656, 6, 256, 11, '2024-06-24 05:00:00', '2024-06-24 05:00:00', 1.20, 1.20),
(657, 8, 256, 44, '2024-06-24 05:00:00', '2024-06-24 05:00:00', 5.50, 5.50),
(658, 5, 257, 56, '2024-09-15 05:00:00', '2024-09-15 05:00:00', 1.20, 1.20),
(659, 5, 257, 24, '2024-09-15 05:00:00', '2024-09-15 05:00:00', 3.00, 3.00),
(660, 5, 257, 57, '2024-09-15 05:00:00', '2024-09-15 05:00:00', 1.80, 1.80),
(661, 2, 257, 28, '2024-09-15 05:00:00', '2024-09-15 05:00:00', 3.50, 3.50),
(662, 7, 258, 42, '2024-06-06 05:00:00', '2024-06-06 05:00:00', 2.50, 2.50),
(663, 10, 258, 9, '2024-06-06 05:00:00', '2024-06-06 05:00:00', 7.00, 7.00),
(664, 7, 258, 25, '2024-06-06 05:00:00', '2024-06-06 05:00:00', 2.80, 2.80),
(665, 8, 258, 43, '2024-06-06 05:00:00', '2024-06-06 05:00:00', 2.80, 2.80),
(666, 7, 259, 37, '2024-09-13 05:00:00', '2024-09-13 05:00:00', 4.50, 4.50),
(667, 1, 259, 6, '2024-09-13 05:00:00', '2024-09-13 05:00:00', 1.80, 1.80),
(668, 9, 259, 36, '2024-09-13 05:00:00', '2024-09-13 05:00:00', 0.70, 0.70),
(669, 4, 259, 30, '2024-09-13 05:00:00', '2024-09-13 05:00:00', 10.00, 10.00);
INSERT INTO `venta_detalle` (`id`, `cantidad`, `id_venta`, `id_producto`, `created_at`, `updated_at`, `preciopoducto`, `preciocompraproducto`) VALUES
(670, 2, 260, 6, '2024-03-15 05:00:00', '2024-03-15 05:00:00', 1.80, 1.80),
(671, 3, 260, 30, '2024-03-15 05:00:00', '2024-03-15 05:00:00', 10.00, 10.00),
(672, 9, 261, 40, '2024-03-30 05:00:00', '2024-03-30 05:00:00', 9.00, 9.00),
(673, 4, 261, 15, '2024-03-30 05:00:00', '2024-03-30 05:00:00', 4.50, 4.50),
(674, 2, 261, 28, '2024-03-30 05:00:00', '2024-03-30 05:00:00', 3.50, 3.50),
(675, 9, 262, 62, '2024-10-19 05:00:00', '2024-10-19 05:00:00', 12.00, 12.00),
(676, 3, 262, 40, '2024-10-19 05:00:00', '2024-10-19 05:00:00', 9.00, 9.00),
(677, 9, 263, 18, '2024-09-06 05:00:00', '2024-09-06 05:00:00', 2.00, 2.00),
(678, 1, 263, 8, '2024-09-06 05:00:00', '2024-09-06 05:00:00', 1.80, 1.80),
(679, 5, 263, 38, '2024-09-06 05:00:00', '2024-09-06 05:00:00', 7.50, 7.50),
(680, 5, 264, 21, '2024-04-06 05:00:00', '2024-04-06 05:00:00', 2.50, 2.50),
(681, 7, 264, 2, '2024-04-06 05:00:00', '2024-04-06 05:00:00', 2.00, 2.00),
(682, 4, 264, 47, '2024-04-06 05:00:00', '2024-04-06 05:00:00', 4.50, 4.50),
(683, 2, 265, 50, '2024-03-04 05:00:00', '2024-03-04 05:00:00', 2.50, 2.50),
(684, 6, 265, 28, '2024-03-04 05:00:00', '2024-03-04 05:00:00', 3.50, 3.50),
(685, 1, 266, 58, '2024-05-18 05:00:00', '2024-05-18 05:00:00', 1.80, 1.80),
(686, 3, 267, 22, '2024-05-19 05:00:00', '2024-05-19 05:00:00', 5.00, 5.00),
(687, 10, 267, 24, '2024-05-19 05:00:00', '2024-05-19 05:00:00', 3.00, 3.00),
(688, 5, 268, 24, '2024-07-12 05:00:00', '2024-07-12 05:00:00', 3.00, 3.00),
(689, 9, 268, 3, '2024-07-12 05:00:00', '2024-07-12 05:00:00', 9.00, 9.00),
(690, 9, 268, 16, '2024-07-12 05:00:00', '2024-07-12 05:00:00', 5.00, 5.00),
(691, 2, 269, 9, '2024-06-30 05:00:00', '2024-06-30 05:00:00', 7.00, 7.00),
(692, 10, 269, 57, '2024-06-30 05:00:00', '2024-06-30 05:00:00', 1.80, 1.80),
(693, 4, 269, 20, '2024-06-30 05:00:00', '2024-06-30 05:00:00', 2.50, 2.50),
(694, 4, 270, 37, '2024-06-20 05:00:00', '2024-06-20 05:00:00', 4.50, 4.50),
(695, 6, 271, 26, '2024-06-28 05:00:00', '2024-06-28 05:00:00', 9.50, 9.50),
(696, 7, 271, 42, '2024-06-28 05:00:00', '2024-06-28 05:00:00', 2.50, 2.50),
(697, 8, 271, 50, '2024-06-28 05:00:00', '2024-06-28 05:00:00', 2.50, 2.50),
(698, 8, 272, 59, '2024-06-20 05:00:00', '2024-06-20 05:00:00', 1.80, 1.80),
(699, 9, 273, 41, '2024-08-18 05:00:00', '2024-08-18 05:00:00', 9.00, 9.00),
(700, 7, 273, 43, '2024-08-18 05:00:00', '2024-08-18 05:00:00', 2.80, 2.80),
(701, 8, 274, 24, '2024-04-08 05:00:00', '2024-04-08 05:00:00', 3.00, 3.00),
(702, 1, 274, 35, '2024-04-08 05:00:00', '2024-04-08 05:00:00', 0.50, 0.50),
(703, 5, 274, 54, '2024-04-08 05:00:00', '2024-04-08 05:00:00', 3.30, 3.30),
(704, 5, 275, 62, '2024-09-19 05:00:00', '2024-09-19 05:00:00', 12.00, 12.00),
(705, 5, 275, 24, '2024-09-19 05:00:00', '2024-09-19 05:00:00', 3.00, 3.00),
(706, 4, 276, 38, '2024-04-09 05:00:00', '2024-04-09 05:00:00', 7.50, 7.50),
(707, 4, 276, 47, '2024-04-09 05:00:00', '2024-04-09 05:00:00', 4.50, 4.50),
(708, 10, 277, 36, '2024-08-03 05:00:00', '2024-08-03 05:00:00', 0.70, 0.70),
(709, 10, 277, 33, '2024-08-03 05:00:00', '2024-08-03 05:00:00', 0.80, 0.80),
(710, 7, 278, 56, '2024-02-04 05:00:00', '2024-02-04 05:00:00', 1.20, 1.20),
(711, 10, 278, 37, '2024-02-04 05:00:00', '2024-02-04 05:00:00', 4.50, 4.50),
(712, 7, 278, 38, '2024-02-04 05:00:00', '2024-02-04 05:00:00', 7.50, 7.50),
(713, 1, 278, 39, '2024-02-04 05:00:00', '2024-02-04 05:00:00', 8.00, 8.00),
(714, 4, 279, 21, '2024-06-12 05:00:00', '2024-06-12 05:00:00', 2.50, 2.50),
(715, 6, 279, 2, '2024-06-12 05:00:00', '2024-06-12 05:00:00', 2.00, 2.00),
(716, 8, 279, 22, '2024-06-12 05:00:00', '2024-06-12 05:00:00', 5.00, 5.00),
(717, 6, 280, 18, '2024-09-23 05:00:00', '2024-09-23 05:00:00', 2.00, 2.00),
(718, 3, 280, 4, '2024-09-23 05:00:00', '2024-09-23 05:00:00', 2.00, 2.00),
(719, 5, 280, 16, '2024-09-23 05:00:00', '2024-09-23 05:00:00', 5.00, 5.00),
(720, 8, 281, 39, '2024-08-28 05:00:00', '2024-08-28 05:00:00', 8.00, 8.00),
(721, 7, 281, 49, '2024-08-28 05:00:00', '2024-08-28 05:00:00', 2.50, 2.50),
(722, 6, 281, 24, '2024-08-28 05:00:00', '2024-08-28 05:00:00', 3.00, 3.00),
(723, 1, 282, 25, '2024-09-05 05:00:00', '2024-09-05 05:00:00', 2.80, 2.80),
(724, 2, 282, 38, '2024-09-05 05:00:00', '2024-09-05 05:00:00', 7.50, 7.50),
(725, 3, 282, 22, '2024-09-05 05:00:00', '2024-09-05 05:00:00', 5.00, 5.00),
(726, 6, 283, 31, '2024-04-16 05:00:00', '2024-04-16 05:00:00', 0.70, 0.70),
(727, 10, 284, 35, '2024-08-09 05:00:00', '2024-08-09 05:00:00', 0.50, 0.50),
(728, 4, 284, 9, '2024-08-09 05:00:00', '2024-08-09 05:00:00', 7.00, 7.00),
(729, 7, 284, 45, '2024-08-09 05:00:00', '2024-08-09 05:00:00', 3.50, 3.50),
(730, 2, 285, 47, '2024-06-28 05:00:00', '2024-06-28 05:00:00', 4.50, 4.50),
(731, 5, 285, 11, '2024-06-28 05:00:00', '2024-06-28 05:00:00', 1.20, 1.20),
(732, 4, 286, 6, '2024-09-22 05:00:00', '2024-09-22 05:00:00', 1.80, 1.80),
(733, 8, 286, 49, '2024-09-22 05:00:00', '2024-09-22 05:00:00', 2.50, 2.50),
(734, 7, 286, 16, '2024-09-22 05:00:00', '2024-09-22 05:00:00', 5.00, 5.00),
(735, 7, 287, 47, '2024-01-26 05:00:00', '2024-01-26 05:00:00', 4.50, 4.50),
(736, 5, 287, 60, '2024-01-26 05:00:00', '2024-01-26 05:00:00', 4.50, 4.50),
(737, 9, 287, 42, '2024-01-26 05:00:00', '2024-01-26 05:00:00', 2.50, 2.50),
(738, 2, 287, 3, '2024-01-26 05:00:00', '2024-01-26 05:00:00', 9.00, 9.00),
(739, 6, 288, 39, '2024-10-29 05:00:00', '2024-10-29 05:00:00', 8.00, 8.00),
(740, 9, 289, 63, '2024-08-24 05:00:00', '2024-08-24 05:00:00', 12.00, 12.00),
(741, 7, 289, 58, '2024-08-24 05:00:00', '2024-08-24 05:00:00', 1.80, 1.80),
(742, 7, 289, 24, '2024-08-24 05:00:00', '2024-08-24 05:00:00', 3.00, 3.00),
(743, 7, 289, 61, '2024-08-24 05:00:00', '2024-08-24 05:00:00', 4.50, 4.50),
(744, 5, 289, 9, '2024-08-24 05:00:00', '2024-08-24 05:00:00', 7.00, 7.00),
(745, 8, 290, 59, '2024-02-11 05:00:00', '2024-02-11 05:00:00', 1.80, 1.80),
(746, 3, 290, 59, '2024-02-11 05:00:00', '2024-02-11 05:00:00', 1.80, 1.80),
(747, 3, 290, 60, '2024-02-11 05:00:00', '2024-02-11 05:00:00', 4.50, 4.50),
(748, 6, 291, 30, '2024-11-08 05:00:00', '2024-11-08 05:00:00', 10.00, 10.00),
(749, 8, 291, 12, '2024-11-08 05:00:00', '2024-11-08 05:00:00', 1.50, 1.50),
(750, 5, 291, 60, '2024-11-08 05:00:00', '2024-11-08 05:00:00', 4.50, 4.50),
(751, 10, 291, 16, '2024-11-08 05:00:00', '2024-11-08 05:00:00', 5.00, 5.00),
(752, 9, 292, 50, '2024-08-21 05:00:00', '2024-08-21 05:00:00', 2.50, 2.50),
(753, 1, 292, 18, '2024-08-21 05:00:00', '2024-08-21 05:00:00', 2.00, 2.00),
(754, 10, 293, 24, '2024-01-04 05:00:00', '2024-01-04 05:00:00', 3.00, 3.00),
(755, 2, 293, 34, '2024-01-04 05:00:00', '2024-01-04 05:00:00', 1.80, 1.80),
(756, 10, 294, 27, '2024-07-07 05:00:00', '2024-07-07 05:00:00', 9.00, 9.00),
(757, 3, 294, 7, '2024-07-07 05:00:00', '2024-07-07 05:00:00', 8.00, 8.00),
(758, 1, 295, 56, '2024-10-30 05:00:00', '2024-10-30 05:00:00', 1.20, 1.20),
(759, 2, 296, 7, '2024-03-27 05:00:00', '2024-03-27 05:00:00', 8.00, 8.00),
(760, 5, 296, 38, '2024-03-27 05:00:00', '2024-03-27 05:00:00', 7.50, 7.50),
(761, 5, 296, 18, '2024-03-27 05:00:00', '2024-03-27 05:00:00', 2.00, 2.00),
(762, 10, 297, 46, '2024-01-15 05:00:00', '2024-01-15 05:00:00', 3.50, 3.50),
(763, 6, 297, 12, '2024-01-15 05:00:00', '2024-01-15 05:00:00', 1.50, 1.50),
(764, 10, 298, 35, '2024-11-02 05:00:00', '2024-11-02 05:00:00', 0.50, 0.50),
(765, 3, 298, 23, '2024-11-02 05:00:00', '2024-11-02 05:00:00', 3.00, 3.00),
(766, 8, 299, 8, '2024-01-02 05:00:00', '2024-01-02 05:00:00', 1.80, 1.80),
(767, 7, 300, 39, '2024-01-17 05:00:00', '2024-01-17 05:00:00', 8.00, 8.00),
(768, 6, 300, 31, '2024-01-17 05:00:00', '2024-01-17 05:00:00', 0.70, 0.70),
(769, 4, 300, 45, '2024-01-17 05:00:00', '2024-01-17 05:00:00', 3.50, 3.50),
(770, 6, 301, 49, '2024-09-28 05:00:00', '2024-09-28 05:00:00', 2.50, 2.50),
(771, 3, 301, 29, '2024-09-28 05:00:00', '2024-09-28 05:00:00', 3.50, 3.50),
(772, 10, 301, 6, '2024-09-28 05:00:00', '2024-09-28 05:00:00', 1.80, 1.80),
(773, 5, 302, 56, '2024-07-10 05:00:00', '2024-07-10 05:00:00', 1.20, 1.20),
(774, 1, 302, 59, '2024-07-10 05:00:00', '2024-07-10 05:00:00', 1.80, 1.80),
(775, 1, 302, 6, '2024-07-10 05:00:00', '2024-07-10 05:00:00', 1.80, 1.80),
(776, 8, 303, 22, '2024-05-21 05:00:00', '2024-05-21 05:00:00', 5.00, 5.00),
(777, 5, 303, 32, '2024-05-21 05:00:00', '2024-05-21 05:00:00', 0.80, 0.80),
(778, 10, 303, 32, '2024-05-21 05:00:00', '2024-05-21 05:00:00', 0.80, 0.80),
(779, 4, 303, 44, '2024-05-21 05:00:00', '2024-05-21 05:00:00', 5.50, 5.50),
(780, 4, 304, 25, '2024-02-11 05:00:00', '2024-02-11 05:00:00', 2.80, 2.80),
(781, 10, 304, 47, '2024-02-11 05:00:00', '2024-02-11 05:00:00', 4.50, 4.50),
(782, 5, 304, 60, '2024-02-11 05:00:00', '2024-02-11 05:00:00', 4.50, 4.50),
(783, 9, 305, 41, '2024-02-09 05:00:00', '2024-02-09 05:00:00', 9.00, 9.00),
(784, 8, 305, 21, '2024-02-09 05:00:00', '2024-02-09 05:00:00', 2.50, 2.50),
(785, 9, 305, 9, '2024-02-09 05:00:00', '2024-02-09 05:00:00', 7.00, 7.00),
(786, 6, 306, 56, '2024-05-25 05:00:00', '2024-05-25 05:00:00', 1.20, 1.20),
(787, 2, 306, 56, '2024-05-25 05:00:00', '2024-05-25 05:00:00', 1.20, 1.20),
(788, 10, 306, 23, '2024-05-25 05:00:00', '2024-05-25 05:00:00', 3.00, 3.00),
(789, 9, 307, 34, '2024-06-24 05:00:00', '2024-06-24 05:00:00', 1.80, 1.80),
(790, 5, 308, 46, '2024-07-16 05:00:00', '2024-07-16 05:00:00', 3.50, 3.50),
(791, 2, 308, 37, '2024-07-16 05:00:00', '2024-07-16 05:00:00', 4.50, 4.50),
(792, 4, 309, 25, '2024-04-24 05:00:00', '2024-04-24 05:00:00', 2.80, 2.80),
(793, 8, 309, 38, '2024-04-24 05:00:00', '2024-04-24 05:00:00', 7.50, 7.50),
(794, 7, 309, 36, '2024-04-24 05:00:00', '2024-04-24 05:00:00', 0.70, 0.70),
(795, 4, 310, 44, '2024-03-20 05:00:00', '2024-03-20 05:00:00', 5.50, 5.50),
(796, 8, 311, 12, '2024-07-09 05:00:00', '2024-07-09 05:00:00', 1.50, 1.50),
(797, 1, 311, 39, '2024-07-09 05:00:00', '2024-07-09 05:00:00', 8.00, 8.00),
(798, 5, 311, 2, '2024-07-09 05:00:00', '2024-07-09 05:00:00', 2.00, 2.00),
(799, 2, 312, 55, '2024-02-09 05:00:00', '2024-02-09 05:00:00', 3.50, 3.50),
(800, 9, 312, 13, '2024-02-09 05:00:00', '2024-02-09 05:00:00', 1.50, 1.50),
(801, 8, 312, 28, '2024-02-09 05:00:00', '2024-02-09 05:00:00', 3.50, 3.50),
(802, 9, 312, 24, '2024-02-09 05:00:00', '2024-02-09 05:00:00', 3.00, 3.00),
(803, 5, 313, 33, '2024-07-19 05:00:00', '2024-07-19 05:00:00', 0.80, 0.80),
(804, 8, 313, 31, '2024-07-19 05:00:00', '2024-07-19 05:00:00', 0.70, 0.70),
(805, 2, 314, 24, '2024-06-24 05:00:00', '2024-06-24 05:00:00', 3.00, 3.00),
(806, 3, 315, 44, '2024-06-29 05:00:00', '2024-06-29 05:00:00', 5.50, 5.50),
(807, 3, 316, 37, '2024-11-10 05:00:00', '2024-11-10 05:00:00', 4.50, 4.50),
(808, 5, 316, 26, '2024-11-10 05:00:00', '2024-11-10 05:00:00', 9.50, 9.50),
(809, 2, 316, 12, '2024-11-10 05:00:00', '2024-11-10 05:00:00', 1.50, 1.50),
(810, 2, 317, 24, '2024-04-19 05:00:00', '2024-04-19 05:00:00', 3.00, 3.00),
(811, 9, 317, 12, '2024-04-19 05:00:00', '2024-04-19 05:00:00', 1.50, 1.50),
(812, 9, 317, 13, '2024-04-19 05:00:00', '2024-04-19 05:00:00', 1.50, 1.50),
(813, 5, 318, 5, '2024-05-21 05:00:00', '2024-05-21 05:00:00', 6.50, 6.50),
(814, 5, 319, 3, '2024-06-05 05:00:00', '2024-06-05 05:00:00', 9.00, 9.00),
(815, 9, 319, 48, '2024-06-05 05:00:00', '2024-06-05 05:00:00', 2.80, 2.80),
(816, 4, 319, 20, '2024-06-05 05:00:00', '2024-06-05 05:00:00', 2.50, 2.50),
(817, 8, 320, 29, '2024-06-09 05:00:00', '2024-06-09 05:00:00', 3.50, 3.50),
(818, 9, 320, 56, '2024-06-09 05:00:00', '2024-06-09 05:00:00', 1.20, 1.20),
(819, 9, 320, 23, '2024-06-09 05:00:00', '2024-06-09 05:00:00', 3.00, 3.00),
(820, 10, 321, 14, '2024-07-19 05:00:00', '2024-07-19 05:00:00', 4.50, 4.50),
(821, 10, 321, 20, '2024-07-19 05:00:00', '2024-07-19 05:00:00', 2.50, 2.50),
(822, 5, 322, 55, '2024-07-24 05:00:00', '2024-07-24 05:00:00', 3.50, 3.50),
(823, 6, 322, 3, '2024-07-24 05:00:00', '2024-07-24 05:00:00', 9.00, 9.00),
(824, 8, 322, 23, '2024-07-24 05:00:00', '2024-07-24 05:00:00', 3.00, 3.00),
(825, 3, 323, 48, '2024-01-17 05:00:00', '2024-01-17 05:00:00', 2.80, 2.80),
(826, 1, 323, 17, '2024-01-17 05:00:00', '2024-01-17 05:00:00', 6.50, 6.50),
(827, 8, 323, 11, '2024-01-17 05:00:00', '2024-01-17 05:00:00', 1.20, 1.20),
(828, 7, 323, 38, '2024-01-17 05:00:00', '2024-01-17 05:00:00', 7.50, 7.50),
(829, 5, 323, 31, '2024-01-17 05:00:00', '2024-01-17 05:00:00', 0.70, 0.70),
(830, 8, 324, 10, '2024-02-21 05:00:00', '2024-02-21 05:00:00', 1.50, 1.50),
(831, 6, 324, 21, '2024-02-21 05:00:00', '2024-02-21 05:00:00', 2.50, 2.50),
(832, 10, 324, 38, '2024-02-21 05:00:00', '2024-02-21 05:00:00', 7.50, 7.50),
(833, 5, 324, 23, '2024-02-21 05:00:00', '2024-02-21 05:00:00', 3.00, 3.00),
(834, 10, 325, 14, '2024-04-23 05:00:00', '2024-04-23 05:00:00', 4.50, 4.50),
(835, 9, 325, 35, '2024-04-23 05:00:00', '2024-04-23 05:00:00', 0.50, 0.50),
(836, 6, 325, 62, '2024-04-23 05:00:00', '2024-04-23 05:00:00', 12.00, 12.00),
(837, 9, 326, 48, '2024-10-11 05:00:00', '2024-10-11 05:00:00', 2.80, 2.80),
(838, 1, 326, 31, '2024-10-11 05:00:00', '2024-10-11 05:00:00', 0.70, 0.70),
(839, 10, 326, 56, '2024-10-11 05:00:00', '2024-10-11 05:00:00', 1.20, 1.20),
(840, 6, 327, 1, '2024-07-18 05:00:00', '2024-07-18 05:00:00', 9.00, 9.00),
(841, 6, 327, 37, '2024-07-18 05:00:00', '2024-07-18 05:00:00', 4.50, 4.50),
(842, 4, 328, 32, '2024-09-14 05:00:00', '2024-09-14 05:00:00', 0.80, 0.80),
(843, 7, 328, 56, '2024-09-14 05:00:00', '2024-09-14 05:00:00', 1.20, 1.20),
(844, 9, 329, 34, '2024-02-03 05:00:00', '2024-02-03 05:00:00', 1.80, 1.80),
(845, 4, 330, 2, '2024-09-27 05:00:00', '2024-09-27 05:00:00', 2.00, 2.00),
(846, 9, 331, 63, '2024-08-16 05:00:00', '2024-08-16 05:00:00', 12.00, 12.00),
(847, 2, 331, 25, '2024-08-16 05:00:00', '2024-08-16 05:00:00', 2.80, 2.80),
(848, 6, 332, 20, '2024-05-24 05:00:00', '2024-05-24 05:00:00', 2.50, 2.50),
(849, 5, 332, 3, '2024-05-24 05:00:00', '2024-05-24 05:00:00', 9.00, 9.00),
(850, 3, 333, 43, '2024-01-28 05:00:00', '2024-01-28 05:00:00', 2.80, 2.80),
(851, 3, 333, 8, '2024-01-28 05:00:00', '2024-01-28 05:00:00', 1.80, 1.80),
(852, 2, 334, 27, '2024-04-17 05:00:00', '2024-04-17 05:00:00', 9.00, 9.00),
(853, 7, 335, 3, '2024-04-07 05:00:00', '2024-04-07 05:00:00', 9.00, 9.00),
(854, 1, 335, 25, '2024-04-07 05:00:00', '2024-04-07 05:00:00', 2.80, 2.80),
(855, 9, 336, 11, '2024-02-15 05:00:00', '2024-02-15 05:00:00', 1.20, 1.20),
(856, 9, 336, 28, '2024-02-15 05:00:00', '2024-02-15 05:00:00', 3.50, 3.50),
(857, 9, 336, 28, '2024-02-15 05:00:00', '2024-02-15 05:00:00', 3.50, 3.50),
(858, 10, 337, 24, '2024-02-25 05:00:00', '2024-02-25 05:00:00', 3.00, 3.00),
(859, 2, 337, 20, '2024-02-25 05:00:00', '2024-02-25 05:00:00', 2.50, 2.50),
(860, 5, 337, 51, '2024-02-25 05:00:00', '2024-02-25 05:00:00', 1.80, 1.80),
(861, 5, 338, 20, '2024-01-12 05:00:00', '2024-01-12 05:00:00', 2.50, 2.50),
(862, 10, 338, 35, '2024-01-12 05:00:00', '2024-01-12 05:00:00', 0.50, 0.50),
(863, 6, 339, 25, '2024-10-10 05:00:00', '2024-10-10 05:00:00', 2.80, 2.80),
(864, 7, 339, 39, '2024-10-10 05:00:00', '2024-10-10 05:00:00', 8.00, 8.00),
(865, 9, 339, 32, '2024-10-10 05:00:00', '2024-10-10 05:00:00', 0.80, 0.80),
(866, 9, 340, 47, '2024-02-04 05:00:00', '2024-02-04 05:00:00', 4.50, 4.50),
(867, 6, 340, 35, '2024-02-04 05:00:00', '2024-02-04 05:00:00', 0.50, 0.50),
(868, 10, 341, 14, '2024-05-27 05:00:00', '2024-05-27 05:00:00', 4.50, 4.50),
(869, 3, 341, 55, '2024-05-27 05:00:00', '2024-05-27 05:00:00', 3.50, 3.50),
(870, 1, 341, 6, '2024-05-27 05:00:00', '2024-05-27 05:00:00', 1.80, 1.80),
(871, 4, 342, 6, '2024-06-13 05:00:00', '2024-06-13 05:00:00', 1.80, 1.80),
(872, 4, 342, 32, '2024-06-13 05:00:00', '2024-06-13 05:00:00', 0.80, 0.80),
(873, 8, 343, 27, '2024-01-10 05:00:00', '2024-01-10 05:00:00', 9.00, 9.00),
(874, 7, 343, 5, '2024-01-10 05:00:00', '2024-01-10 05:00:00', 6.50, 6.50),
(875, 7, 344, 15, '2024-10-23 05:00:00', '2024-10-23 05:00:00', 4.50, 4.50),
(876, 10, 344, 55, '2024-10-23 05:00:00', '2024-10-23 05:00:00', 3.50, 3.50),
(877, 3, 344, 50, '2024-10-23 05:00:00', '2024-10-23 05:00:00', 2.50, 2.50),
(878, 9, 345, 56, '2024-03-17 05:00:00', '2024-03-17 05:00:00', 1.20, 1.20),
(879, 3, 346, 21, '2024-10-02 05:00:00', '2024-10-02 05:00:00', 2.50, 2.50),
(880, 3, 346, 19, '2024-10-02 05:00:00', '2024-10-02 05:00:00', 2.50, 2.50),
(881, 3, 347, 62, '2024-10-31 05:00:00', '2024-10-31 05:00:00', 12.00, 12.00),
(882, 4, 347, 16, '2024-10-31 05:00:00', '2024-10-31 05:00:00', 5.00, 5.00),
(883, 6, 348, 25, '2024-07-05 05:00:00', '2024-07-05 05:00:00', 2.80, 2.80),
(884, 3, 348, 55, '2024-07-05 05:00:00', '2024-07-05 05:00:00', 3.50, 3.50),
(885, 9, 349, 21, '2024-03-09 05:00:00', '2024-03-09 05:00:00', 2.50, 2.50),
(886, 6, 349, 17, '2024-03-09 05:00:00', '2024-03-09 05:00:00', 6.50, 6.50),
(887, 5, 349, 13, '2024-03-09 05:00:00', '2024-03-09 05:00:00', 1.50, 1.50),
(888, 5, 349, 32, '2024-03-09 05:00:00', '2024-03-09 05:00:00', 0.80, 0.80),
(889, 1, 350, 19, '2024-01-07 05:00:00', '2024-01-07 05:00:00', 2.50, 2.50),
(890, 6, 350, 41, '2024-01-07 05:00:00', '2024-01-07 05:00:00', 9.00, 9.00),
(891, 10, 350, 22, '2024-01-07 05:00:00', '2024-01-07 05:00:00', 5.00, 5.00),
(892, 2, 350, 7, '2024-01-07 05:00:00', '2024-01-07 05:00:00', 8.00, 8.00),
(893, 3, 351, 46, '2024-01-01 05:00:00', '2024-01-01 05:00:00', 3.50, 3.50),
(894, 10, 351, 19, '2024-01-01 05:00:00', '2024-01-01 05:00:00', 2.50, 2.50),
(895, 3, 352, 26, '2024-08-21 05:00:00', '2024-08-21 05:00:00', 9.50, 9.50),
(896, 7, 352, 40, '2024-08-21 05:00:00', '2024-08-21 05:00:00', 9.00, 9.00),
(897, 9, 353, 31, '2024-07-10 05:00:00', '2024-07-10 05:00:00', 0.70, 0.70),
(898, 9, 353, 28, '2024-07-10 05:00:00', '2024-07-10 05:00:00', 3.50, 3.50),
(899, 1, 354, 42, '2024-09-24 05:00:00', '2024-09-24 05:00:00', 2.50, 2.50),
(900, 9, 355, 47, '2024-01-31 05:00:00', '2024-01-31 05:00:00', 4.50, 4.50),
(901, 10, 355, 56, '2024-01-31 05:00:00', '2024-01-31 05:00:00', 1.20, 1.20),
(902, 7, 356, 3, '2024-05-02 05:00:00', '2024-05-02 05:00:00', 9.00, 9.00),
(903, 9, 356, 3, '2024-05-02 05:00:00', '2024-05-02 05:00:00', 9.00, 9.00),
(904, 10, 356, 55, '2024-05-02 05:00:00', '2024-05-02 05:00:00', 3.50, 3.50),
(905, 1, 356, 51, '2024-05-02 05:00:00', '2024-05-02 05:00:00', 1.80, 1.80),
(906, 2, 357, 14, '2024-01-12 05:00:00', '2024-01-12 05:00:00', 4.50, 4.50),
(907, 4, 358, 13, '2024-08-15 05:00:00', '2024-08-15 05:00:00', 1.50, 1.50),
(908, 5, 358, 1, '2024-08-15 05:00:00', '2024-08-15 05:00:00', 9.00, 9.00),
(909, 6, 359, 27, '2024-06-26 05:00:00', '2024-06-26 05:00:00', 9.00, 9.00),
(910, 9, 359, 61, '2024-06-26 05:00:00', '2024-06-26 05:00:00', 4.50, 4.50),
(911, 7, 359, 48, '2024-06-26 05:00:00', '2024-06-26 05:00:00', 2.80, 2.80),
(912, 6, 360, 43, '2024-10-18 05:00:00', '2024-10-18 05:00:00', 2.80, 2.80),
(913, 5, 360, 51, '2024-10-18 05:00:00', '2024-10-18 05:00:00', 1.80, 1.80),
(914, 9, 361, 4, '2024-01-30 05:00:00', '2024-01-30 05:00:00', 2.00, 2.00),
(915, 1, 362, 12, '2024-04-25 05:00:00', '2024-04-25 05:00:00', 1.50, 1.50),
(916, 7, 362, 17, '2024-04-25 05:00:00', '2024-04-25 05:00:00', 6.50, 6.50),
(917, 1, 363, 62, '2024-10-29 05:00:00', '2024-10-29 05:00:00', 12.00, 12.00),
(918, 1, 363, 36, '2024-10-29 05:00:00', '2024-10-29 05:00:00', 0.70, 0.70),
(919, 7, 363, 31, '2024-10-29 05:00:00', '2024-10-29 05:00:00', 0.70, 0.70),
(920, 2, 363, 6, '2024-10-29 05:00:00', '2024-10-29 05:00:00', 1.80, 1.80),
(921, 7, 364, 25, '2024-10-04 05:00:00', '2024-10-04 05:00:00', 2.80, 2.80),
(922, 5, 364, 1, '2024-10-04 05:00:00', '2024-10-04 05:00:00', 9.00, 9.00),
(923, 8, 364, 50, '2024-10-04 05:00:00', '2024-10-04 05:00:00', 2.50, 2.50),
(924, 9, 365, 47, '2024-08-21 05:00:00', '2024-08-21 05:00:00', 4.50, 4.50),
(925, 5, 365, 60, '2024-08-21 05:00:00', '2024-08-21 05:00:00', 4.50, 4.50),
(926, 8, 365, 62, '2024-08-21 05:00:00', '2024-08-21 05:00:00', 12.00, 12.00),
(927, 2, 365, 49, '2024-08-21 05:00:00', '2024-08-21 05:00:00', 2.50, 2.50),
(928, 7, 366, 46, '2024-06-26 05:00:00', '2024-06-26 05:00:00', 3.50, 3.50),
(929, 1, 366, 24, '2024-06-26 05:00:00', '2024-06-26 05:00:00', 3.00, 3.00),
(930, 6, 366, 24, '2024-06-26 05:00:00', '2024-06-26 05:00:00', 3.00, 3.00),
(931, 5, 367, 48, '2024-11-01 05:00:00', '2024-11-01 05:00:00', 2.80, 2.80),
(932, 1, 367, 34, '2024-11-01 05:00:00', '2024-11-01 05:00:00', 1.80, 1.80),
(933, 6, 367, 61, '2024-11-01 05:00:00', '2024-11-01 05:00:00', 4.50, 4.50),
(934, 4, 367, 33, '2024-11-01 05:00:00', '2024-11-01 05:00:00', 0.80, 0.80),
(935, 4, 367, 25, '2024-11-01 05:00:00', '2024-11-01 05:00:00', 2.80, 2.80),
(936, 7, 368, 48, '2024-07-06 05:00:00', '2024-07-06 05:00:00', 2.80, 2.80),
(937, 10, 368, 35, '2024-07-06 05:00:00', '2024-07-06 05:00:00', 0.50, 0.50),
(938, 3, 369, 2, '2024-09-08 05:00:00', '2024-09-08 05:00:00', 2.00, 2.00),
(939, 4, 369, 63, '2024-09-08 05:00:00', '2024-09-08 05:00:00', 12.00, 12.00),
(940, 1, 369, 48, '2024-09-08 05:00:00', '2024-09-08 05:00:00', 2.80, 2.80),
(941, 3, 369, 37, '2024-09-08 05:00:00', '2024-09-08 05:00:00', 4.50, 4.50),
(942, 9, 370, 50, '2024-06-21 05:00:00', '2024-06-21 05:00:00', 2.50, 2.50),
(943, 7, 371, 31, '2024-03-07 05:00:00', '2024-03-07 05:00:00', 0.70, 0.70),
(944, 6, 371, 52, '2024-03-07 05:00:00', '2024-03-07 05:00:00', 1.50, 1.50),
(945, 10, 372, 3, '2024-06-25 05:00:00', '2024-06-25 05:00:00', 9.00, 9.00),
(946, 3, 372, 6, '2024-06-25 05:00:00', '2024-06-25 05:00:00', 1.80, 1.80),
(947, 1, 372, 2, '2024-06-25 05:00:00', '2024-06-25 05:00:00', 2.00, 2.00),
(948, 10, 372, 1, '2024-06-25 05:00:00', '2024-06-25 05:00:00', 9.00, 9.00),
(949, 5, 373, 41, '2024-03-29 05:00:00', '2024-03-29 05:00:00', 9.00, 9.00),
(950, 5, 373, 25, '2024-03-29 05:00:00', '2024-03-29 05:00:00', 2.80, 2.80),
(951, 4, 374, 63, '2024-07-16 05:00:00', '2024-07-16 05:00:00', 12.00, 12.00),
(952, 9, 374, 60, '2024-07-16 05:00:00', '2024-07-16 05:00:00', 4.50, 4.50),
(953, 7, 375, 2, '2024-03-01 05:00:00', '2024-03-01 05:00:00', 2.00, 2.00),
(954, 4, 375, 55, '2024-03-01 05:00:00', '2024-03-01 05:00:00', 3.50, 3.50),
(955, 6, 376, 29, '2024-05-11 05:00:00', '2024-05-11 05:00:00', 3.50, 3.50),
(956, 4, 376, 3, '2024-05-11 05:00:00', '2024-05-11 05:00:00', 9.00, 9.00),
(957, 3, 376, 11, '2024-05-11 05:00:00', '2024-05-11 05:00:00', 1.20, 1.20),
(958, 1, 376, 20, '2024-05-11 05:00:00', '2024-05-11 05:00:00', 2.50, 2.50),
(959, 2, 376, 52, '2024-05-11 05:00:00', '2024-05-11 05:00:00', 1.50, 1.50),
(960, 10, 377, 32, '2024-02-03 05:00:00', '2024-02-03 05:00:00', 0.80, 0.80),
(961, 2, 377, 52, '2024-02-03 05:00:00', '2024-02-03 05:00:00', 1.50, 1.50),
(962, 4, 377, 11, '2024-02-03 05:00:00', '2024-02-03 05:00:00', 1.20, 1.20),
(963, 9, 377, 2, '2024-02-03 05:00:00', '2024-02-03 05:00:00', 2.00, 2.00),
(964, 9, 378, 24, '2024-04-03 05:00:00', '2024-04-03 05:00:00', 3.00, 3.00),
(965, 2, 378, 21, '2024-04-03 05:00:00', '2024-04-03 05:00:00', 2.50, 2.50),
(966, 1, 379, 46, '2024-10-27 05:00:00', '2024-10-27 05:00:00', 3.50, 3.50),
(967, 2, 379, 33, '2024-10-27 05:00:00', '2024-10-27 05:00:00', 0.80, 0.80),
(968, 10, 379, 13, '2024-10-27 05:00:00', '2024-10-27 05:00:00', 1.50, 1.50),
(969, 7, 379, 50, '2024-10-27 05:00:00', '2024-10-27 05:00:00', 2.50, 2.50),
(970, 9, 380, 58, '2024-06-03 05:00:00', '2024-06-03 05:00:00', 1.80, 1.80),
(971, 2, 380, 53, '2024-06-03 05:00:00', '2024-06-03 05:00:00', 1.50, 1.50),
(972, 7, 380, 27, '2024-06-03 05:00:00', '2024-06-03 05:00:00', 9.00, 9.00),
(973, 3, 381, 54, '2024-03-14 05:00:00', '2024-03-14 05:00:00', 3.30, 3.30),
(974, 4, 381, 3, '2024-03-14 05:00:00', '2024-03-14 05:00:00', 9.00, 9.00),
(975, 8, 381, 19, '2024-03-14 05:00:00', '2024-03-14 05:00:00', 2.50, 2.50),
(976, 5, 381, 35, '2024-03-14 05:00:00', '2024-03-14 05:00:00', 0.50, 0.50),
(977, 9, 381, 48, '2024-03-14 05:00:00', '2024-03-14 05:00:00', 2.80, 2.80),
(978, 4, 382, 23, '2024-03-25 05:00:00', '2024-03-25 05:00:00', 3.00, 3.00),
(979, 2, 382, 48, '2024-03-25 05:00:00', '2024-03-25 05:00:00', 2.80, 2.80),
(980, 2, 382, 10, '2024-03-25 05:00:00', '2024-03-25 05:00:00', 1.50, 1.50),
(981, 8, 382, 8, '2024-03-25 05:00:00', '2024-03-25 05:00:00', 1.80, 1.80),
(982, 1, 383, 2, '2024-03-28 05:00:00', '2024-03-28 05:00:00', 2.00, 2.00),
(983, 1, 384, 53, '2024-08-19 05:00:00', '2024-08-19 05:00:00', 1.50, 1.50),
(984, 7, 384, 17, '2024-08-19 05:00:00', '2024-08-19 05:00:00', 6.50, 6.50),
(985, 8, 385, 12, '2024-02-13 05:00:00', '2024-02-13 05:00:00', 1.50, 1.50),
(986, 10, 386, 50, '2024-09-08 05:00:00', '2024-09-08 05:00:00', 2.50, 2.50),
(987, 6, 386, 22, '2024-09-08 05:00:00', '2024-09-08 05:00:00', 5.00, 5.00),
(988, 2, 387, 3, '2024-10-22 05:00:00', '2024-10-22 05:00:00', 9.00, 9.00),
(989, 1, 387, 45, '2024-10-22 05:00:00', '2024-10-22 05:00:00', 3.50, 3.50),
(990, 6, 387, 6, '2024-10-22 05:00:00', '2024-10-22 05:00:00', 1.80, 1.80),
(991, 4, 387, 15, '2024-10-22 05:00:00', '2024-10-22 05:00:00', 4.50, 4.50),
(992, 4, 388, 32, '2024-04-05 05:00:00', '2024-04-05 05:00:00', 0.80, 0.80),
(993, 6, 388, 53, '2024-04-05 05:00:00', '2024-04-05 05:00:00', 1.50, 1.50),
(994, 7, 388, 3, '2024-04-05 05:00:00', '2024-04-05 05:00:00', 9.00, 9.00),
(995, 2, 389, 30, '2024-07-06 05:00:00', '2024-07-06 05:00:00', 10.00, 10.00),
(996, 5, 389, 9, '2024-07-06 05:00:00', '2024-07-06 05:00:00', 7.00, 7.00),
(997, 3, 389, 45, '2024-07-06 05:00:00', '2024-07-06 05:00:00', 3.50, 3.50),
(998, 10, 390, 60, '2024-05-05 05:00:00', '2024-05-05 05:00:00', 4.50, 4.50),
(999, 5, 390, 19, '2024-05-05 05:00:00', '2024-05-05 05:00:00', 2.50, 2.50),
(1000, 1, 390, 3, '2024-05-05 05:00:00', '2024-05-05 05:00:00', 9.00, 9.00),
(1001, 1, 390, 27, '2024-05-05 05:00:00', '2024-05-05 05:00:00', 9.00, 9.00),
(1002, 10, 391, 9, '2024-02-25 05:00:00', '2024-02-25 05:00:00', 7.00, 7.00),
(1003, 8, 391, 10, '2024-02-25 05:00:00', '2024-02-25 05:00:00', 1.50, 1.50),
(1004, 6, 391, 60, '2024-02-25 05:00:00', '2024-02-25 05:00:00', 4.50, 4.50),
(1005, 4, 391, 7, '2024-02-25 05:00:00', '2024-02-25 05:00:00', 8.00, 8.00),
(1006, 4, 392, 33, '2024-09-09 05:00:00', '2024-09-09 05:00:00', 0.80, 0.80),
(1007, 3, 392, 47, '2024-09-09 05:00:00', '2024-09-09 05:00:00', 4.50, 4.50),
(1008, 9, 392, 4, '2024-09-09 05:00:00', '2024-09-09 05:00:00', 2.00, 2.00),
(1009, 4, 393, 62, '2024-09-22 05:00:00', '2024-09-22 05:00:00', 12.00, 12.00),
(1010, 3, 393, 4, '2024-09-22 05:00:00', '2024-09-22 05:00:00', 2.00, 2.00),
(1011, 5, 394, 6, '2024-03-13 05:00:00', '2024-03-13 05:00:00', 1.80, 1.80),
(1012, 9, 394, 42, '2024-03-13 05:00:00', '2024-03-13 05:00:00', 2.50, 2.50),
(1013, 5, 394, 55, '2024-03-13 05:00:00', '2024-03-13 05:00:00', 3.50, 3.50),
(1014, 5, 394, 53, '2024-03-13 05:00:00', '2024-03-13 05:00:00', 1.50, 1.50),
(1015, 2, 395, 30, '2024-08-29 05:00:00', '2024-08-29 05:00:00', 10.00, 10.00),
(1016, 2, 396, 23, '2024-02-11 05:00:00', '2024-02-11 05:00:00', 3.00, 3.00),
(1017, 3, 396, 33, '2024-02-11 05:00:00', '2024-02-11 05:00:00', 0.80, 0.80),
(1018, 6, 396, 56, '2024-02-11 05:00:00', '2024-02-11 05:00:00', 1.20, 1.20),
(1019, 10, 397, 38, '2024-10-27 05:00:00', '2024-10-27 05:00:00', 7.50, 7.50),
(1020, 7, 397, 53, '2024-10-27 05:00:00', '2024-10-27 05:00:00', 1.50, 1.50),
(1021, 8, 397, 53, '2024-10-27 05:00:00', '2024-10-27 05:00:00', 1.50, 1.50),
(1022, 6, 398, 51, '2024-04-02 05:00:00', '2024-04-02 05:00:00', 1.80, 1.80),
(1023, 8, 398, 32, '2024-04-02 05:00:00', '2024-04-02 05:00:00', 0.80, 0.80),
(1024, 4, 399, 30, '2024-05-05 05:00:00', '2024-05-05 05:00:00', 10.00, 10.00),
(1025, 8, 399, 38, '2024-05-05 05:00:00', '2024-05-05 05:00:00', 7.50, 7.50),
(1026, 6, 399, 16, '2024-05-05 05:00:00', '2024-05-05 05:00:00', 5.00, 5.00),
(1027, 7, 400, 54, '2024-07-05 05:00:00', '2024-07-05 05:00:00', 3.30, 3.30),
(1028, 3, 400, 10, '2024-07-05 05:00:00', '2024-07-05 05:00:00', 1.50, 1.50),
(1029, 10, 400, 4, '2024-07-05 05:00:00', '2024-07-05 05:00:00', 2.00, 2.00),
(1030, 10, 400, 47, '2024-07-05 05:00:00', '2024-07-05 05:00:00', 4.50, 4.50),
(1031, 10, 401, 1, '2024-03-02 05:00:00', '2024-03-02 05:00:00', 9.00, 9.00),
(1032, 2, 401, 28, '2024-03-02 05:00:00', '2024-03-02 05:00:00', 3.50, 3.50),
(1033, 3, 402, 53, '2024-08-22 05:00:00', '2024-08-22 05:00:00', 1.50, 1.50),
(1034, 9, 402, 41, '2024-08-22 05:00:00', '2024-08-22 05:00:00', 9.00, 9.00),
(1035, 4, 403, 24, '2024-11-02 05:00:00', '2024-11-02 05:00:00', 3.00, 3.00),
(1036, 6, 403, 32, '2024-11-02 05:00:00', '2024-11-02 05:00:00', 0.80, 0.80),
(1037, 3, 403, 46, '2024-11-02 05:00:00', '2024-11-02 05:00:00', 3.50, 3.50),
(1038, 6, 403, 38, '2024-11-02 05:00:00', '2024-11-02 05:00:00', 7.50, 7.50),
(1039, 9, 403, 38, '2024-11-02 05:00:00', '2024-11-02 05:00:00', 7.50, 7.50),
(1040, 4, 404, 26, '2024-08-06 05:00:00', '2024-08-06 05:00:00', 9.50, 9.50),
(1041, 4, 404, 50, '2024-08-06 05:00:00', '2024-08-06 05:00:00', 2.50, 2.50),
(1042, 5, 404, 1, '2024-08-06 05:00:00', '2024-08-06 05:00:00', 9.00, 9.00),
(1043, 3, 405, 27, '2024-02-16 05:00:00', '2024-02-16 05:00:00', 9.00, 9.00),
(1044, 1, 406, 58, '2024-11-06 05:00:00', '2024-11-06 05:00:00', 1.80, 1.80),
(1045, 9, 406, 40, '2024-11-06 05:00:00', '2024-11-06 05:00:00', 9.00, 9.00),
(1046, 10, 407, 43, '2024-05-04 05:00:00', '2024-05-04 05:00:00', 2.80, 2.80),
(1047, 5, 408, 58, '2024-09-17 05:00:00', '2024-09-17 05:00:00', 1.80, 1.80),
(1048, 2, 409, 57, '2024-09-08 05:00:00', '2024-09-08 05:00:00', 1.80, 1.80),
(1049, 7, 409, 20, '2024-09-08 05:00:00', '2024-09-08 05:00:00', 2.50, 2.50),
(1050, 5, 409, 47, '2024-09-08 05:00:00', '2024-09-08 05:00:00', 4.50, 4.50),
(1051, 10, 410, 24, '2024-07-11 05:00:00', '2024-07-11 05:00:00', 3.00, 3.00),
(1052, 4, 410, 9, '2024-07-11 05:00:00', '2024-07-11 05:00:00', 7.00, 7.00),
(1053, 1, 411, 38, '2024-01-11 05:00:00', '2024-01-11 05:00:00', 7.50, 7.50),
(1054, 10, 411, 17, '2024-01-11 05:00:00', '2024-01-11 05:00:00', 6.50, 6.50),
(1055, 10, 412, 14, '2024-08-18 05:00:00', '2024-08-18 05:00:00', 4.50, 4.50),
(1056, 3, 412, 56, '2024-08-18 05:00:00', '2024-08-18 05:00:00', 1.20, 1.20),
(1057, 9, 412, 8, '2024-08-18 05:00:00', '2024-08-18 05:00:00', 1.80, 1.80),
(1058, 5, 412, 1, '2024-08-18 05:00:00', '2024-08-18 05:00:00', 9.00, 9.00),
(1059, 6, 413, 30, '2024-04-20 05:00:00', '2024-04-20 05:00:00', 10.00, 10.00),
(1060, 1, 413, 18, '2024-04-20 05:00:00', '2024-04-20 05:00:00', 2.00, 2.00),
(1061, 4, 414, 6, '2024-03-06 05:00:00', '2024-03-06 05:00:00', 1.80, 1.80),
(1062, 2, 414, 18, '2024-03-06 05:00:00', '2024-03-06 05:00:00', 2.00, 2.00),
(1063, 7, 414, 16, '2024-03-06 05:00:00', '2024-03-06 05:00:00', 5.00, 5.00),
(1064, 7, 414, 60, '2024-03-06 05:00:00', '2024-03-06 05:00:00', 4.50, 4.50),
(1065, 1, 414, 54, '2024-03-06 05:00:00', '2024-03-06 05:00:00', 3.30, 3.30),
(1066, 2, 415, 57, '2024-09-22 05:00:00', '2024-09-22 05:00:00', 1.80, 1.80),
(1067, 4, 415, 13, '2024-09-22 05:00:00', '2024-09-22 05:00:00', 1.50, 1.50),
(1068, 9, 416, 59, '2024-06-21 05:00:00', '2024-06-21 05:00:00', 1.80, 1.80),
(1069, 1, 416, 55, '2024-06-21 05:00:00', '2024-06-21 05:00:00', 3.50, 3.50),
(1070, 3, 416, 33, '2024-06-21 05:00:00', '2024-06-21 05:00:00', 0.80, 0.80),
(1071, 1, 417, 4, '2024-04-22 05:00:00', '2024-04-22 05:00:00', 2.00, 2.00),
(1072, 9, 417, 24, '2024-04-22 05:00:00', '2024-04-22 05:00:00', 3.00, 3.00),
(1073, 2, 418, 15, '2024-03-27 05:00:00', '2024-03-27 05:00:00', 4.50, 4.50),
(1074, 10, 418, 28, '2024-03-27 05:00:00', '2024-03-27 05:00:00', 3.50, 3.50),
(1075, 4, 418, 11, '2024-03-27 05:00:00', '2024-03-27 05:00:00', 1.20, 1.20),
(1076, 5, 419, 63, '2024-11-02 05:00:00', '2024-11-02 05:00:00', 12.00, 12.00),
(1077, 2, 419, 49, '2024-11-02 05:00:00', '2024-11-02 05:00:00', 2.50, 2.50),
(1078, 6, 420, 25, '2024-06-12 05:00:00', '2024-06-12 05:00:00', 2.80, 2.80),
(1079, 2, 421, 54, '2024-11-01 05:00:00', '2024-11-01 05:00:00', 3.30, 3.30),
(1080, 9, 421, 33, '2024-11-01 05:00:00', '2024-11-01 05:00:00', 0.80, 0.80),
(1081, 7, 421, 21, '2024-11-01 05:00:00', '2024-11-01 05:00:00', 2.50, 2.50),
(1082, 8, 422, 52, '2024-02-21 05:00:00', '2024-02-21 05:00:00', 1.50, 1.50),
(1083, 6, 422, 6, '2024-02-21 05:00:00', '2024-02-21 05:00:00', 1.80, 1.80),
(1084, 9, 422, 43, '2024-02-21 05:00:00', '2024-02-21 05:00:00', 2.80, 2.80),
(1085, 10, 423, 40, '2024-08-29 05:00:00', '2024-08-29 05:00:00', 9.00, 9.00),
(1086, 7, 423, 33, '2024-08-29 05:00:00', '2024-08-29 05:00:00', 0.80, 0.80),
(1087, 7, 424, 60, '2024-04-27 05:00:00', '2024-04-27 05:00:00', 4.50, 4.50),
(1088, 5, 424, 37, '2024-04-27 05:00:00', '2024-04-27 05:00:00', 4.50, 4.50),
(1089, 8, 424, 24, '2024-04-27 05:00:00', '2024-04-27 05:00:00', 3.00, 3.00),
(1090, 2, 424, 57, '2024-04-27 05:00:00', '2024-04-27 05:00:00', 1.80, 1.80),
(1091, 10, 425, 53, '2024-02-03 05:00:00', '2024-02-03 05:00:00', 1.50, 1.50),
(1092, 3, 425, 16, '2024-02-03 05:00:00', '2024-02-03 05:00:00', 5.00, 5.00),
(1093, 7, 426, 51, '2024-05-29 05:00:00', '2024-05-29 05:00:00', 1.80, 1.80),
(1094, 8, 427, 27, '2024-03-05 05:00:00', '2024-03-05 05:00:00', 9.00, 9.00),
(1095, 2, 427, 50, '2024-03-05 05:00:00', '2024-03-05 05:00:00', 2.50, 2.50),
(1096, 8, 428, 41, '2024-11-07 05:00:00', '2024-11-07 05:00:00', 9.00, 9.00),
(1097, 9, 428, 37, '2024-11-07 05:00:00', '2024-11-07 05:00:00', 4.50, 4.50),
(1098, 9, 428, 12, '2024-11-07 05:00:00', '2024-11-07 05:00:00', 1.50, 1.50),
(1099, 7, 428, 54, '2024-11-07 05:00:00', '2024-11-07 05:00:00', 3.30, 3.30),
(1100, 7, 429, 12, '2024-08-22 05:00:00', '2024-08-22 05:00:00', 1.50, 1.50),
(1101, 1, 429, 22, '2024-08-22 05:00:00', '2024-08-22 05:00:00', 5.00, 5.00),
(1102, 5, 429, 3, '2024-08-22 05:00:00', '2024-08-22 05:00:00', 9.00, 9.00),
(1103, 3, 429, 52, '2024-08-22 05:00:00', '2024-08-22 05:00:00', 1.50, 1.50),
(1104, 8, 430, 55, '2024-01-03 05:00:00', '2024-01-03 05:00:00', 3.50, 3.50),
(1105, 5, 430, 12, '2024-01-03 05:00:00', '2024-01-03 05:00:00', 1.50, 1.50),
(1106, 10, 431, 51, '2024-01-10 05:00:00', '2024-01-10 05:00:00', 1.80, 1.80),
(1107, 5, 431, 60, '2024-01-10 05:00:00', '2024-01-10 05:00:00', 4.50, 4.50),
(1108, 10, 431, 15, '2024-01-10 05:00:00', '2024-01-10 05:00:00', 4.50, 4.50),
(1109, 6, 432, 58, '2024-08-04 05:00:00', '2024-08-04 05:00:00', 1.80, 1.80),
(1110, 1, 432, 52, '2024-08-04 05:00:00', '2024-08-04 05:00:00', 1.50, 1.50),
(1111, 10, 433, 19, '2024-11-02 05:00:00', '2024-11-02 05:00:00', 2.50, 2.50),
(1112, 4, 433, 19, '2024-11-02 05:00:00', '2024-11-02 05:00:00', 2.50, 2.50),
(1113, 8, 433, 48, '2024-11-02 05:00:00', '2024-11-02 05:00:00', 2.80, 2.80),
(1114, 2, 433, 31, '2024-11-02 05:00:00', '2024-11-02 05:00:00', 0.70, 0.70),
(1115, 5, 433, 7, '2024-11-02 05:00:00', '2024-11-02 05:00:00', 8.00, 8.00),
(1116, 4, 434, 30, '2024-06-10 05:00:00', '2024-06-10 05:00:00', 10.00, 10.00),
(1117, 3, 435, 38, '2024-02-12 05:00:00', '2024-02-12 05:00:00', 7.50, 7.50),
(1118, 6, 435, 14, '2024-02-12 05:00:00', '2024-02-12 05:00:00', 4.50, 4.50),
(1119, 9, 436, 40, '2024-04-08 05:00:00', '2024-04-08 05:00:00', 9.00, 9.00),
(1120, 1, 436, 20, '2024-04-08 05:00:00', '2024-04-08 05:00:00', 2.50, 2.50),
(1121, 1, 436, 19, '2024-04-08 05:00:00', '2024-04-08 05:00:00', 2.50, 2.50),
(1122, 5, 437, 13, '2024-03-21 05:00:00', '2024-03-21 05:00:00', 1.50, 1.50),
(1123, 5, 437, 52, '2024-03-21 05:00:00', '2024-03-21 05:00:00', 1.50, 1.50),
(1124, 7, 437, 34, '2024-03-21 05:00:00', '2024-03-21 05:00:00', 1.80, 1.80),
(1125, 2, 438, 21, '2024-08-17 05:00:00', '2024-08-17 05:00:00', 2.50, 2.50),
(1126, 7, 438, 13, '2024-08-17 05:00:00', '2024-08-17 05:00:00', 1.50, 1.50),
(1127, 1, 438, 39, '2024-08-17 05:00:00', '2024-08-17 05:00:00', 8.00, 8.00),
(1128, 4, 438, 42, '2024-08-17 05:00:00', '2024-08-17 05:00:00', 2.50, 2.50),
(1129, 1, 439, 23, '2024-02-19 05:00:00', '2024-02-19 05:00:00', 3.00, 3.00),
(1130, 2, 439, 50, '2024-02-19 05:00:00', '2024-02-19 05:00:00', 2.50, 2.50),
(1131, 10, 440, 23, '2024-02-19 05:00:00', '2024-02-19 05:00:00', 3.00, 3.00),
(1132, 6, 440, 8, '2024-02-19 05:00:00', '2024-02-19 05:00:00', 1.80, 1.80),
(1133, 9, 441, 41, '2024-06-23 05:00:00', '2024-06-23 05:00:00', 9.00, 9.00),
(1134, 4, 441, 28, '2024-06-23 05:00:00', '2024-06-23 05:00:00', 3.50, 3.50),
(1135, 10, 442, 15, '2024-06-10 05:00:00', '2024-06-10 05:00:00', 4.50, 4.50),
(1136, 10, 442, 30, '2024-06-10 05:00:00', '2024-06-10 05:00:00', 10.00, 10.00),
(1137, 1, 443, 32, '2024-10-12 05:00:00', '2024-10-12 05:00:00', 0.80, 0.80),
(1138, 8, 443, 17, '2024-10-12 05:00:00', '2024-10-12 05:00:00', 6.50, 6.50),
(1139, 4, 444, 47, '2024-02-03 05:00:00', '2024-02-03 05:00:00', 4.50, 4.50),
(1140, 7, 445, 36, '2024-06-03 05:00:00', '2024-06-03 05:00:00', 0.70, 0.70),
(1141, 6, 446, 21, '2024-08-06 05:00:00', '2024-08-06 05:00:00', 2.50, 2.50),
(1142, 7, 447, 54, '2024-05-26 05:00:00', '2024-05-26 05:00:00', 3.30, 3.30),
(1143, 9, 447, 14, '2024-05-26 05:00:00', '2024-05-26 05:00:00', 4.50, 4.50),
(1144, 10, 447, 49, '2024-05-26 05:00:00', '2024-05-26 05:00:00', 2.50, 2.50),
(1145, 1, 448, 8, '2024-07-19 05:00:00', '2024-07-19 05:00:00', 1.80, 1.80),
(1146, 9, 448, 11, '2024-07-19 05:00:00', '2024-07-19 05:00:00', 1.20, 1.20),
(1147, 7, 448, 40, '2024-07-19 05:00:00', '2024-07-19 05:00:00', 9.00, 9.00),
(1148, 6, 449, 51, '2024-10-11 05:00:00', '2024-10-11 05:00:00', 1.80, 1.80),
(1149, 1, 449, 29, '2024-10-11 05:00:00', '2024-10-11 05:00:00', 3.50, 3.50),
(1150, 7, 449, 34, '2024-10-11 05:00:00', '2024-10-11 05:00:00', 1.80, 1.80),
(1151, 5, 450, 38, '2024-02-29 05:00:00', '2024-02-29 05:00:00', 7.50, 7.50),
(1152, 7, 450, 10, '2024-02-29 05:00:00', '2024-02-29 05:00:00', 1.50, 1.50),
(1153, 5, 451, 63, '2024-09-15 05:00:00', '2024-09-15 05:00:00', 12.00, 12.00),
(1154, 8, 451, 45, '2024-09-15 05:00:00', '2024-09-15 05:00:00', 3.50, 3.50),
(1155, 4, 451, 38, '2024-09-15 05:00:00', '2024-09-15 05:00:00', 7.50, 7.50),
(1156, 2, 451, 21, '2024-09-15 05:00:00', '2024-09-15 05:00:00', 2.50, 2.50),
(1157, 6, 452, 22, '2024-10-16 05:00:00', '2024-10-16 05:00:00', 5.00, 5.00),
(1158, 7, 452, 61, '2024-10-16 05:00:00', '2024-10-16 05:00:00', 4.50, 4.50),
(1159, 6, 452, 62, '2024-10-16 05:00:00', '2024-10-16 05:00:00', 12.00, 12.00),
(1160, 1, 453, 33, '2024-06-11 05:00:00', '2024-06-11 05:00:00', 0.80, 0.80),
(1161, 1, 453, 23, '2024-06-11 05:00:00', '2024-06-11 05:00:00', 3.00, 3.00),
(1162, 1, 453, 22, '2024-06-11 05:00:00', '2024-06-11 05:00:00', 5.00, 5.00),
(1163, 7, 453, 52, '2024-06-11 05:00:00', '2024-06-11 05:00:00', 1.50, 1.50),
(1164, 6, 453, 38, '2024-06-11 05:00:00', '2024-06-11 05:00:00', 7.50, 7.50),
(1165, 6, 454, 41, '2024-01-25 05:00:00', '2024-01-25 05:00:00', 9.00, 9.00),
(1166, 5, 454, 20, '2024-01-25 05:00:00', '2024-01-25 05:00:00', 2.50, 2.50),
(1167, 9, 455, 19, '2024-09-12 05:00:00', '2024-09-12 05:00:00', 2.50, 2.50),
(1168, 3, 455, 17, '2024-09-12 05:00:00', '2024-09-12 05:00:00', 6.50, 6.50),
(1169, 4, 455, 40, '2024-09-12 05:00:00', '2024-09-12 05:00:00', 9.00, 9.00),
(1170, 9, 455, 50, '2024-09-12 05:00:00', '2024-09-12 05:00:00', 2.50, 2.50),
(1171, 2, 456, 36, '2024-02-29 05:00:00', '2024-02-29 05:00:00', 0.70, 0.70),
(1172, 5, 456, 54, '2024-02-29 05:00:00', '2024-02-29 05:00:00', 3.30, 3.30),
(1173, 3, 456, 39, '2024-02-29 05:00:00', '2024-02-29 05:00:00', 8.00, 8.00),
(1174, 6, 456, 8, '2024-02-29 05:00:00', '2024-02-29 05:00:00', 1.80, 1.80),
(1175, 4, 456, 54, '2024-02-29 05:00:00', '2024-02-29 05:00:00', 3.30, 3.30),
(1176, 4, 457, 29, '2024-01-13 05:00:00', '2024-01-13 05:00:00', 3.50, 3.50),
(1177, 9, 457, 13, '2024-01-13 05:00:00', '2024-01-13 05:00:00', 1.50, 1.50),
(1178, 7, 458, 59, '2024-02-07 05:00:00', '2024-02-07 05:00:00', 1.80, 1.80),
(1179, 2, 458, 35, '2024-02-07 05:00:00', '2024-02-07 05:00:00', 0.50, 0.50),
(1180, 4, 459, 48, '2024-11-10 05:00:00', '2024-11-10 05:00:00', 2.80, 2.80),
(1181, 3, 459, 63, '2024-11-10 05:00:00', '2024-11-10 05:00:00', 12.00, 12.00),
(1182, 7, 459, 32, '2024-11-10 05:00:00', '2024-11-10 05:00:00', 0.80, 0.80),
(1183, 10, 460, 55, '2024-10-13 05:00:00', '2024-10-13 05:00:00', 3.50, 3.50),
(1184, 4, 461, 49, '2024-08-09 05:00:00', '2024-08-09 05:00:00', 2.50, 2.50),
(1185, 9, 461, 37, '2024-08-09 05:00:00', '2024-08-09 05:00:00', 4.50, 4.50),
(1186, 9, 461, 21, '2024-08-09 05:00:00', '2024-08-09 05:00:00', 2.50, 2.50),
(1187, 9, 462, 57, '2024-04-25 05:00:00', '2024-04-25 05:00:00', 1.80, 1.80),
(1188, 10, 462, 43, '2024-04-25 05:00:00', '2024-04-25 05:00:00', 2.80, 2.80),
(1189, 2, 462, 32, '2024-04-25 05:00:00', '2024-04-25 05:00:00', 0.80, 0.80),
(1190, 10, 463, 62, '2024-09-13 05:00:00', '2024-09-13 05:00:00', 12.00, 12.00),
(1191, 7, 463, 59, '2024-09-13 05:00:00', '2024-09-13 05:00:00', 1.80, 1.80),
(1192, 2, 464, 42, '2024-07-11 05:00:00', '2024-07-11 05:00:00', 2.50, 2.50),
(1193, 7, 464, 36, '2024-07-11 05:00:00', '2024-07-11 05:00:00', 0.70, 0.70),
(1194, 6, 465, 37, '2024-03-13 05:00:00', '2024-03-13 05:00:00', 4.50, 4.50),
(1195, 7, 466, 7, '2024-03-18 05:00:00', '2024-03-18 05:00:00', 8.00, 8.00),
(1196, 9, 466, 22, '2024-03-18 05:00:00', '2024-03-18 05:00:00', 5.00, 5.00),
(1197, 6, 466, 33, '2024-03-18 05:00:00', '2024-03-18 05:00:00', 0.80, 0.80),
(1198, 3, 467, 58, '2024-09-02 05:00:00', '2024-09-02 05:00:00', 1.80, 1.80),
(1199, 5, 467, 37, '2024-09-02 05:00:00', '2024-09-02 05:00:00', 4.50, 4.50),
(1200, 6, 467, 32, '2024-09-02 05:00:00', '2024-09-02 05:00:00', 0.80, 0.80),
(1201, 3, 468, 63, '2024-10-30 05:00:00', '2024-10-30 05:00:00', 12.00, 12.00),
(1202, 6, 469, 42, '2024-04-25 05:00:00', '2024-04-25 05:00:00', 2.50, 2.50),
(1203, 1, 470, 18, '2024-06-18 05:00:00', '2024-06-18 05:00:00', 2.00, 2.00),
(1204, 9, 470, 12, '2024-06-18 05:00:00', '2024-06-18 05:00:00', 1.50, 1.50),
(1205, 7, 471, 58, '2024-05-09 05:00:00', '2024-05-09 05:00:00', 1.80, 1.80),
(1206, 1, 471, 25, '2024-05-09 05:00:00', '2024-05-09 05:00:00', 2.80, 2.80),
(1207, 6, 472, 23, '2024-03-07 05:00:00', '2024-03-07 05:00:00', 3.00, 3.00),
(1208, 10, 473, 50, '2024-08-14 05:00:00', '2024-08-14 05:00:00', 2.50, 2.50),
(1209, 1, 473, 1, '2024-08-14 05:00:00', '2024-08-14 05:00:00', 9.00, 9.00),
(1210, 3, 473, 59, '2024-08-14 05:00:00', '2024-08-14 05:00:00', 1.80, 1.80),
(1211, 4, 473, 6, '2024-08-14 05:00:00', '2024-08-14 05:00:00', 1.80, 1.80),
(1212, 5, 473, 47, '2024-08-14 05:00:00', '2024-08-14 05:00:00', 4.50, 4.50),
(1213, 5, 474, 4, '2024-04-01 05:00:00', '2024-04-01 05:00:00', 2.00, 2.00),
(1214, 2, 474, 34, '2024-04-01 05:00:00', '2024-04-01 05:00:00', 1.80, 1.80),
(1215, 3, 474, 7, '2024-04-01 05:00:00', '2024-04-01 05:00:00', 8.00, 8.00),
(1216, 9, 475, 15, '2024-11-04 05:00:00', '2024-11-04 05:00:00', 4.50, 4.50),
(1217, 1, 475, 58, '2024-11-04 05:00:00', '2024-11-04 05:00:00', 1.80, 1.80),
(1218, 7, 476, 8, '2024-02-05 05:00:00', '2024-02-05 05:00:00', 1.80, 1.80),
(1219, 3, 477, 27, '2024-01-11 05:00:00', '2024-01-11 05:00:00', 9.00, 9.00),
(1220, 6, 478, 43, '2024-06-02 05:00:00', '2024-06-02 05:00:00', 2.80, 2.80),
(1221, 6, 478, 13, '2024-06-02 05:00:00', '2024-06-02 05:00:00', 1.50, 1.50),
(1222, 3, 478, 17, '2024-06-02 05:00:00', '2024-06-02 05:00:00', 6.50, 6.50),
(1223, 1, 478, 2, '2024-06-02 05:00:00', '2024-06-02 05:00:00', 2.00, 2.00),
(1224, 8, 479, 7, '2024-04-06 05:00:00', '2024-04-06 05:00:00', 8.00, 8.00),
(1225, 3, 479, 40, '2024-04-06 05:00:00', '2024-04-06 05:00:00', 9.00, 9.00),
(1226, 9, 480, 41, '2024-06-03 05:00:00', '2024-06-03 05:00:00', 9.00, 9.00),
(1227, 5, 480, 59, '2024-06-03 05:00:00', '2024-06-03 05:00:00', 1.80, 1.80),
(1228, 7, 480, 52, '2024-06-03 05:00:00', '2024-06-03 05:00:00', 1.50, 1.50),
(1229, 7, 481, 27, '2024-03-08 05:00:00', '2024-03-08 05:00:00', 9.00, 9.00),
(1230, 2, 481, 17, '2024-03-08 05:00:00', '2024-03-08 05:00:00', 6.50, 6.50),
(1231, 9, 481, 54, '2024-03-08 05:00:00', '2024-03-08 05:00:00', 3.30, 3.30),
(1232, 5, 481, 53, '2024-03-08 05:00:00', '2024-03-08 05:00:00', 1.50, 1.50),
(1233, 2, 481, 47, '2024-03-08 05:00:00', '2024-03-08 05:00:00', 4.50, 4.50),
(1234, 6, 482, 57, '2024-02-29 05:00:00', '2024-02-29 05:00:00', 1.80, 1.80),
(1235, 7, 482, 25, '2024-02-29 05:00:00', '2024-02-29 05:00:00', 2.80, 2.80),
(1236, 4, 482, 15, '2024-02-29 05:00:00', '2024-02-29 05:00:00', 4.50, 4.50),
(1237, 9, 482, 35, '2024-02-29 05:00:00', '2024-02-29 05:00:00', 0.50, 0.50),
(1238, 10, 483, 37, '2024-05-31 05:00:00', '2024-05-31 05:00:00', 4.50, 4.50),
(1239, 8, 484, 48, '2024-08-31 05:00:00', '2024-08-31 05:00:00', 2.80, 2.80),
(1240, 4, 484, 53, '2024-08-31 05:00:00', '2024-08-31 05:00:00', 1.50, 1.50),
(1241, 6, 484, 30, '2024-08-31 05:00:00', '2024-08-31 05:00:00', 10.00, 10.00),
(1242, 9, 485, 2, '2024-07-16 05:00:00', '2024-07-16 05:00:00', 2.00, 2.00),
(1243, 4, 486, 53, '2024-06-06 05:00:00', '2024-06-06 05:00:00', 1.50, 1.50),
(1244, 4, 487, 60, '2024-07-24 05:00:00', '2024-07-24 05:00:00', 4.50, 4.50),
(1245, 7, 487, 11, '2024-07-24 05:00:00', '2024-07-24 05:00:00', 1.20, 1.20),
(1246, 3, 487, 7, '2024-07-24 05:00:00', '2024-07-24 05:00:00', 8.00, 8.00),
(1247, 3, 487, 54, '2024-07-24 05:00:00', '2024-07-24 05:00:00', 3.30, 3.30),
(1248, 5, 488, 57, '2024-04-15 05:00:00', '2024-04-15 05:00:00', 1.80, 1.80),
(1249, 7, 488, 23, '2024-04-15 05:00:00', '2024-04-15 05:00:00', 3.00, 3.00),
(1250, 9, 488, 49, '2024-04-15 05:00:00', '2024-04-15 05:00:00', 2.50, 2.50),
(1251, 5, 489, 22, '2024-06-12 05:00:00', '2024-06-12 05:00:00', 5.00, 5.00),
(1252, 8, 489, 24, '2024-06-12 05:00:00', '2024-06-12 05:00:00', 3.00, 3.00),
(1253, 9, 489, 1, '2024-06-12 05:00:00', '2024-06-12 05:00:00', 9.00, 9.00),
(1254, 9, 489, 3, '2024-06-12 05:00:00', '2024-06-12 05:00:00', 9.00, 9.00),
(1255, 6, 490, 54, '2024-02-27 05:00:00', '2024-02-27 05:00:00', 3.30, 3.30),
(1256, 9, 490, 42, '2024-02-27 05:00:00', '2024-02-27 05:00:00', 2.50, 2.50),
(1257, 1, 491, 30, '2024-09-28 05:00:00', '2024-09-28 05:00:00', 10.00, 10.00),
(1258, 5, 492, 19, '2024-11-02 05:00:00', '2024-11-02 05:00:00', 2.50, 2.50),
(1259, 3, 492, 21, '2024-11-02 05:00:00', '2024-11-02 05:00:00', 2.50, 2.50),
(1260, 2, 493, 27, '2024-02-29 05:00:00', '2024-02-29 05:00:00', 9.00, 9.00),
(1261, 9, 493, 42, '2024-02-29 05:00:00', '2024-02-29 05:00:00', 2.50, 2.50),
(1262, 5, 494, 14, '2024-02-14 05:00:00', '2024-02-14 05:00:00', 4.50, 4.50),
(1263, 5, 494, 27, '2024-02-14 05:00:00', '2024-02-14 05:00:00', 9.00, 9.00),
(1264, 4, 494, 8, '2024-02-14 05:00:00', '2024-02-14 05:00:00', 1.80, 1.80),
(1265, 9, 495, 3, '2024-07-27 05:00:00', '2024-07-27 05:00:00', 9.00, 9.00),
(1266, 7, 495, 35, '2024-07-27 05:00:00', '2024-07-27 05:00:00', 0.50, 0.50),
(1267, 7, 495, 14, '2024-07-27 05:00:00', '2024-07-27 05:00:00', 4.50, 4.50),
(1268, 6, 496, 20, '2024-03-28 05:00:00', '2024-03-28 05:00:00', 2.50, 2.50),
(1269, 4, 496, 63, '2024-03-28 05:00:00', '2024-03-28 05:00:00', 12.00, 12.00),
(1270, 9, 497, 20, '2024-01-04 05:00:00', '2024-01-04 05:00:00', 2.50, 2.50),
(1271, 3, 497, 13, '2024-01-04 05:00:00', '2024-01-04 05:00:00', 1.50, 1.50),
(1272, 2, 498, 21, '2024-10-11 05:00:00', '2024-10-11 05:00:00', 2.50, 2.50),
(1273, 2, 498, 46, '2024-10-11 05:00:00', '2024-10-11 05:00:00', 3.50, 3.50),
(1274, 1, 498, 2, '2024-10-11 05:00:00', '2024-10-11 05:00:00', 2.00, 2.00),
(1275, 8, 498, 29, '2024-10-11 05:00:00', '2024-10-11 05:00:00', 3.50, 3.50),
(1276, 9, 499, 5, '2024-06-25 05:00:00', '2024-06-25 05:00:00', 6.50, 6.50),
(1277, 1, 499, 29, '2024-06-25 05:00:00', '2024-06-25 05:00:00', 3.50, 3.50),
(1278, 6, 500, 28, '2024-01-01 05:00:00', '2024-01-01 05:00:00', 3.50, 3.50),
(1279, 1, 500, 51, '2024-01-01 05:00:00', '2024-01-01 05:00:00', 1.80, 1.80),
(1280, 10, 501, 21, '2024-08-29 05:00:00', '2024-08-29 05:00:00', 2.50, 2.50),
(1281, 8, 501, 9, '2024-08-29 05:00:00', '2024-08-29 05:00:00', 7.00, 7.00),
(1282, 7, 502, 20, '2024-07-03 05:00:00', '2024-07-03 05:00:00', 2.50, 2.50),
(1283, 4, 503, 45, '2024-08-17 05:00:00', '2024-08-17 05:00:00', 3.50, 3.50),
(1284, 9, 503, 43, '2024-08-17 05:00:00', '2024-08-17 05:00:00', 2.80, 2.80),
(1285, 8, 504, 19, '2024-01-06 05:00:00', '2024-01-06 05:00:00', 2.50, 2.50),
(1286, 8, 504, 62, '2024-01-06 05:00:00', '2024-01-06 05:00:00', 12.00, 12.00),
(1287, 9, 505, 52, '2024-01-10 05:00:00', '2024-01-10 05:00:00', 1.50, 1.50),
(1288, 4, 506, 58, '2024-07-27 05:00:00', '2024-07-27 05:00:00', 1.80, 1.80),
(1289, 10, 506, 55, '2024-07-27 05:00:00', '2024-07-27 05:00:00', 3.50, 3.50),
(1290, 6, 506, 5, '2024-07-27 05:00:00', '2024-07-27 05:00:00', 6.50, 6.50),
(1291, 4, 506, 24, '2024-07-27 05:00:00', '2024-07-27 05:00:00', 3.00, 3.00),
(1292, 4, 507, 48, '2024-10-09 05:00:00', '2024-10-09 05:00:00', 2.80, 2.80),
(1293, 6, 507, 47, '2024-10-09 05:00:00', '2024-10-09 05:00:00', 4.50, 4.50),
(1294, 1, 508, 28, '2024-02-18 05:00:00', '2024-02-18 05:00:00', 3.50, 3.50),
(1295, 7, 508, 42, '2024-02-18 05:00:00', '2024-02-18 05:00:00', 2.50, 2.50),
(1296, 3, 508, 8, '2024-02-18 05:00:00', '2024-02-18 05:00:00', 1.80, 1.80),
(1297, 7, 508, 49, '2024-02-18 05:00:00', '2024-02-18 05:00:00', 2.50, 2.50),
(1298, 1, 509, 1, '2024-02-15 05:00:00', '2024-02-15 05:00:00', 9.00, 9.00),
(1299, 3, 509, 7, '2024-02-15 05:00:00', '2024-02-15 05:00:00', 8.00, 8.00),
(1300, 5, 510, 32, '2024-05-10 05:00:00', '2024-05-10 05:00:00', 0.80, 0.80),
(1301, 4, 510, 44, '2024-05-10 05:00:00', '2024-05-10 05:00:00', 5.50, 5.50),
(1302, 2, 510, 36, '2024-05-10 05:00:00', '2024-05-10 05:00:00', 0.70, 0.70),
(1303, 7, 511, 26, '2024-05-23 05:00:00', '2024-05-23 05:00:00', 9.50, 9.50),
(1304, 10, 511, 18, '2024-05-23 05:00:00', '2024-05-23 05:00:00', 2.00, 2.00),
(1305, 8, 511, 6, '2024-05-23 05:00:00', '2024-05-23 05:00:00', 1.80, 1.80),
(1306, 2, 512, 26, '2024-01-29 05:00:00', '2024-01-29 05:00:00', 9.50, 9.50),
(1307, 7, 512, 17, '2024-01-29 05:00:00', '2024-01-29 05:00:00', 6.50, 6.50),
(1308, 5, 512, 1, '2024-01-29 05:00:00', '2024-01-29 05:00:00', 9.00, 9.00),
(1309, 2, 513, 22, '2024-11-02 05:00:00', '2024-11-02 05:00:00', 5.00, 5.00),
(1310, 10, 513, 42, '2024-11-02 05:00:00', '2024-11-02 05:00:00', 2.50, 2.50),
(1311, 2, 513, 21, '2024-11-02 05:00:00', '2024-11-02 05:00:00', 2.50, 2.50),
(1312, 4, 513, 21, '2024-11-02 05:00:00', '2024-11-02 05:00:00', 2.50, 2.50),
(1313, 5, 514, 4, '2024-04-28 05:00:00', '2024-04-28 05:00:00', 2.00, 2.00),
(1314, 7, 514, 13, '2024-04-28 05:00:00', '2024-04-28 05:00:00', 1.50, 1.50),
(1315, 8, 515, 48, '2024-03-13 05:00:00', '2024-03-13 05:00:00', 2.80, 2.80),
(1316, 8, 515, 38, '2024-03-13 05:00:00', '2024-03-13 05:00:00', 7.50, 7.50),
(1317, 9, 515, 48, '2024-03-13 05:00:00', '2024-03-13 05:00:00', 2.80, 2.80),
(1318, 4, 516, 25, '2024-06-12 05:00:00', '2024-06-12 05:00:00', 2.80, 2.80),
(1319, 6, 516, 7, '2024-06-12 05:00:00', '2024-06-12 05:00:00', 8.00, 8.00),
(1320, 7, 517, 50, '2024-03-09 05:00:00', '2024-03-09 05:00:00', 2.50, 2.50),
(1321, 2, 517, 10, '2024-03-09 05:00:00', '2024-03-09 05:00:00', 1.50, 1.50),
(1322, 4, 517, 30, '2024-03-09 05:00:00', '2024-03-09 05:00:00', 10.00, 10.00),
(1323, 10, 518, 54, '2024-09-21 05:00:00', '2024-09-21 05:00:00', 3.30, 3.30),
(1324, 1, 518, 55, '2024-09-21 05:00:00', '2024-09-21 05:00:00', 3.50, 3.50),
(1325, 10, 518, 9, '2024-09-21 05:00:00', '2024-09-21 05:00:00', 7.00, 7.00),
(1326, 7, 518, 29, '2024-09-21 05:00:00', '2024-09-21 05:00:00', 3.50, 3.50),
(1327, 5, 519, 43, '2024-07-20 05:00:00', '2024-07-20 05:00:00', 2.80, 2.80),
(1328, 4, 519, 43, '2024-07-20 05:00:00', '2024-07-20 05:00:00', 2.80, 2.80);
INSERT INTO `venta_detalle` (`id`, `cantidad`, `id_venta`, `id_producto`, `created_at`, `updated_at`, `preciopoducto`, `preciocompraproducto`) VALUES
(1329, 3, 519, 21, '2024-07-20 05:00:00', '2024-07-20 05:00:00', 2.50, 2.50),
(1330, 7, 519, 50, '2024-07-20 05:00:00', '2024-07-20 05:00:00', 2.50, 2.50),
(1331, 1, 520, 3, '2024-08-28 05:00:00', '2024-08-28 05:00:00', 9.00, 9.00),
(1332, 1, 520, 13, '2024-08-28 05:00:00', '2024-08-28 05:00:00', 1.50, 1.50),
(1333, 8, 521, 17, '2024-10-28 05:00:00', '2024-10-28 05:00:00', 6.50, 6.50),
(1334, 3, 522, 12, '2024-09-30 05:00:00', '2024-09-30 05:00:00', 1.50, 1.50),
(1335, 2, 523, 54, '2024-10-23 05:00:00', '2024-10-23 05:00:00', 3.30, 3.30),
(1336, 9, 523, 32, '2024-10-23 05:00:00', '2024-10-23 05:00:00', 0.80, 0.80),
(1337, 10, 523, 43, '2024-10-23 05:00:00', '2024-10-23 05:00:00', 2.80, 2.80),
(1338, 9, 524, 9, '2024-02-17 05:00:00', '2024-02-17 05:00:00', 7.00, 7.00),
(1339, 7, 524, 50, '2024-02-17 05:00:00', '2024-02-17 05:00:00', 2.50, 2.50),
(1340, 4, 524, 51, '2024-02-17 05:00:00', '2024-02-17 05:00:00', 1.80, 1.80),
(1341, 4, 525, 8, '2024-01-02 05:00:00', '2024-01-02 05:00:00', 1.80, 1.80),
(1342, 8, 525, 1, '2024-01-02 05:00:00', '2024-01-02 05:00:00', 9.00, 9.00),
(1343, 7, 526, 51, '2024-07-25 05:00:00', '2024-07-25 05:00:00', 1.80, 1.80),
(1344, 2, 526, 61, '2024-07-25 05:00:00', '2024-07-25 05:00:00', 4.50, 4.50),
(1345, 9, 526, 38, '2024-07-25 05:00:00', '2024-07-25 05:00:00', 7.50, 7.50),
(1346, 1, 527, 37, '2024-10-23 05:00:00', '2024-10-23 05:00:00', 4.50, 4.50),
(1347, 1, 527, 4, '2024-10-23 05:00:00', '2024-10-23 05:00:00', 2.00, 2.00),
(1348, 6, 527, 19, '2024-10-23 05:00:00', '2024-10-23 05:00:00', 2.50, 2.50),
(1349, 2, 528, 6, '2024-09-12 05:00:00', '2024-09-12 05:00:00', 1.80, 1.80),
(1350, 6, 528, 46, '2024-09-12 05:00:00', '2024-09-12 05:00:00', 3.50, 3.50),
(1351, 7, 529, 30, '2024-02-03 05:00:00', '2024-02-03 05:00:00', 10.00, 10.00),
(1352, 10, 529, 27, '2024-02-03 05:00:00', '2024-02-03 05:00:00', 9.00, 9.00),
(1353, 5, 529, 54, '2024-02-03 05:00:00', '2024-02-03 05:00:00', 3.30, 3.30),
(1354, 5, 530, 28, '2024-02-14 05:00:00', '2024-02-14 05:00:00', 3.50, 3.50),
(1355, 3, 530, 9, '2024-02-14 05:00:00', '2024-02-14 05:00:00', 7.00, 7.00),
(1356, 8, 530, 1, '2024-02-14 05:00:00', '2024-02-14 05:00:00', 9.00, 9.00),
(1357, 6, 530, 28, '2024-02-14 05:00:00', '2024-02-14 05:00:00', 3.50, 3.50),
(1358, 2, 531, 24, '2024-06-16 05:00:00', '2024-06-16 05:00:00', 3.00, 3.00),
(1359, 8, 531, 17, '2024-06-16 05:00:00', '2024-06-16 05:00:00', 6.50, 6.50),
(1360, 7, 531, 19, '2024-06-16 05:00:00', '2024-06-16 05:00:00', 2.50, 2.50),
(1361, 3, 532, 41, '2024-08-01 05:00:00', '2024-08-01 05:00:00', 9.00, 9.00),
(1362, 3, 532, 28, '2024-08-01 05:00:00', '2024-08-01 05:00:00', 3.50, 3.50),
(1363, 7, 533, 44, '2024-06-09 05:00:00', '2024-06-09 05:00:00', 5.50, 5.50),
(1364, 4, 533, 4, '2024-06-09 05:00:00', '2024-06-09 05:00:00', 2.00, 2.00),
(1365, 5, 533, 22, '2024-06-09 05:00:00', '2024-06-09 05:00:00', 5.00, 5.00),
(1366, 5, 534, 30, '2024-08-03 05:00:00', '2024-08-03 05:00:00', 10.00, 10.00),
(1367, 4, 535, 11, '2024-08-13 05:00:00', '2024-08-13 05:00:00', 1.20, 1.20),
(1368, 10, 536, 31, '2024-05-01 05:00:00', '2024-05-01 05:00:00', 0.70, 0.70),
(1369, 9, 536, 24, '2024-05-01 05:00:00', '2024-05-01 05:00:00', 3.00, 3.00),
(1370, 5, 536, 37, '2024-05-01 05:00:00', '2024-05-01 05:00:00', 4.50, 4.50),
(1371, 1, 537, 35, '2024-10-20 05:00:00', '2024-10-20 05:00:00', 0.50, 0.50),
(1372, 1, 537, 58, '2024-10-20 05:00:00', '2024-10-20 05:00:00', 1.80, 1.80),
(1373, 3, 538, 30, '2024-06-08 05:00:00', '2024-06-08 05:00:00', 10.00, 10.00),
(1374, 4, 538, 46, '2024-06-08 05:00:00', '2024-06-08 05:00:00', 3.50, 3.50),
(1375, 4, 539, 31, '2024-11-01 05:00:00', '2024-11-01 05:00:00', 0.70, 0.70),
(1376, 2, 539, 24, '2024-11-01 05:00:00', '2024-11-01 05:00:00', 3.00, 3.00),
(1377, 6, 539, 29, '2024-11-01 05:00:00', '2024-11-01 05:00:00', 3.50, 3.50),
(1378, 6, 539, 45, '2024-11-01 05:00:00', '2024-11-01 05:00:00', 3.50, 3.50),
(1379, 6, 540, 55, '2024-03-26 05:00:00', '2024-03-26 05:00:00', 3.50, 3.50),
(1380, 7, 540, 28, '2024-03-26 05:00:00', '2024-03-26 05:00:00', 3.50, 3.50),
(1381, 10, 541, 19, '2024-01-19 05:00:00', '2024-01-19 05:00:00', 2.50, 2.50),
(1382, 1, 541, 45, '2024-01-19 05:00:00', '2024-01-19 05:00:00', 3.50, 3.50),
(1383, 3, 542, 59, '2024-02-17 05:00:00', '2024-02-17 05:00:00', 1.80, 1.80),
(1384, 4, 542, 55, '2024-02-17 05:00:00', '2024-02-17 05:00:00', 3.50, 3.50),
(1385, 10, 543, 17, '2024-07-24 05:00:00', '2024-07-24 05:00:00', 6.50, 6.50),
(1386, 2, 543, 27, '2024-07-24 05:00:00', '2024-07-24 05:00:00', 9.00, 9.00),
(1387, 6, 544, 2, '2024-04-04 05:00:00', '2024-04-04 05:00:00', 2.00, 2.00),
(1388, 8, 544, 22, '2024-04-04 05:00:00', '2024-04-04 05:00:00', 5.00, 5.00),
(1389, 7, 545, 23, '2024-10-19 05:00:00', '2024-10-19 05:00:00', 3.00, 3.00),
(1390, 5, 545, 37, '2024-10-19 05:00:00', '2024-10-19 05:00:00', 4.50, 4.50),
(1391, 5, 546, 2, '2024-07-24 05:00:00', '2024-07-24 05:00:00', 2.00, 2.00),
(1392, 2, 546, 10, '2024-07-24 05:00:00', '2024-07-24 05:00:00', 1.50, 1.50),
(1393, 4, 547, 45, '2024-02-25 05:00:00', '2024-02-25 05:00:00', 3.50, 3.50),
(1394, 6, 547, 59, '2024-02-25 05:00:00', '2024-02-25 05:00:00', 1.80, 1.80),
(1395, 5, 548, 51, '2024-07-23 05:00:00', '2024-07-23 05:00:00', 1.80, 1.80),
(1396, 3, 548, 54, '2024-07-23 05:00:00', '2024-07-23 05:00:00', 3.30, 3.30),
(1397, 5, 548, 54, '2024-07-23 05:00:00', '2024-07-23 05:00:00', 3.30, 3.30),
(1398, 10, 548, 25, '2024-07-23 05:00:00', '2024-07-23 05:00:00', 2.80, 2.80),
(1399, 6, 549, 48, '2024-08-24 05:00:00', '2024-08-24 05:00:00', 2.80, 2.80),
(1400, 2, 549, 44, '2024-08-24 05:00:00', '2024-08-24 05:00:00', 5.50, 5.50),
(1401, 9, 549, 19, '2024-08-24 05:00:00', '2024-08-24 05:00:00', 2.50, 2.50),
(1402, 8, 549, 25, '2024-08-24 05:00:00', '2024-08-24 05:00:00', 2.80, 2.80),
(1403, 3, 550, 40, '2024-04-11 05:00:00', '2024-04-11 05:00:00', 9.00, 9.00),
(1404, 4, 550, 12, '2024-04-11 05:00:00', '2024-04-11 05:00:00', 1.50, 1.50),
(1405, 4, 551, 63, '2024-05-02 05:00:00', '2024-05-02 05:00:00', 12.00, 12.00),
(1406, 9, 551, 20, '2024-05-02 05:00:00', '2024-05-02 05:00:00', 2.50, 2.50),
(1407, 7, 552, 49, '2024-01-19 05:00:00', '2024-01-19 05:00:00', 2.50, 2.50),
(1408, 6, 552, 54, '2024-01-19 05:00:00', '2024-01-19 05:00:00', 3.30, 3.30),
(1409, 5, 553, 57, '2024-04-04 05:00:00', '2024-04-04 05:00:00', 1.80, 1.80),
(1410, 4, 553, 1, '2024-04-04 05:00:00', '2024-04-04 05:00:00', 9.00, 9.00),
(1411, 3, 554, 52, '2024-10-16 05:00:00', '2024-10-16 05:00:00', 1.50, 1.50),
(1412, 3, 554, 51, '2024-10-16 05:00:00', '2024-10-16 05:00:00', 1.80, 1.80),
(1413, 10, 555, 59, '2024-11-09 05:00:00', '2024-11-09 05:00:00', 1.80, 1.80),
(1414, 1, 555, 30, '2024-11-09 05:00:00', '2024-11-09 05:00:00', 10.00, 10.00),
(1415, 1, 556, 18, '2024-09-30 05:00:00', '2024-09-30 05:00:00', 2.00, 2.00),
(1416, 4, 556, 41, '2024-09-30 05:00:00', '2024-09-30 05:00:00', 9.00, 9.00),
(1417, 3, 557, 33, '2024-02-16 05:00:00', '2024-02-16 05:00:00', 0.80, 0.80),
(1418, 4, 557, 13, '2024-02-16 05:00:00', '2024-02-16 05:00:00', 1.50, 1.50),
(1419, 6, 557, 32, '2024-02-16 05:00:00', '2024-02-16 05:00:00', 0.80, 0.80),
(1420, 7, 557, 24, '2024-02-16 05:00:00', '2024-02-16 05:00:00', 3.00, 3.00),
(1421, 1, 558, 58, '2024-08-04 05:00:00', '2024-08-04 05:00:00', 1.80, 1.80),
(1422, 7, 558, 35, '2024-08-04 05:00:00', '2024-08-04 05:00:00', 0.50, 0.50),
(1423, 4, 558, 1, '2024-08-04 05:00:00', '2024-08-04 05:00:00', 9.00, 9.00),
(1424, 7, 559, 57, '2024-08-11 05:00:00', '2024-08-11 05:00:00', 1.80, 1.80),
(1425, 9, 559, 50, '2024-08-11 05:00:00', '2024-08-11 05:00:00', 2.50, 2.50),
(1426, 3, 560, 26, '2024-05-16 05:00:00', '2024-05-16 05:00:00', 9.50, 9.50),
(1427, 1, 560, 13, '2024-05-16 05:00:00', '2024-05-16 05:00:00', 1.50, 1.50),
(1428, 5, 561, 58, '2024-02-20 05:00:00', '2024-02-20 05:00:00', 1.80, 1.80),
(1429, 10, 561, 5, '2024-02-20 05:00:00', '2024-02-20 05:00:00', 6.50, 6.50),
(1430, 7, 561, 13, '2024-02-20 05:00:00', '2024-02-20 05:00:00', 1.50, 1.50),
(1431, 4, 562, 38, '2024-04-20 05:00:00', '2024-04-20 05:00:00', 7.50, 7.50),
(1432, 10, 562, 21, '2024-04-20 05:00:00', '2024-04-20 05:00:00', 2.50, 2.50),
(1433, 6, 562, 41, '2024-04-20 05:00:00', '2024-04-20 05:00:00', 9.00, 9.00),
(1434, 3, 562, 11, '2024-04-20 05:00:00', '2024-04-20 05:00:00', 1.20, 1.20),
(1435, 2, 563, 8, '2024-07-31 05:00:00', '2024-07-31 05:00:00', 1.80, 1.80),
(1436, 9, 563, 29, '2024-07-31 05:00:00', '2024-07-31 05:00:00', 3.50, 3.50),
(1437, 5, 563, 18, '2024-07-31 05:00:00', '2024-07-31 05:00:00', 2.00, 2.00),
(1438, 7, 564, 35, '2024-01-18 05:00:00', '2024-01-18 05:00:00', 0.50, 0.50),
(1439, 2, 564, 58, '2024-01-18 05:00:00', '2024-01-18 05:00:00', 1.80, 1.80),
(1440, 6, 565, 57, '2024-03-15 05:00:00', '2024-03-15 05:00:00', 1.80, 1.80),
(1441, 10, 565, 15, '2024-03-15 05:00:00', '2024-03-15 05:00:00', 4.50, 4.50),
(1442, 5, 566, 26, '2024-08-05 05:00:00', '2024-08-05 05:00:00', 9.50, 9.50),
(1443, 5, 566, 31, '2024-08-05 05:00:00', '2024-08-05 05:00:00', 0.70, 0.70),
(1444, 5, 567, 20, '2024-01-21 05:00:00', '2024-01-21 05:00:00', 2.50, 2.50),
(1445, 9, 567, 4, '2024-01-21 05:00:00', '2024-01-21 05:00:00', 2.00, 2.00),
(1446, 8, 568, 40, '2024-10-20 05:00:00', '2024-10-20 05:00:00', 9.00, 9.00),
(1447, 5, 569, 58, '2024-10-11 05:00:00', '2024-10-11 05:00:00', 1.80, 1.80),
(1448, 7, 569, 45, '2024-10-11 05:00:00', '2024-10-11 05:00:00', 3.50, 3.50),
(1449, 2, 569, 37, '2024-10-11 05:00:00', '2024-10-11 05:00:00', 4.50, 4.50),
(1450, 6, 570, 14, '2024-07-16 05:00:00', '2024-07-16 05:00:00', 4.50, 4.50),
(1451, 5, 570, 31, '2024-07-16 05:00:00', '2024-07-16 05:00:00', 0.70, 0.70),
(1452, 7, 571, 45, '2024-10-13 05:00:00', '2024-10-13 05:00:00', 3.50, 3.50),
(1453, 7, 571, 21, '2024-10-13 05:00:00', '2024-10-13 05:00:00', 2.50, 2.50),
(1454, 4, 572, 49, '2024-08-28 05:00:00', '2024-08-28 05:00:00', 2.50, 2.50),
(1455, 9, 572, 61, '2024-08-28 05:00:00', '2024-08-28 05:00:00', 4.50, 4.50),
(1456, 10, 573, 13, '2024-08-02 05:00:00', '2024-08-02 05:00:00', 1.50, 1.50),
(1457, 1, 573, 44, '2024-08-02 05:00:00', '2024-08-02 05:00:00', 5.50, 5.50),
(1458, 7, 574, 10, '2024-06-07 05:00:00', '2024-06-07 05:00:00', 1.50, 1.50),
(1459, 10, 574, 11, '2024-06-07 05:00:00', '2024-06-07 05:00:00', 1.20, 1.20),
(1460, 8, 574, 28, '2024-06-07 05:00:00', '2024-06-07 05:00:00', 3.50, 3.50),
(1461, 4, 575, 26, '2024-10-05 05:00:00', '2024-10-05 05:00:00', 9.50, 9.50),
(1462, 8, 575, 61, '2024-10-05 05:00:00', '2024-10-05 05:00:00', 4.50, 4.50),
(1463, 7, 576, 32, '2024-07-15 05:00:00', '2024-07-15 05:00:00', 0.80, 0.80),
(1464, 5, 576, 7, '2024-07-15 05:00:00', '2024-07-15 05:00:00', 8.00, 8.00),
(1465, 3, 576, 25, '2024-07-15 05:00:00', '2024-07-15 05:00:00', 2.80, 2.80),
(1466, 1, 577, 16, '2024-07-23 05:00:00', '2024-07-23 05:00:00', 5.00, 5.00),
(1467, 3, 577, 35, '2024-07-23 05:00:00', '2024-07-23 05:00:00', 0.50, 0.50),
(1468, 9, 578, 9, '2024-05-11 05:00:00', '2024-05-11 05:00:00', 7.00, 7.00),
(1469, 2, 578, 58, '2024-05-11 05:00:00', '2024-05-11 05:00:00', 1.80, 1.80),
(1470, 6, 579, 12, '2024-02-14 05:00:00', '2024-02-14 05:00:00', 1.50, 1.50),
(1471, 8, 579, 58, '2024-02-14 05:00:00', '2024-02-14 05:00:00', 1.80, 1.80),
(1472, 10, 580, 51, '2024-09-15 05:00:00', '2024-09-15 05:00:00', 1.80, 1.80),
(1473, 1, 580, 47, '2024-09-15 05:00:00', '2024-09-15 05:00:00', 4.50, 4.50),
(1474, 5, 580, 8, '2024-09-15 05:00:00', '2024-09-15 05:00:00', 1.80, 1.80),
(1475, 8, 581, 31, '2024-07-01 05:00:00', '2024-07-01 05:00:00', 0.70, 0.70),
(1476, 4, 581, 46, '2024-07-01 05:00:00', '2024-07-01 05:00:00', 3.50, 3.50),
(1477, 9, 582, 2, '2024-07-27 05:00:00', '2024-07-27 05:00:00', 2.00, 2.00),
(1478, 9, 582, 30, '2024-07-27 05:00:00', '2024-07-27 05:00:00', 10.00, 10.00),
(1479, 10, 582, 46, '2024-07-27 05:00:00', '2024-07-27 05:00:00', 3.50, 3.50),
(1480, 4, 583, 27, '2024-02-09 05:00:00', '2024-02-09 05:00:00', 9.00, 9.00),
(1481, 6, 583, 3, '2024-02-09 05:00:00', '2024-02-09 05:00:00', 9.00, 9.00),
(1482, 1, 583, 50, '2024-02-09 05:00:00', '2024-02-09 05:00:00', 2.50, 2.50),
(1483, 1, 583, 19, '2024-02-09 05:00:00', '2024-02-09 05:00:00', 2.50, 2.50),
(1484, 9, 584, 13, '2024-02-29 05:00:00', '2024-02-29 05:00:00', 1.50, 1.50),
(1485, 5, 584, 60, '2024-02-29 05:00:00', '2024-02-29 05:00:00', 4.50, 4.50),
(1486, 1, 585, 14, '2024-11-05 05:00:00', '2024-11-05 05:00:00', 4.50, 4.50),
(1487, 5, 585, 24, '2024-11-05 05:00:00', '2024-11-05 05:00:00', 3.00, 3.00),
(1488, 7, 586, 17, '2024-07-26 05:00:00', '2024-07-26 05:00:00', 6.50, 6.50),
(1489, 3, 587, 48, '2024-06-23 05:00:00', '2024-06-23 05:00:00', 2.80, 2.80),
(1490, 3, 587, 28, '2024-06-23 05:00:00', '2024-06-23 05:00:00', 3.50, 3.50),
(1491, 9, 587, 29, '2024-06-23 05:00:00', '2024-06-23 05:00:00', 3.50, 3.50),
(1492, 3, 588, 27, '2024-01-03 05:00:00', '2024-01-03 05:00:00', 9.00, 9.00),
(1493, 10, 588, 56, '2024-01-03 05:00:00', '2024-01-03 05:00:00', 1.20, 1.20),
(1494, 9, 588, 19, '2024-01-03 05:00:00', '2024-01-03 05:00:00', 2.50, 2.50),
(1495, 8, 588, 37, '2024-01-03 05:00:00', '2024-01-03 05:00:00', 4.50, 4.50),
(1496, 8, 589, 15, '2024-06-23 05:00:00', '2024-06-23 05:00:00', 4.50, 4.50),
(1497, 4, 589, 44, '2024-06-23 05:00:00', '2024-06-23 05:00:00', 5.50, 5.50),
(1498, 7, 590, 18, '2024-06-28 05:00:00', '2024-06-28 05:00:00', 2.00, 2.00),
(1499, 9, 590, 6, '2024-06-28 05:00:00', '2024-06-28 05:00:00', 1.80, 1.80),
(1500, 2, 590, 58, '2024-06-28 05:00:00', '2024-06-28 05:00:00', 1.80, 1.80),
(1501, 7, 591, 42, '2024-10-04 05:00:00', '2024-10-04 05:00:00', 2.50, 2.50),
(1502, 6, 591, 45, '2024-10-04 05:00:00', '2024-10-04 05:00:00', 3.50, 3.50),
(1503, 6, 592, 7, '2024-03-08 05:00:00', '2024-03-08 05:00:00', 8.00, 8.00),
(1504, 1, 592, 40, '2024-03-08 05:00:00', '2024-03-08 05:00:00', 9.00, 9.00),
(1505, 1, 592, 28, '2024-03-08 05:00:00', '2024-03-08 05:00:00', 3.50, 3.50),
(1506, 3, 592, 48, '2024-03-08 05:00:00', '2024-03-08 05:00:00', 2.80, 2.80),
(1507, 1, 593, 8, '2024-11-02 05:00:00', '2024-11-02 05:00:00', 1.80, 1.80),
(1508, 6, 594, 53, '2024-05-07 05:00:00', '2024-05-07 05:00:00', 1.50, 1.50),
(1509, 10, 594, 17, '2024-05-07 05:00:00', '2024-05-07 05:00:00', 6.50, 6.50),
(1510, 4, 595, 45, '2024-01-29 05:00:00', '2024-01-29 05:00:00', 3.50, 3.50),
(1511, 5, 595, 22, '2024-01-29 05:00:00', '2024-01-29 05:00:00', 5.00, 5.00),
(1512, 2, 595, 41, '2024-01-29 05:00:00', '2024-01-29 05:00:00', 9.00, 9.00),
(1513, 9, 595, 14, '2024-01-29 05:00:00', '2024-01-29 05:00:00', 4.50, 4.50),
(1514, 10, 596, 53, '2024-10-17 05:00:00', '2024-10-17 05:00:00', 1.50, 1.50),
(1515, 4, 596, 17, '2024-10-17 05:00:00', '2024-10-17 05:00:00', 6.50, 6.50),
(1516, 10, 596, 43, '2024-10-17 05:00:00', '2024-10-17 05:00:00', 2.80, 2.80),
(1517, 2, 597, 3, '2024-01-17 05:00:00', '2024-01-17 05:00:00', 9.00, 9.00),
(1518, 9, 597, 57, '2024-01-17 05:00:00', '2024-01-17 05:00:00', 1.80, 1.80),
(1519, 7, 597, 47, '2024-01-17 05:00:00', '2024-01-17 05:00:00', 4.50, 4.50),
(1520, 6, 598, 62, '2024-08-23 05:00:00', '2024-08-23 05:00:00', 12.00, 12.00),
(1521, 7, 598, 19, '2024-08-23 05:00:00', '2024-08-23 05:00:00', 2.50, 2.50),
(1522, 3, 598, 55, '2024-08-23 05:00:00', '2024-08-23 05:00:00', 3.50, 3.50),
(1523, 3, 599, 39, '2024-05-22 05:00:00', '2024-05-22 05:00:00', 8.00, 8.00),
(1524, 5, 599, 52, '2024-05-22 05:00:00', '2024-05-22 05:00:00', 1.50, 1.50),
(1525, 4, 600, 1, '2024-08-25 05:00:00', '2024-08-25 05:00:00', 9.00, 9.00),
(1526, 10, 600, 18, '2024-08-25 05:00:00', '2024-08-25 05:00:00', 2.00, 2.00),
(1527, 1, 600, 18, '2024-08-25 05:00:00', '2024-08-25 05:00:00', 2.00, 2.00),
(1528, 3, 601, 12, '2024-08-28 05:00:00', '2024-08-28 05:00:00', 1.50, 1.50),
(1529, 5, 601, 35, '2024-08-28 05:00:00', '2024-08-28 05:00:00', 0.50, 0.50),
(1530, 3, 602, 8, '2024-05-13 05:00:00', '2024-05-13 05:00:00', 1.80, 1.80),
(1531, 10, 603, 16, '2024-08-20 05:00:00', '2024-08-20 05:00:00', 5.00, 5.00),
(1532, 5, 604, 40, '2024-09-28 05:00:00', '2024-09-28 05:00:00', 9.00, 9.00),
(1533, 7, 604, 30, '2024-09-28 05:00:00', '2024-09-28 05:00:00', 10.00, 10.00),
(1534, 7, 605, 43, '2024-06-24 05:00:00', '2024-06-24 05:00:00', 2.80, 2.80),
(1535, 5, 605, 56, '2024-06-24 05:00:00', '2024-06-24 05:00:00', 1.20, 1.20),
(1536, 2, 605, 50, '2024-06-24 05:00:00', '2024-06-24 05:00:00', 2.50, 2.50),
(1537, 3, 605, 5, '2024-06-24 05:00:00', '2024-06-24 05:00:00', 6.50, 6.50),
(1538, 2, 606, 11, '2024-02-27 05:00:00', '2024-02-27 05:00:00', 1.20, 1.20),
(1539, 6, 607, 51, '2024-07-26 05:00:00', '2024-07-26 05:00:00', 1.80, 1.80),
(1540, 4, 607, 54, '2024-07-26 05:00:00', '2024-07-26 05:00:00', 3.30, 3.30),
(1541, 7, 607, 1, '2024-07-26 05:00:00', '2024-07-26 05:00:00', 9.00, 9.00),
(1542, 10, 608, 2, '2024-07-01 05:00:00', '2024-07-01 05:00:00', 2.00, 2.00),
(1543, 8, 608, 18, '2024-07-01 05:00:00', '2024-07-01 05:00:00', 2.00, 2.00),
(1544, 5, 608, 13, '2024-07-01 05:00:00', '2024-07-01 05:00:00', 1.50, 1.50),
(1545, 10, 609, 55, '2024-07-06 05:00:00', '2024-07-06 05:00:00', 3.50, 3.50),
(1546, 8, 609, 52, '2024-07-06 05:00:00', '2024-07-06 05:00:00', 1.50, 1.50),
(1547, 7, 610, 57, '2024-02-29 05:00:00', '2024-02-29 05:00:00', 1.80, 1.80),
(1548, 3, 611, 8, '2024-08-11 05:00:00', '2024-08-11 05:00:00', 1.80, 1.80),
(1549, 2, 611, 3, '2024-08-11 05:00:00', '2024-08-11 05:00:00', 9.00, 9.00),
(1550, 6, 611, 1, '2024-08-11 05:00:00', '2024-08-11 05:00:00', 9.00, 9.00),
(1551, 4, 611, 23, '2024-08-11 05:00:00', '2024-08-11 05:00:00', 3.00, 3.00),
(1552, 4, 612, 51, '2024-10-26 05:00:00', '2024-10-26 05:00:00', 1.80, 1.80),
(1553, 10, 612, 3, '2024-10-26 05:00:00', '2024-10-26 05:00:00', 9.00, 9.00),
(1554, 10, 613, 22, '2024-06-10 05:00:00', '2024-06-10 05:00:00', 5.00, 5.00),
(1555, 7, 614, 23, '2024-02-17 05:00:00', '2024-02-17 05:00:00', 3.00, 3.00),
(1556, 9, 614, 31, '2024-02-17 05:00:00', '2024-02-17 05:00:00', 0.70, 0.70),
(1557, 3, 614, 63, '2024-02-17 05:00:00', '2024-02-17 05:00:00', 12.00, 12.00),
(1558, 2, 614, 26, '2024-02-17 05:00:00', '2024-02-17 05:00:00', 9.50, 9.50),
(1559, 6, 614, 55, '2024-02-17 05:00:00', '2024-02-17 05:00:00', 3.50, 3.50),
(1560, 3, 615, 29, '2024-07-25 05:00:00', '2024-07-25 05:00:00', 3.50, 3.50),
(1561, 4, 615, 46, '2024-07-25 05:00:00', '2024-07-25 05:00:00', 3.50, 3.50),
(1562, 5, 616, 37, '2024-11-07 05:00:00', '2024-11-07 05:00:00', 4.50, 4.50),
(1563, 9, 616, 54, '2024-11-07 05:00:00', '2024-11-07 05:00:00', 3.30, 3.30),
(1564, 9, 617, 50, '2024-04-15 05:00:00', '2024-04-15 05:00:00', 2.50, 2.50),
(1565, 9, 617, 62, '2024-04-15 05:00:00', '2024-04-15 05:00:00', 12.00, 12.00),
(1566, 3, 617, 37, '2024-04-15 05:00:00', '2024-04-15 05:00:00', 4.50, 4.50),
(1567, 10, 618, 35, '2024-08-28 05:00:00', '2024-08-28 05:00:00', 0.50, 0.50),
(1568, 2, 619, 44, '2024-05-23 05:00:00', '2024-05-23 05:00:00', 5.50, 5.50),
(1569, 8, 620, 37, '2024-03-22 05:00:00', '2024-03-22 05:00:00', 4.50, 4.50),
(1570, 2, 621, 38, '2024-03-10 05:00:00', '2024-03-10 05:00:00', 7.50, 7.50),
(1571, 4, 621, 58, '2024-03-10 05:00:00', '2024-03-10 05:00:00', 1.80, 1.80),
(1572, 8, 621, 26, '2024-03-10 05:00:00', '2024-03-10 05:00:00', 9.50, 9.50),
(1573, 5, 622, 49, '2024-05-07 05:00:00', '2024-05-07 05:00:00', 2.50, 2.50),
(1574, 3, 622, 11, '2024-05-07 05:00:00', '2024-05-07 05:00:00', 1.20, 1.20),
(1575, 6, 622, 4, '2024-05-07 05:00:00', '2024-05-07 05:00:00', 2.00, 2.00),
(1576, 1, 622, 26, '2024-05-07 05:00:00', '2024-05-07 05:00:00', 9.50, 9.50),
(1577, 6, 622, 32, '2024-05-07 05:00:00', '2024-05-07 05:00:00', 0.80, 0.80),
(1578, 4, 623, 56, '2024-09-28 05:00:00', '2024-09-28 05:00:00', 1.20, 1.20),
(1579, 4, 623, 8, '2024-09-28 05:00:00', '2024-09-28 05:00:00', 1.80, 1.80),
(1580, 1, 623, 36, '2024-09-28 05:00:00', '2024-09-28 05:00:00', 0.70, 0.70),
(1581, 9, 623, 36, '2024-09-28 05:00:00', '2024-09-28 05:00:00', 0.70, 0.70),
(1582, 10, 624, 61, '2024-05-25 05:00:00', '2024-05-25 05:00:00', 4.50, 4.50),
(1583, 9, 625, 15, '2024-09-30 05:00:00', '2024-09-30 05:00:00', 4.50, 4.50),
(1584, 9, 625, 36, '2024-09-30 05:00:00', '2024-09-30 05:00:00', 0.70, 0.70),
(1585, 5, 626, 38, '2024-08-31 05:00:00', '2024-08-31 05:00:00', 7.50, 7.50),
(1586, 8, 627, 7, '2024-03-23 05:00:00', '2024-03-23 05:00:00', 8.00, 8.00),
(1587, 1, 627, 25, '2024-03-23 05:00:00', '2024-03-23 05:00:00', 2.80, 2.80),
(1588, 8, 627, 35, '2024-03-23 05:00:00', '2024-03-23 05:00:00', 0.50, 0.50),
(1589, 8, 627, 43, '2024-03-23 05:00:00', '2024-03-23 05:00:00', 2.80, 2.80),
(1590, 9, 627, 12, '2024-03-23 05:00:00', '2024-03-23 05:00:00', 1.50, 1.50),
(1591, 5, 628, 26, '2024-01-04 05:00:00', '2024-01-04 05:00:00', 9.50, 9.50),
(1592, 3, 628, 16, '2024-01-04 05:00:00', '2024-01-04 05:00:00', 5.00, 5.00),
(1593, 3, 629, 44, '2024-01-31 05:00:00', '2024-01-31 05:00:00', 5.50, 5.50),
(1594, 3, 629, 29, '2024-01-31 05:00:00', '2024-01-31 05:00:00', 3.50, 3.50),
(1595, 8, 629, 34, '2024-01-31 05:00:00', '2024-01-31 05:00:00', 1.80, 1.80),
(1596, 7, 629, 59, '2024-01-31 05:00:00', '2024-01-31 05:00:00', 1.80, 1.80),
(1597, 2, 629, 31, '2024-01-31 05:00:00', '2024-01-31 05:00:00', 0.70, 0.70),
(1598, 4, 630, 17, '2024-08-17 05:00:00', '2024-08-17 05:00:00', 6.50, 6.50),
(1599, 4, 630, 56, '2024-08-17 05:00:00', '2024-08-17 05:00:00', 1.20, 1.20),
(1600, 6, 631, 2, '2024-05-04 05:00:00', '2024-05-04 05:00:00', 2.00, 2.00),
(1601, 9, 632, 23, '2024-04-04 05:00:00', '2024-04-04 05:00:00', 3.00, 3.00),
(1602, 1, 632, 3, '2024-04-04 05:00:00', '2024-04-04 05:00:00', 9.00, 9.00),
(1603, 7, 633, 37, '2024-11-05 05:00:00', '2024-11-05 05:00:00', 4.50, 4.50),
(1604, 3, 633, 31, '2024-11-05 05:00:00', '2024-11-05 05:00:00', 0.70, 0.70),
(1605, 6, 633, 6, '2024-11-05 05:00:00', '2024-11-05 05:00:00', 1.80, 1.80),
(1606, 7, 634, 33, '2024-08-31 05:00:00', '2024-08-31 05:00:00', 0.80, 0.80),
(1607, 6, 634, 8, '2024-08-31 05:00:00', '2024-08-31 05:00:00', 1.80, 1.80),
(1608, 10, 634, 37, '2024-08-31 05:00:00', '2024-08-31 05:00:00', 4.50, 4.50),
(1609, 8, 635, 41, '2024-10-08 05:00:00', '2024-10-08 05:00:00', 9.00, 9.00),
(1610, 5, 636, 29, '2024-07-24 05:00:00', '2024-07-24 05:00:00', 3.50, 3.50),
(1611, 7, 636, 2, '2024-07-24 05:00:00', '2024-07-24 05:00:00', 2.00, 2.00),
(1612, 1, 636, 56, '2024-07-24 05:00:00', '2024-07-24 05:00:00', 1.20, 1.20),
(1613, 10, 636, 55, '2024-07-24 05:00:00', '2024-07-24 05:00:00', 3.50, 3.50),
(1614, 3, 636, 37, '2024-07-24 05:00:00', '2024-07-24 05:00:00', 4.50, 4.50),
(1615, 9, 637, 44, '2024-04-01 05:00:00', '2024-04-01 05:00:00', 5.50, 5.50),
(1616, 4, 637, 31, '2024-04-01 05:00:00', '2024-04-01 05:00:00', 0.70, 0.70),
(1617, 2, 638, 37, '2024-04-17 05:00:00', '2024-04-17 05:00:00', 4.50, 4.50),
(1618, 5, 638, 34, '2024-04-17 05:00:00', '2024-04-17 05:00:00', 1.80, 1.80),
(1619, 9, 639, 24, '2024-02-13 05:00:00', '2024-02-13 05:00:00', 3.00, 3.00),
(1620, 3, 639, 28, '2024-02-13 05:00:00', '2024-02-13 05:00:00', 3.50, 3.50),
(1621, 8, 640, 60, '2024-01-01 05:00:00', '2024-01-01 05:00:00', 4.50, 4.50),
(1622, 3, 640, 27, '2024-01-01 05:00:00', '2024-01-01 05:00:00', 9.00, 9.00),
(1623, 4, 641, 45, '2024-10-04 05:00:00', '2024-10-04 05:00:00', 3.50, 3.50),
(1624, 2, 641, 20, '2024-10-04 05:00:00', '2024-10-04 05:00:00', 2.50, 2.50),
(1625, 3, 641, 5, '2024-10-04 05:00:00', '2024-10-04 05:00:00', 6.50, 6.50),
(1626, 1, 642, 37, '2024-07-04 05:00:00', '2024-07-04 05:00:00', 4.50, 4.50),
(1627, 5, 643, 37, '2024-07-10 05:00:00', '2024-07-10 05:00:00', 4.50, 4.50),
(1628, 1, 644, 38, '2024-06-12 05:00:00', '2024-06-12 05:00:00', 7.50, 7.50),
(1629, 9, 644, 36, '2024-06-12 05:00:00', '2024-06-12 05:00:00', 0.70, 0.70),
(1630, 7, 644, 32, '2024-06-12 05:00:00', '2024-06-12 05:00:00', 0.80, 0.80),
(1631, 10, 645, 49, '2024-02-24 05:00:00', '2024-02-24 05:00:00', 2.50, 2.50),
(1632, 4, 645, 17, '2024-02-24 05:00:00', '2024-02-24 05:00:00', 6.50, 6.50),
(1633, 8, 646, 58, '2024-03-12 05:00:00', '2024-03-12 05:00:00', 1.80, 1.80),
(1634, 7, 646, 25, '2024-03-12 05:00:00', '2024-03-12 05:00:00', 2.80, 2.80),
(1635, 8, 646, 38, '2024-03-12 05:00:00', '2024-03-12 05:00:00', 7.50, 7.50),
(1636, 5, 646, 51, '2024-03-12 05:00:00', '2024-03-12 05:00:00', 1.80, 1.80),
(1637, 1, 646, 26, '2024-03-12 05:00:00', '2024-03-12 05:00:00', 9.50, 9.50),
(1638, 4, 647, 54, '2024-04-18 05:00:00', '2024-04-18 05:00:00', 3.30, 3.30),
(1639, 9, 647, 13, '2024-04-18 05:00:00', '2024-04-18 05:00:00', 1.50, 1.50),
(1640, 9, 648, 29, '2024-06-08 05:00:00', '2024-06-08 05:00:00', 3.50, 3.50),
(1641, 8, 648, 13, '2024-06-08 05:00:00', '2024-06-08 05:00:00', 1.50, 1.50),
(1642, 1, 648, 29, '2024-06-08 05:00:00', '2024-06-08 05:00:00', 3.50, 3.50),
(1643, 5, 648, 40, '2024-06-08 05:00:00', '2024-06-08 05:00:00', 9.00, 9.00),
(1644, 4, 649, 11, '2024-07-23 05:00:00', '2024-07-23 05:00:00', 1.20, 1.20),
(1645, 5, 649, 1, '2024-07-23 05:00:00', '2024-07-23 05:00:00', 9.00, 9.00),
(1646, 5, 649, 28, '2024-07-23 05:00:00', '2024-07-23 05:00:00', 3.50, 3.50),
(1647, 1, 649, 53, '2024-07-23 05:00:00', '2024-07-23 05:00:00', 1.50, 1.50),
(1648, 6, 650, 15, '2024-04-16 05:00:00', '2024-04-16 05:00:00', 4.50, 4.50),
(1649, 7, 650, 60, '2024-04-16 05:00:00', '2024-04-16 05:00:00', 4.50, 4.50),
(1650, 2, 650, 52, '2024-04-16 05:00:00', '2024-04-16 05:00:00', 1.50, 1.50),
(1651, 10, 650, 2, '2024-04-16 05:00:00', '2024-04-16 05:00:00', 2.00, 2.00),
(1652, 4, 650, 41, '2024-04-16 05:00:00', '2024-04-16 05:00:00', 9.00, 9.00),
(1653, 3, 651, 49, '2024-03-10 05:00:00', '2024-03-10 05:00:00', 2.50, 2.50),
(1654, 3, 651, 15, '2024-03-10 05:00:00', '2024-03-10 05:00:00', 4.50, 4.50),
(1655, 1, 651, 50, '2024-03-10 05:00:00', '2024-03-10 05:00:00', 2.50, 2.50),
(1656, 3, 652, 62, '2024-07-15 05:00:00', '2024-07-15 05:00:00', 12.00, 12.00),
(1657, 2, 652, 11, '2024-07-15 05:00:00', '2024-07-15 05:00:00', 1.20, 1.20),
(1658, 7, 652, 36, '2024-07-15 05:00:00', '2024-07-15 05:00:00', 0.70, 0.70),
(1659, 5, 653, 25, '2024-08-15 05:00:00', '2024-08-15 05:00:00', 2.80, 2.80),
(1660, 5, 654, 63, '2024-09-16 05:00:00', '2024-09-16 05:00:00', 12.00, 12.00),
(1661, 1, 654, 54, '2024-09-16 05:00:00', '2024-09-16 05:00:00', 3.30, 3.30),
(1662, 2, 654, 17, '2024-09-16 05:00:00', '2024-09-16 05:00:00', 6.50, 6.50),
(1663, 6, 655, 30, '2024-11-09 05:00:00', '2024-11-09 05:00:00', 10.00, 10.00),
(1664, 1, 655, 47, '2024-11-09 05:00:00', '2024-11-09 05:00:00', 4.50, 4.50),
(1665, 6, 655, 21, '2024-11-09 05:00:00', '2024-11-09 05:00:00', 2.50, 2.50),
(1666, 9, 656, 45, '2024-03-16 05:00:00', '2024-03-16 05:00:00', 3.50, 3.50),
(1667, 5, 656, 14, '2024-03-16 05:00:00', '2024-03-16 05:00:00', 4.50, 4.50),
(1668, 2, 657, 57, '2024-01-28 05:00:00', '2024-01-28 05:00:00', 1.80, 1.80),
(1669, 10, 657, 58, '2024-01-28 05:00:00', '2024-01-28 05:00:00', 1.80, 1.80),
(1670, 8, 658, 55, '2024-04-04 05:00:00', '2024-04-04 05:00:00', 3.50, 3.50),
(1671, 6, 658, 34, '2024-04-04 05:00:00', '2024-04-04 05:00:00', 1.80, 1.80),
(1672, 3, 659, 58, '2024-03-11 05:00:00', '2024-03-11 05:00:00', 1.80, 1.80),
(1673, 9, 659, 48, '2024-03-11 05:00:00', '2024-03-11 05:00:00', 2.80, 2.80),
(1674, 9, 659, 21, '2024-03-11 05:00:00', '2024-03-11 05:00:00', 2.50, 2.50),
(1675, 6, 660, 36, '2024-02-07 05:00:00', '2024-02-07 05:00:00', 0.70, 0.70),
(1676, 7, 660, 8, '2024-02-07 05:00:00', '2024-02-07 05:00:00', 1.80, 1.80),
(1677, 4, 660, 35, '2024-02-07 05:00:00', '2024-02-07 05:00:00', 0.50, 0.50),
(1678, 2, 660, 32, '2024-02-07 05:00:00', '2024-02-07 05:00:00', 0.80, 0.80),
(1679, 5, 660, 52, '2024-02-07 05:00:00', '2024-02-07 05:00:00', 1.50, 1.50),
(1680, 7, 661, 24, '2024-06-28 05:00:00', '2024-06-28 05:00:00', 3.00, 3.00),
(1681, 1, 661, 5, '2024-06-28 05:00:00', '2024-06-28 05:00:00', 6.50, 6.50),
(1682, 9, 661, 41, '2024-06-28 05:00:00', '2024-06-28 05:00:00', 9.00, 9.00),
(1683, 7, 662, 57, '2024-01-25 05:00:00', '2024-01-25 05:00:00', 1.80, 1.80),
(1684, 2, 662, 38, '2024-01-25 05:00:00', '2024-01-25 05:00:00', 7.50, 7.50),
(1685, 5, 662, 2, '2024-01-25 05:00:00', '2024-01-25 05:00:00', 2.00, 2.00),
(1686, 8, 662, 12, '2024-01-25 05:00:00', '2024-01-25 05:00:00', 1.50, 1.50),
(1687, 9, 662, 31, '2024-01-25 05:00:00', '2024-01-25 05:00:00', 0.70, 0.70),
(1688, 8, 663, 10, '2024-08-07 05:00:00', '2024-08-07 05:00:00', 1.50, 1.50),
(1689, 6, 663, 1, '2024-08-07 05:00:00', '2024-08-07 05:00:00', 9.00, 9.00),
(1690, 3, 663, 27, '2024-08-07 05:00:00', '2024-08-07 05:00:00', 9.00, 9.00),
(1691, 4, 663, 20, '2024-08-07 05:00:00', '2024-08-07 05:00:00', 2.50, 2.50),
(1692, 1, 664, 34, '2024-01-02 05:00:00', '2024-01-02 05:00:00', 1.80, 1.80),
(1693, 4, 664, 55, '2024-01-02 05:00:00', '2024-01-02 05:00:00', 3.50, 3.50),
(1694, 7, 664, 52, '2024-01-02 05:00:00', '2024-01-02 05:00:00', 1.50, 1.50),
(1695, 9, 665, 61, '2024-08-13 05:00:00', '2024-08-13 05:00:00', 4.50, 4.50),
(1696, 7, 666, 42, '2024-11-08 05:00:00', '2024-11-08 05:00:00', 2.50, 2.50),
(1697, 4, 667, 33, '2024-09-01 05:00:00', '2024-09-01 05:00:00', 0.80, 0.80),
(1698, 9, 667, 22, '2024-09-01 05:00:00', '2024-09-01 05:00:00', 5.00, 5.00),
(1699, 3, 667, 13, '2024-09-01 05:00:00', '2024-09-01 05:00:00', 1.50, 1.50),
(1700, 4, 667, 62, '2024-09-01 05:00:00', '2024-09-01 05:00:00', 12.00, 12.00),
(1701, 9, 668, 35, '2024-01-03 05:00:00', '2024-01-03 05:00:00', 0.50, 0.50),
(1702, 3, 668, 29, '2024-01-03 05:00:00', '2024-01-03 05:00:00', 3.50, 3.50),
(1703, 2, 668, 11, '2024-01-03 05:00:00', '2024-01-03 05:00:00', 1.20, 1.20),
(1704, 5, 669, 25, '2024-06-26 05:00:00', '2024-06-26 05:00:00', 2.80, 2.80),
(1705, 10, 669, 20, '2024-06-26 05:00:00', '2024-06-26 05:00:00', 2.50, 2.50),
(1706, 4, 669, 55, '2024-06-26 05:00:00', '2024-06-26 05:00:00', 3.50, 3.50),
(1707, 2, 669, 15, '2024-06-26 05:00:00', '2024-06-26 05:00:00', 4.50, 4.50),
(1708, 10, 669, 41, '2024-06-26 05:00:00', '2024-06-26 05:00:00', 9.00, 9.00),
(1709, 10, 670, 31, '2024-04-26 05:00:00', '2024-04-26 05:00:00', 0.70, 0.70),
(1710, 7, 670, 39, '2024-04-26 05:00:00', '2024-04-26 05:00:00', 8.00, 8.00),
(1711, 8, 670, 61, '2024-04-26 05:00:00', '2024-04-26 05:00:00', 4.50, 4.50),
(1712, 3, 671, 31, '2024-03-20 05:00:00', '2024-03-20 05:00:00', 0.70, 0.70),
(1713, 3, 672, 61, '2024-04-03 05:00:00', '2024-04-03 05:00:00', 4.50, 4.50),
(1714, 6, 672, 63, '2024-04-03 05:00:00', '2024-04-03 05:00:00', 12.00, 12.00),
(1715, 9, 672, 43, '2024-04-03 05:00:00', '2024-04-03 05:00:00', 2.80, 2.80),
(1716, 3, 672, 12, '2024-04-03 05:00:00', '2024-04-03 05:00:00', 1.50, 1.50),
(1717, 1, 673, 27, '2024-01-17 05:00:00', '2024-01-17 05:00:00', 9.00, 9.00),
(1718, 10, 673, 35, '2024-01-17 05:00:00', '2024-01-17 05:00:00', 0.50, 0.50),
(1719, 4, 673, 17, '2024-01-17 05:00:00', '2024-01-17 05:00:00', 6.50, 6.50),
(1720, 1, 674, 15, '2024-06-30 05:00:00', '2024-06-30 05:00:00', 4.50, 4.50),
(1721, 5, 674, 15, '2024-06-30 05:00:00', '2024-06-30 05:00:00', 4.50, 4.50),
(1722, 10, 674, 11, '2024-06-30 05:00:00', '2024-06-30 05:00:00', 1.20, 1.20),
(1723, 10, 675, 32, '2024-09-25 05:00:00', '2024-09-25 05:00:00', 0.80, 0.80),
(1724, 4, 675, 21, '2024-09-25 05:00:00', '2024-09-25 05:00:00', 2.50, 2.50),
(1725, 7, 675, 9, '2024-09-25 05:00:00', '2024-09-25 05:00:00', 7.00, 7.00),
(1726, 5, 676, 57, '2024-06-18 05:00:00', '2024-06-18 05:00:00', 1.80, 1.80),
(1727, 6, 676, 19, '2024-06-18 05:00:00', '2024-06-18 05:00:00', 2.50, 2.50),
(1728, 4, 676, 20, '2024-06-18 05:00:00', '2024-06-18 05:00:00', 2.50, 2.50),
(1729, 2, 676, 33, '2024-06-18 05:00:00', '2024-06-18 05:00:00', 0.80, 0.80),
(1730, 1, 677, 32, '2024-01-01 05:00:00', '2024-01-01 05:00:00', 0.80, 0.80),
(1731, 3, 678, 22, '2024-03-10 05:00:00', '2024-03-10 05:00:00', 5.00, 5.00),
(1732, 2, 678, 4, '2024-03-10 05:00:00', '2024-03-10 05:00:00', 2.00, 2.00),
(1733, 7, 678, 35, '2024-03-10 05:00:00', '2024-03-10 05:00:00', 0.50, 0.50),
(1734, 4, 679, 8, '2024-06-28 05:00:00', '2024-06-28 05:00:00', 1.80, 1.80),
(1735, 10, 679, 20, '2024-06-28 05:00:00', '2024-06-28 05:00:00', 2.50, 2.50),
(1736, 5, 680, 14, '2024-07-03 05:00:00', '2024-07-03 05:00:00', 4.50, 4.50),
(1737, 4, 680, 59, '2024-07-03 05:00:00', '2024-07-03 05:00:00', 1.80, 1.80),
(1738, 1, 681, 63, '2024-05-09 05:00:00', '2024-05-09 05:00:00', 12.00, 12.00),
(1739, 4, 681, 6, '2024-05-09 05:00:00', '2024-05-09 05:00:00', 1.80, 1.80),
(1740, 7, 681, 2, '2024-05-09 05:00:00', '2024-05-09 05:00:00', 2.00, 2.00),
(1741, 1, 682, 45, '2024-09-06 05:00:00', '2024-09-06 05:00:00', 3.50, 3.50),
(1742, 4, 682, 1, '2024-09-06 05:00:00', '2024-09-06 05:00:00', 9.00, 9.00),
(1743, 1, 683, 35, '2024-03-26 05:00:00', '2024-03-26 05:00:00', 0.50, 0.50),
(1744, 3, 683, 50, '2024-03-26 05:00:00', '2024-03-26 05:00:00', 2.50, 2.50),
(1745, 5, 684, 13, '2024-01-04 05:00:00', '2024-01-04 05:00:00', 1.50, 1.50),
(1746, 5, 684, 55, '2024-01-04 05:00:00', '2024-01-04 05:00:00', 3.50, 3.50),
(1747, 5, 684, 46, '2024-01-04 05:00:00', '2024-01-04 05:00:00', 3.50, 3.50),
(1748, 5, 685, 63, '2024-05-11 05:00:00', '2024-05-11 05:00:00', 12.00, 12.00),
(1749, 2, 685, 60, '2024-05-11 05:00:00', '2024-05-11 05:00:00', 4.50, 4.50),
(1750, 7, 685, 28, '2024-05-11 05:00:00', '2024-05-11 05:00:00', 3.50, 3.50),
(1751, 7, 686, 51, '2024-01-06 05:00:00', '2024-01-06 05:00:00', 1.80, 1.80),
(1752, 5, 686, 17, '2024-01-06 05:00:00', '2024-01-06 05:00:00', 6.50, 6.50),
(1753, 5, 687, 38, '2024-08-12 05:00:00', '2024-08-12 05:00:00', 7.50, 7.50),
(1754, 2, 688, 59, '2024-04-19 05:00:00', '2024-04-19 05:00:00', 1.80, 1.80),
(1755, 8, 688, 23, '2024-04-19 05:00:00', '2024-04-19 05:00:00', 3.00, 3.00),
(1756, 6, 688, 17, '2024-04-19 05:00:00', '2024-04-19 05:00:00', 6.50, 6.50),
(1757, 8, 688, 62, '2024-04-19 05:00:00', '2024-04-19 05:00:00', 12.00, 12.00),
(1758, 6, 689, 16, '2024-01-09 05:00:00', '2024-01-09 05:00:00', 5.00, 5.00),
(1759, 10, 689, 42, '2024-01-09 05:00:00', '2024-01-09 05:00:00', 2.50, 2.50),
(1760, 6, 690, 34, '2024-06-11 05:00:00', '2024-06-11 05:00:00', 1.80, 1.80),
(1761, 7, 690, 38, '2024-06-11 05:00:00', '2024-06-11 05:00:00', 7.50, 7.50),
(1762, 4, 691, 39, '2024-10-27 05:00:00', '2024-10-27 05:00:00', 8.00, 8.00),
(1763, 1, 692, 24, '2024-02-03 05:00:00', '2024-02-03 05:00:00', 3.00, 3.00),
(1764, 2, 692, 56, '2024-02-03 05:00:00', '2024-02-03 05:00:00', 1.20, 1.20),
(1765, 3, 693, 8, '2024-01-05 05:00:00', '2024-01-05 05:00:00', 1.80, 1.80),
(1766, 8, 693, 51, '2024-01-05 05:00:00', '2024-01-05 05:00:00', 1.80, 1.80),
(1767, 1, 694, 49, '2024-05-11 05:00:00', '2024-05-11 05:00:00', 2.50, 2.50),
(1768, 8, 694, 9, '2024-05-11 05:00:00', '2024-05-11 05:00:00', 7.00, 7.00),
(1769, 7, 694, 5, '2024-05-11 05:00:00', '2024-05-11 05:00:00', 6.50, 6.50),
(1770, 3, 695, 19, '2024-05-09 05:00:00', '2024-05-09 05:00:00', 2.50, 2.50),
(1771, 1, 695, 9, '2024-05-09 05:00:00', '2024-05-09 05:00:00', 7.00, 7.00),
(1772, 1, 696, 38, '2024-01-28 05:00:00', '2024-01-28 05:00:00', 7.50, 7.50),
(1773, 9, 697, 20, '2024-08-26 05:00:00', '2024-08-26 05:00:00', 2.50, 2.50),
(1774, 4, 698, 9, '2024-02-21 05:00:00', '2024-02-21 05:00:00', 7.00, 7.00),
(1775, 8, 698, 50, '2024-02-21 05:00:00', '2024-02-21 05:00:00', 2.50, 2.50),
(1776, 2, 698, 15, '2024-02-21 05:00:00', '2024-02-21 05:00:00', 4.50, 4.50),
(1777, 5, 699, 4, '2024-06-19 05:00:00', '2024-06-19 05:00:00', 2.00, 2.00),
(1778, 10, 699, 31, '2024-06-19 05:00:00', '2024-06-19 05:00:00', 0.70, 0.70),
(1779, 9, 700, 12, '2024-09-02 05:00:00', '2024-09-02 05:00:00', 1.50, 1.50),
(1780, 7, 700, 15, '2024-09-02 05:00:00', '2024-09-02 05:00:00', 4.50, 4.50),
(1781, 7, 700, 17, '2024-09-02 05:00:00', '2024-09-02 05:00:00', 6.50, 6.50),
(1782, 10, 701, 17, '2024-02-08 05:00:00', '2024-02-08 05:00:00', 6.50, 6.50),
(1783, 1, 701, 9, '2024-02-08 05:00:00', '2024-02-08 05:00:00', 7.00, 7.00),
(1784, 9, 702, 11, '2024-02-24 05:00:00', '2024-02-24 05:00:00', 1.20, 1.20),
(1785, 6, 702, 41, '2024-02-24 05:00:00', '2024-02-24 05:00:00', 9.00, 9.00),
(1786, 10, 703, 25, '2024-07-24 05:00:00', '2024-07-24 05:00:00', 2.80, 2.80),
(1787, 1, 703, 19, '2024-07-24 05:00:00', '2024-07-24 05:00:00', 2.50, 2.50),
(1788, 1, 703, 31, '2024-07-24 05:00:00', '2024-07-24 05:00:00', 0.70, 0.70),
(1789, 1, 703, 51, '2024-07-24 05:00:00', '2024-07-24 05:00:00', 1.80, 1.80),
(1790, 2, 704, 4, '2024-05-07 05:00:00', '2024-05-07 05:00:00', 2.00, 2.00),
(1791, 10, 704, 19, '2024-05-07 05:00:00', '2024-05-07 05:00:00', 2.50, 2.50),
(1792, 5, 705, 42, '2024-05-26 05:00:00', '2024-05-26 05:00:00', 2.50, 2.50),
(1793, 5, 705, 5, '2024-05-26 05:00:00', '2024-05-26 05:00:00', 6.50, 6.50),
(1794, 9, 705, 16, '2024-05-26 05:00:00', '2024-05-26 05:00:00', 5.00, 5.00),
(1795, 7, 705, 4, '2024-05-26 05:00:00', '2024-05-26 05:00:00', 2.00, 2.00),
(1796, 10, 706, 54, '2024-03-06 05:00:00', '2024-03-06 05:00:00', 3.30, 3.30),
(1797, 9, 706, 21, '2024-03-06 05:00:00', '2024-03-06 05:00:00', 2.50, 2.50),
(1798, 10, 707, 38, '2024-10-17 05:00:00', '2024-10-17 05:00:00', 7.50, 7.50),
(1799, 5, 707, 11, '2024-10-17 05:00:00', '2024-10-17 05:00:00', 1.20, 1.20),
(1800, 10, 708, 3, '2024-09-04 05:00:00', '2024-09-04 05:00:00', 9.00, 9.00),
(1801, 6, 708, 12, '2024-09-04 05:00:00', '2024-09-04 05:00:00', 1.50, 1.50),
(1802, 6, 709, 28, '2024-08-17 05:00:00', '2024-08-17 05:00:00', 3.50, 3.50),
(1803, 6, 710, 34, '2024-11-04 05:00:00', '2024-11-04 05:00:00', 1.80, 1.80),
(1804, 2, 710, 16, '2024-11-04 05:00:00', '2024-11-04 05:00:00', 5.00, 5.00),
(1805, 4, 711, 7, '2024-05-21 05:00:00', '2024-05-21 05:00:00', 8.00, 8.00),
(1806, 5, 711, 48, '2024-05-21 05:00:00', '2024-05-21 05:00:00', 2.80, 2.80),
(1807, 10, 711, 58, '2024-05-21 05:00:00', '2024-05-21 05:00:00', 1.80, 1.80),
(1808, 7, 712, 43, '2024-09-03 05:00:00', '2024-09-03 05:00:00', 2.80, 2.80),
(1809, 7, 712, 25, '2024-09-03 05:00:00', '2024-09-03 05:00:00', 2.80, 2.80),
(1810, 5, 713, 55, '2024-01-06 05:00:00', '2024-01-06 05:00:00', 3.50, 3.50),
(1811, 2, 713, 7, '2024-01-06 05:00:00', '2024-01-06 05:00:00', 8.00, 8.00),
(1812, 9, 713, 3, '2024-01-06 05:00:00', '2024-01-06 05:00:00', 9.00, 9.00),
(1813, 9, 714, 44, '2024-10-12 05:00:00', '2024-10-12 05:00:00', 5.50, 5.50),
(1814, 5, 714, 46, '2024-10-12 05:00:00', '2024-10-12 05:00:00', 3.50, 3.50),
(1815, 5, 714, 22, '2024-10-12 05:00:00', '2024-10-12 05:00:00', 5.00, 5.00),
(1816, 8, 715, 46, '2024-09-23 05:00:00', '2024-09-23 05:00:00', 3.50, 3.50),
(1817, 6, 715, 40, '2024-09-23 05:00:00', '2024-09-23 05:00:00', 9.00, 9.00),
(1818, 3, 716, 12, '2024-06-29 05:00:00', '2024-06-29 05:00:00', 1.50, 1.50),
(1819, 7, 716, 37, '2024-06-29 05:00:00', '2024-06-29 05:00:00', 4.50, 4.50),
(1820, 7, 717, 34, '2024-04-14 05:00:00', '2024-04-14 05:00:00', 1.80, 1.80),
(1821, 8, 717, 32, '2024-04-14 05:00:00', '2024-04-14 05:00:00', 0.80, 0.80),
(1822, 1, 717, 61, '2024-04-14 05:00:00', '2024-04-14 05:00:00', 4.50, 4.50),
(1823, 1, 718, 41, '2024-02-27 05:00:00', '2024-02-27 05:00:00', 9.00, 9.00),
(1824, 8, 718, 20, '2024-02-27 05:00:00', '2024-02-27 05:00:00', 2.50, 2.50),
(1825, 7, 718, 12, '2024-02-27 05:00:00', '2024-02-27 05:00:00', 1.50, 1.50),
(1826, 4, 719, 43, '2024-06-26 05:00:00', '2024-06-26 05:00:00', 2.80, 2.80),
(1827, 10, 719, 30, '2024-06-26 05:00:00', '2024-06-26 05:00:00', 10.00, 10.00),
(1828, 6, 719, 6, '2024-06-26 05:00:00', '2024-06-26 05:00:00', 1.80, 1.80),
(1829, 7, 719, 12, '2024-06-26 05:00:00', '2024-06-26 05:00:00', 1.50, 1.50),
(1830, 8, 720, 58, '2024-07-15 05:00:00', '2024-07-15 05:00:00', 1.80, 1.80),
(1831, 9, 720, 49, '2024-07-15 05:00:00', '2024-07-15 05:00:00', 2.50, 2.50),
(1832, 2, 721, 23, '2024-05-10 05:00:00', '2024-05-10 05:00:00', 3.00, 3.00),
(1833, 2, 721, 6, '2024-05-10 05:00:00', '2024-05-10 05:00:00', 1.80, 1.80),
(1834, 8, 721, 16, '2024-05-10 05:00:00', '2024-05-10 05:00:00', 5.00, 5.00),
(1835, 6, 721, 55, '2024-05-10 05:00:00', '2024-05-10 05:00:00', 3.50, 3.50),
(1836, 10, 722, 22, '2024-01-26 05:00:00', '2024-01-26 05:00:00', 5.00, 5.00),
(1837, 3, 722, 18, '2024-01-26 05:00:00', '2024-01-26 05:00:00', 2.00, 2.00),
(1838, 4, 723, 15, '2024-10-05 05:00:00', '2024-10-05 05:00:00', 4.50, 4.50),
(1839, 2, 723, 45, '2024-10-05 05:00:00', '2024-10-05 05:00:00', 3.50, 3.50),
(1840, 6, 723, 4, '2024-10-05 05:00:00', '2024-10-05 05:00:00', 2.00, 2.00),
(1841, 10, 724, 61, '2024-05-16 05:00:00', '2024-05-16 05:00:00', 4.50, 4.50),
(1842, 10, 724, 58, '2024-05-16 05:00:00', '2024-05-16 05:00:00', 1.80, 1.80),
(1843, 5, 724, 28, '2024-05-16 05:00:00', '2024-05-16 05:00:00', 3.50, 3.50),
(1844, 4, 724, 25, '2024-05-16 05:00:00', '2024-05-16 05:00:00', 2.80, 2.80),
(1845, 8, 725, 9, '2024-07-23 05:00:00', '2024-07-23 05:00:00', 7.00, 7.00),
(1846, 3, 725, 47, '2024-07-23 05:00:00', '2024-07-23 05:00:00', 4.50, 4.50),
(1847, 8, 725, 4, '2024-07-23 05:00:00', '2024-07-23 05:00:00', 2.00, 2.00),
(1848, 10, 725, 10, '2024-07-23 05:00:00', '2024-07-23 05:00:00', 1.50, 1.50),
(1849, 8, 726, 47, '2024-08-25 05:00:00', '2024-08-25 05:00:00', 4.50, 4.50),
(1850, 7, 726, 1, '2024-08-25 05:00:00', '2024-08-25 05:00:00', 9.00, 9.00),
(1851, 9, 727, 28, '2024-05-23 05:00:00', '2024-05-23 05:00:00', 3.50, 3.50),
(1852, 8, 728, 49, '2024-08-08 05:00:00', '2024-08-08 05:00:00', 2.50, 2.50),
(1853, 10, 728, 23, '2024-08-08 05:00:00', '2024-08-08 05:00:00', 3.00, 3.00),
(1854, 2, 728, 38, '2024-08-08 05:00:00', '2024-08-08 05:00:00', 7.50, 7.50),
(1855, 3, 728, 2, '2024-08-08 05:00:00', '2024-08-08 05:00:00', 2.00, 2.00),
(1856, 7, 729, 13, '2024-05-23 05:00:00', '2024-05-23 05:00:00', 1.50, 1.50),
(1857, 10, 729, 32, '2024-05-23 05:00:00', '2024-05-23 05:00:00', 0.80, 0.80),
(1858, 8, 729, 29, '2024-05-23 05:00:00', '2024-05-23 05:00:00', 3.50, 3.50),
(1859, 1, 730, 41, '2024-08-28 05:00:00', '2024-08-28 05:00:00', 9.00, 9.00),
(1860, 1, 730, 25, '2024-08-28 05:00:00', '2024-08-28 05:00:00', 2.80, 2.80),
(1861, 9, 730, 49, '2024-08-28 05:00:00', '2024-08-28 05:00:00', 2.50, 2.50),
(1862, 9, 731, 1, '2024-10-31 05:00:00', '2024-10-31 05:00:00', 9.00, 9.00),
(1863, 2, 731, 38, '2024-10-31 05:00:00', '2024-10-31 05:00:00', 7.50, 7.50),
(1864, 7, 731, 13, '2024-10-31 05:00:00', '2024-10-31 05:00:00', 1.50, 1.50),
(1865, 2, 731, 42, '2024-10-31 05:00:00', '2024-10-31 05:00:00', 2.50, 2.50),
(1866, 7, 732, 38, '2024-02-28 05:00:00', '2024-02-28 05:00:00', 7.50, 7.50),
(1867, 1, 732, 31, '2024-02-28 05:00:00', '2024-02-28 05:00:00', 0.70, 0.70),
(1868, 6, 732, 13, '2024-02-28 05:00:00', '2024-02-28 05:00:00', 1.50, 1.50),
(1869, 7, 733, 2, '2024-11-10 05:00:00', '2024-11-10 05:00:00', 2.00, 2.00),
(1870, 4, 733, 35, '2024-11-10 05:00:00', '2024-11-10 05:00:00', 0.50, 0.50),
(1871, 7, 734, 53, '2024-08-28 05:00:00', '2024-08-28 05:00:00', 1.50, 1.50),
(1872, 9, 734, 59, '2024-08-28 05:00:00', '2024-08-28 05:00:00', 1.80, 1.80),
(1873, 7, 734, 18, '2024-08-28 05:00:00', '2024-08-28 05:00:00', 2.00, 2.00),
(1874, 10, 735, 18, '2024-01-12 05:00:00', '2024-01-12 05:00:00', 2.00, 2.00),
(1875, 10, 735, 55, '2024-01-12 05:00:00', '2024-01-12 05:00:00', 3.50, 3.50),
(1876, 9, 735, 24, '2024-01-12 05:00:00', '2024-01-12 05:00:00', 3.00, 3.00),
(1877, 8, 736, 55, '2024-05-25 05:00:00', '2024-05-25 05:00:00', 3.50, 3.50),
(1878, 10, 736, 43, '2024-05-25 05:00:00', '2024-05-25 05:00:00', 2.80, 2.80),
(1879, 2, 736, 18, '2024-05-25 05:00:00', '2024-05-25 05:00:00', 2.00, 2.00),
(1880, 4, 737, 51, '2024-05-19 05:00:00', '2024-05-19 05:00:00', 1.80, 1.80),
(1881, 6, 737, 35, '2024-05-19 05:00:00', '2024-05-19 05:00:00', 0.50, 0.50),
(1882, 8, 738, 19, '2024-03-30 05:00:00', '2024-03-30 05:00:00', 2.50, 2.50),
(1883, 8, 738, 23, '2024-03-30 05:00:00', '2024-03-30 05:00:00', 3.00, 3.00),
(1884, 5, 738, 1, '2024-03-30 05:00:00', '2024-03-30 05:00:00', 9.00, 9.00),
(1885, 3, 738, 24, '2024-03-30 05:00:00', '2024-03-30 05:00:00', 3.00, 3.00),
(1886, 6, 738, 19, '2024-03-30 05:00:00', '2024-03-30 05:00:00', 2.50, 2.50),
(1887, 7, 739, 33, '2024-03-06 05:00:00', '2024-03-06 05:00:00', 0.80, 0.80),
(1888, 1, 739, 51, '2024-03-06 05:00:00', '2024-03-06 05:00:00', 1.80, 1.80),
(1889, 6, 739, 50, '2024-03-06 05:00:00', '2024-03-06 05:00:00', 2.50, 2.50),
(1890, 9, 740, 2, '2024-01-04 05:00:00', '2024-01-04 05:00:00', 2.00, 2.00),
(1891, 1, 740, 57, '2024-01-04 05:00:00', '2024-01-04 05:00:00', 1.80, 1.80),
(1892, 6, 741, 58, '2024-11-08 05:00:00', '2024-11-08 05:00:00', 1.80, 1.80),
(1893, 9, 741, 16, '2024-11-08 05:00:00', '2024-11-08 05:00:00', 5.00, 5.00),
(1894, 6, 742, 39, '2024-04-16 05:00:00', '2024-04-16 05:00:00', 8.00, 8.00),
(1895, 1, 742, 48, '2024-04-16 05:00:00', '2024-04-16 05:00:00', 2.80, 2.80),
(1896, 8, 742, 5, '2024-04-16 05:00:00', '2024-04-16 05:00:00', 6.50, 6.50),
(1897, 9, 743, 32, '2024-08-30 05:00:00', '2024-08-30 05:00:00', 0.80, 0.80),
(1898, 2, 743, 24, '2024-08-30 05:00:00', '2024-08-30 05:00:00', 3.00, 3.00),
(1899, 1, 743, 19, '2024-08-30 05:00:00', '2024-08-30 05:00:00', 2.50, 2.50),
(1900, 3, 744, 10, '2024-11-04 05:00:00', '2024-11-04 05:00:00', 1.50, 1.50),
(1901, 2, 744, 11, '2024-11-04 05:00:00', '2024-11-04 05:00:00', 1.20, 1.20),
(1902, 7, 745, 60, '2024-06-19 05:00:00', '2024-06-19 05:00:00', 4.50, 4.50),
(1903, 3, 745, 24, '2024-06-19 05:00:00', '2024-06-19 05:00:00', 3.00, 3.00),
(1904, 6, 745, 37, '2024-06-19 05:00:00', '2024-06-19 05:00:00', 4.50, 4.50),
(1905, 1, 745, 46, '2024-06-19 05:00:00', '2024-06-19 05:00:00', 3.50, 3.50),
(1906, 5, 746, 41, '2024-02-29 05:00:00', '2024-02-29 05:00:00', 9.00, 9.00),
(1907, 2, 747, 35, '2024-10-11 05:00:00', '2024-10-11 05:00:00', 0.50, 0.50),
(1908, 7, 747, 62, '2024-10-11 05:00:00', '2024-10-11 05:00:00', 12.00, 12.00),
(1909, 10, 748, 38, '2024-11-04 05:00:00', '2024-11-04 05:00:00', 7.50, 7.50),
(1910, 6, 748, 58, '2024-11-04 05:00:00', '2024-11-04 05:00:00', 1.80, 1.80),
(1911, 10, 748, 2, '2024-11-04 05:00:00', '2024-11-04 05:00:00', 2.00, 2.00),
(1912, 10, 749, 61, '2024-08-04 05:00:00', '2024-08-04 05:00:00', 4.50, 4.50),
(1913, 1, 749, 3, '2024-08-04 05:00:00', '2024-08-04 05:00:00', 9.00, 9.00),
(1914, 8, 749, 11, '2024-08-04 05:00:00', '2024-08-04 05:00:00', 1.20, 1.20),
(1915, 5, 750, 19, '2024-10-16 05:00:00', '2024-10-16 05:00:00', 2.50, 2.50),
(1916, 1, 750, 60, '2024-10-16 05:00:00', '2024-10-16 05:00:00', 4.50, 4.50),
(1917, 1, 750, 28, '2024-10-16 05:00:00', '2024-10-16 05:00:00', 3.50, 3.50),
(1918, 3, 750, 22, '2024-10-16 05:00:00', '2024-10-16 05:00:00', 5.00, 5.00),
(1919, 7, 751, 36, '2024-02-13 05:00:00', '2024-02-13 05:00:00', 0.70, 0.70),
(1920, 9, 751, 63, '2024-02-13 05:00:00', '2024-02-13 05:00:00', 12.00, 12.00),
(1921, 2, 752, 61, '2024-01-22 05:00:00', '2024-01-22 05:00:00', 4.50, 4.50),
(1922, 6, 752, 36, '2024-01-22 05:00:00', '2024-01-22 05:00:00', 0.70, 0.70),
(1923, 6, 753, 33, '2024-08-21 05:00:00', '2024-08-21 05:00:00', 0.80, 0.80),
(1924, 2, 753, 61, '2024-08-21 05:00:00', '2024-08-21 05:00:00', 4.50, 4.50),
(1925, 9, 753, 56, '2024-08-21 05:00:00', '2024-08-21 05:00:00', 1.20, 1.20),
(1926, 9, 754, 18, '2024-09-05 05:00:00', '2024-09-05 05:00:00', 2.00, 2.00),
(1927, 7, 754, 52, '2024-09-05 05:00:00', '2024-09-05 05:00:00', 1.50, 1.50),
(1928, 2, 754, 61, '2024-09-05 05:00:00', '2024-09-05 05:00:00', 4.50, 4.50),
(1929, 7, 755, 15, '2024-03-18 05:00:00', '2024-03-18 05:00:00', 4.50, 4.50),
(1930, 5, 755, 46, '2024-03-18 05:00:00', '2024-03-18 05:00:00', 3.50, 3.50),
(1931, 8, 755, 41, '2024-03-18 05:00:00', '2024-03-18 05:00:00', 9.00, 9.00),
(1932, 5, 756, 53, '2024-07-03 05:00:00', '2024-07-03 05:00:00', 1.50, 1.50),
(1933, 1, 756, 41, '2024-07-03 05:00:00', '2024-07-03 05:00:00', 9.00, 9.00),
(1934, 8, 757, 39, '2024-02-27 05:00:00', '2024-02-27 05:00:00', 8.00, 8.00),
(1935, 5, 757, 47, '2024-02-27 05:00:00', '2024-02-27 05:00:00', 4.50, 4.50),
(1936, 2, 757, 59, '2024-02-27 05:00:00', '2024-02-27 05:00:00', 1.80, 1.80),
(1937, 2, 758, 47, '2024-05-14 05:00:00', '2024-05-14 05:00:00', 4.50, 4.50),
(1938, 6, 758, 16, '2024-05-14 05:00:00', '2024-05-14 05:00:00', 5.00, 5.00),
(1939, 2, 758, 37, '2024-05-14 05:00:00', '2024-05-14 05:00:00', 4.50, 4.50),
(1940, 10, 759, 17, '2024-05-21 05:00:00', '2024-05-21 05:00:00', 6.50, 6.50),
(1941, 2, 759, 7, '2024-05-21 05:00:00', '2024-05-21 05:00:00', 8.00, 8.00),
(1942, 6, 759, 51, '2024-05-21 05:00:00', '2024-05-21 05:00:00', 1.80, 1.80),
(1943, 3, 759, 51, '2024-05-21 05:00:00', '2024-05-21 05:00:00', 1.80, 1.80),
(1944, 5, 760, 50, '2024-01-22 05:00:00', '2024-01-22 05:00:00', 2.50, 2.50),
(1945, 1, 760, 38, '2024-01-22 05:00:00', '2024-01-22 05:00:00', 7.50, 7.50),
(1946, 8, 761, 30, '2024-10-24 05:00:00', '2024-10-24 05:00:00', 10.00, 10.00),
(1947, 6, 761, 5, '2024-10-24 05:00:00', '2024-10-24 05:00:00', 6.50, 6.50),
(1948, 6, 762, 1, '2024-04-21 05:00:00', '2024-04-21 05:00:00', 9.00, 9.00),
(1949, 2, 763, 14, '2024-08-07 05:00:00', '2024-08-07 05:00:00', 4.50, 4.50),
(1950, 3, 763, 5, '2024-08-07 05:00:00', '2024-08-07 05:00:00', 6.50, 6.50),
(1951, 6, 764, 1, '2024-06-14 05:00:00', '2024-06-14 05:00:00', 9.00, 9.00),
(1952, 6, 764, 11, '2024-06-14 05:00:00', '2024-06-14 05:00:00', 1.20, 1.20),
(1953, 2, 764, 26, '2024-06-14 05:00:00', '2024-06-14 05:00:00', 9.50, 9.50),
(1954, 2, 765, 23, '2024-02-08 05:00:00', '2024-02-08 05:00:00', 3.00, 3.00),
(1955, 2, 766, 58, '2024-10-16 05:00:00', '2024-10-16 05:00:00', 1.80, 1.80),
(1956, 10, 766, 33, '2024-10-16 05:00:00', '2024-10-16 05:00:00', 0.80, 0.80),
(1957, 7, 766, 40, '2024-10-16 05:00:00', '2024-10-16 05:00:00', 9.00, 9.00),
(1958, 3, 766, 28, '2024-10-16 05:00:00', '2024-10-16 05:00:00', 3.50, 3.50),
(1959, 10, 767, 62, '2024-10-20 05:00:00', '2024-10-20 05:00:00', 12.00, 12.00),
(1960, 8, 768, 22, '2024-04-19 05:00:00', '2024-04-19 05:00:00', 5.00, 5.00),
(1961, 10, 769, 21, '2024-08-02 05:00:00', '2024-08-02 05:00:00', 2.50, 2.50),
(1962, 8, 769, 26, '2024-08-02 05:00:00', '2024-08-02 05:00:00', 9.50, 9.50),
(1963, 4, 769, 56, '2024-08-02 05:00:00', '2024-08-02 05:00:00', 1.20, 1.20),
(1964, 6, 770, 35, '2024-08-15 05:00:00', '2024-08-15 05:00:00', 0.50, 0.50),
(1965, 2, 770, 35, '2024-08-15 05:00:00', '2024-08-15 05:00:00', 0.50, 0.50),
(1966, 1, 771, 47, '2024-02-06 05:00:00', '2024-02-06 05:00:00', 4.50, 4.50),
(1967, 5, 771, 3, '2024-02-06 05:00:00', '2024-02-06 05:00:00', 9.00, 9.00),
(1968, 6, 771, 63, '2024-02-06 05:00:00', '2024-02-06 05:00:00', 12.00, 12.00),
(1969, 5, 771, 8, '2024-02-06 05:00:00', '2024-02-06 05:00:00', 1.80, 1.80),
(1970, 8, 771, 54, '2024-02-06 05:00:00', '2024-02-06 05:00:00', 3.30, 3.30),
(1971, 7, 772, 44, '2024-08-25 05:00:00', '2024-08-25 05:00:00', 5.50, 5.50),
(1972, 5, 772, 30, '2024-08-25 05:00:00', '2024-08-25 05:00:00', 10.00, 10.00),
(1973, 5, 773, 9, '2024-07-01 05:00:00', '2024-07-01 05:00:00', 7.00, 7.00),
(1974, 4, 773, 32, '2024-07-01 05:00:00', '2024-07-01 05:00:00', 0.80, 0.80),
(1975, 10, 773, 28, '2024-07-01 05:00:00', '2024-07-01 05:00:00', 3.50, 3.50),
(1976, 1, 774, 40, '2024-03-02 05:00:00', '2024-03-02 05:00:00', 9.00, 9.00),
(1977, 1, 775, 31, '2024-08-10 05:00:00', '2024-08-10 05:00:00', 0.70, 0.70),
(1978, 3, 776, 2, '2024-06-19 05:00:00', '2024-06-19 05:00:00', 2.00, 2.00),
(1979, 3, 776, 48, '2024-06-19 05:00:00', '2024-06-19 05:00:00', 2.80, 2.80),
(1980, 9, 776, 1, '2024-06-19 05:00:00', '2024-06-19 05:00:00', 9.00, 9.00),
(1981, 9, 776, 48, '2024-06-19 05:00:00', '2024-06-19 05:00:00', 2.80, 2.80),
(1982, 6, 777, 49, '2024-01-04 05:00:00', '2024-01-04 05:00:00', 2.50, 2.50),
(1983, 1, 777, 15, '2024-01-04 05:00:00', '2024-01-04 05:00:00', 4.50, 4.50);
INSERT INTO `venta_detalle` (`id`, `cantidad`, `id_venta`, `id_producto`, `created_at`, `updated_at`, `preciopoducto`, `preciocompraproducto`) VALUES
(1984, 1, 778, 37, '2024-10-13 05:00:00', '2024-10-13 05:00:00', 4.50, 4.50),
(1985, 10, 779, 16, '2024-05-29 05:00:00', '2024-05-29 05:00:00', 5.00, 5.00),
(1986, 5, 779, 2, '2024-05-29 05:00:00', '2024-05-29 05:00:00', 2.00, 2.00),
(1987, 9, 780, 50, '2024-08-15 05:00:00', '2024-08-15 05:00:00', 2.50, 2.50),
(1988, 6, 780, 50, '2024-08-15 05:00:00', '2024-08-15 05:00:00', 2.50, 2.50),
(1989, 7, 780, 34, '2024-08-15 05:00:00', '2024-08-15 05:00:00', 1.80, 1.80),
(1990, 8, 780, 3, '2024-08-15 05:00:00', '2024-08-15 05:00:00', 9.00, 9.00),
(1991, 5, 780, 59, '2024-08-15 05:00:00', '2024-08-15 05:00:00', 1.80, 1.80),
(1992, 3, 781, 1, '2024-07-13 05:00:00', '2024-07-13 05:00:00', 9.00, 9.00),
(1993, 1, 782, 17, '2024-10-28 05:00:00', '2024-10-28 05:00:00', 6.50, 6.50),
(1994, 9, 782, 47, '2024-10-28 05:00:00', '2024-10-28 05:00:00', 4.50, 4.50),
(1995, 5, 782, 2, '2024-10-28 05:00:00', '2024-10-28 05:00:00', 2.00, 2.00),
(1996, 3, 782, 9, '2024-10-28 05:00:00', '2024-10-28 05:00:00', 7.00, 7.00),
(1997, 3, 782, 21, '2024-10-28 05:00:00', '2024-10-28 05:00:00', 2.50, 2.50),
(1998, 5, 783, 19, '2024-08-11 05:00:00', '2024-08-11 05:00:00', 2.50, 2.50),
(1999, 6, 783, 38, '2024-08-11 05:00:00', '2024-08-11 05:00:00', 7.50, 7.50),
(2000, 8, 783, 21, '2024-08-11 05:00:00', '2024-08-11 05:00:00', 2.50, 2.50),
(2001, 5, 784, 14, '2024-08-20 05:00:00', '2024-08-20 05:00:00', 4.50, 4.50),
(2002, 2, 784, 26, '2024-08-20 05:00:00', '2024-08-20 05:00:00', 9.50, 9.50),
(2003, 9, 784, 52, '2024-08-20 05:00:00', '2024-08-20 05:00:00', 1.50, 1.50),
(2004, 3, 785, 20, '2024-10-05 05:00:00', '2024-10-05 05:00:00', 2.50, 2.50),
(2005, 4, 785, 6, '2024-10-05 05:00:00', '2024-10-05 05:00:00', 1.80, 1.80),
(2006, 8, 786, 59, '2024-01-19 05:00:00', '2024-01-19 05:00:00', 1.80, 1.80),
(2007, 10, 786, 38, '2024-01-19 05:00:00', '2024-01-19 05:00:00', 7.50, 7.50),
(2008, 8, 786, 40, '2024-01-19 05:00:00', '2024-01-19 05:00:00', 9.00, 9.00),
(2009, 5, 787, 28, '2024-09-29 05:00:00', '2024-09-29 05:00:00', 3.50, 3.50),
(2010, 10, 787, 40, '2024-09-29 05:00:00', '2024-09-29 05:00:00', 9.00, 9.00),
(2011, 4, 787, 4, '2024-09-29 05:00:00', '2024-09-29 05:00:00', 2.00, 2.00),
(2012, 8, 787, 1, '2024-09-29 05:00:00', '2024-09-29 05:00:00', 9.00, 9.00),
(2013, 2, 788, 16, '2024-08-02 05:00:00', '2024-08-02 05:00:00', 5.00, 5.00),
(2014, 7, 788, 25, '2024-08-02 05:00:00', '2024-08-02 05:00:00', 2.80, 2.80),
(2015, 6, 788, 22, '2024-08-02 05:00:00', '2024-08-02 05:00:00', 5.00, 5.00),
(2016, 5, 789, 47, '2024-04-13 05:00:00', '2024-04-13 05:00:00', 4.50, 4.50),
(2017, 5, 789, 23, '2024-04-13 05:00:00', '2024-04-13 05:00:00', 3.00, 3.00),
(2018, 4, 789, 21, '2024-04-13 05:00:00', '2024-04-13 05:00:00', 2.50, 2.50),
(2019, 6, 789, 31, '2024-04-13 05:00:00', '2024-04-13 05:00:00', 0.70, 0.70),
(2020, 5, 790, 46, '2024-08-04 05:00:00', '2024-08-04 05:00:00', 3.50, 3.50),
(2021, 8, 790, 2, '2024-08-04 05:00:00', '2024-08-04 05:00:00', 2.00, 2.00),
(2022, 6, 790, 11, '2024-08-04 05:00:00', '2024-08-04 05:00:00', 1.20, 1.20),
(2023, 6, 791, 62, '2024-09-18 05:00:00', '2024-09-18 05:00:00', 12.00, 12.00),
(2024, 10, 791, 22, '2024-09-18 05:00:00', '2024-09-18 05:00:00', 5.00, 5.00),
(2025, 10, 791, 17, '2024-09-18 05:00:00', '2024-09-18 05:00:00', 6.50, 6.50),
(2026, 7, 792, 56, '2024-02-22 05:00:00', '2024-02-22 05:00:00', 1.20, 1.20),
(2027, 5, 792, 33, '2024-02-22 05:00:00', '2024-02-22 05:00:00', 0.80, 0.80),
(2028, 3, 793, 29, '2024-03-06 05:00:00', '2024-03-06 05:00:00', 3.50, 3.50),
(2029, 1, 793, 38, '2024-03-06 05:00:00', '2024-03-06 05:00:00', 7.50, 7.50),
(2030, 6, 793, 30, '2024-03-06 05:00:00', '2024-03-06 05:00:00', 10.00, 10.00),
(2031, 6, 794, 40, '2024-05-10 05:00:00', '2024-05-10 05:00:00', 9.00, 9.00),
(2032, 5, 794, 40, '2024-05-10 05:00:00', '2024-05-10 05:00:00', 9.00, 9.00),
(2033, 5, 794, 30, '2024-05-10 05:00:00', '2024-05-10 05:00:00', 10.00, 10.00),
(2034, 8, 795, 18, '2024-03-15 05:00:00', '2024-03-15 05:00:00', 2.00, 2.00),
(2035, 9, 795, 62, '2024-03-15 05:00:00', '2024-03-15 05:00:00', 12.00, 12.00),
(2036, 1, 795, 8, '2024-03-15 05:00:00', '2024-03-15 05:00:00', 1.80, 1.80),
(2037, 5, 796, 45, '2024-11-02 05:00:00', '2024-11-02 05:00:00', 3.50, 3.50),
(2038, 2, 796, 16, '2024-11-02 05:00:00', '2024-11-02 05:00:00', 5.00, 5.00),
(2039, 2, 796, 13, '2024-11-02 05:00:00', '2024-11-02 05:00:00', 1.50, 1.50),
(2040, 2, 797, 32, '2024-04-14 05:00:00', '2024-04-14 05:00:00', 0.80, 0.80),
(2041, 4, 797, 30, '2024-04-14 05:00:00', '2024-04-14 05:00:00', 10.00, 10.00),
(2042, 1, 797, 39, '2024-04-14 05:00:00', '2024-04-14 05:00:00', 8.00, 8.00),
(2043, 6, 797, 14, '2024-04-14 05:00:00', '2024-04-14 05:00:00', 4.50, 4.50),
(2044, 6, 798, 31, '2024-09-17 05:00:00', '2024-09-17 05:00:00', 0.70, 0.70),
(2045, 2, 798, 32, '2024-09-17 05:00:00', '2024-09-17 05:00:00', 0.80, 0.80),
(2046, 1, 799, 24, '2024-01-20 05:00:00', '2024-01-20 05:00:00', 3.00, 3.00),
(2047, 6, 799, 40, '2024-01-20 05:00:00', '2024-01-20 05:00:00', 9.00, 9.00),
(2048, 9, 799, 7, '2024-01-20 05:00:00', '2024-01-20 05:00:00', 8.00, 8.00),
(2049, 4, 799, 45, '2024-01-20 05:00:00', '2024-01-20 05:00:00', 3.50, 3.50),
(2050, 4, 799, 55, '2024-01-20 05:00:00', '2024-01-20 05:00:00', 3.50, 3.50),
(2051, 2, 800, 20, '2024-06-12 05:00:00', '2024-06-12 05:00:00', 2.50, 2.50),
(2052, 6, 800, 26, '2024-06-12 05:00:00', '2024-06-12 05:00:00', 9.50, 9.50),
(2053, 3, 800, 38, '2024-06-12 05:00:00', '2024-06-12 05:00:00', 7.50, 7.50),
(2054, 3, 800, 16, '2024-06-12 05:00:00', '2024-06-12 05:00:00', 5.00, 5.00),
(2055, 10, 801, 57, '2024-03-09 05:00:00', '2024-03-09 05:00:00', 1.80, 1.80),
(2056, 9, 801, 1, '2024-03-09 05:00:00', '2024-03-09 05:00:00', 9.00, 9.00),
(2057, 2, 802, 8, '2024-07-30 05:00:00', '2024-07-30 05:00:00', 1.80, 1.80),
(2058, 8, 802, 10, '2024-07-30 05:00:00', '2024-07-30 05:00:00', 1.50, 1.50),
(2059, 10, 803, 15, '2024-10-08 05:00:00', '2024-10-08 05:00:00', 4.50, 4.50),
(2060, 6, 803, 12, '2024-10-08 05:00:00', '2024-10-08 05:00:00', 1.50, 1.50),
(2061, 9, 804, 58, '2024-10-04 05:00:00', '2024-10-04 05:00:00', 1.80, 1.80),
(2062, 4, 804, 35, '2024-10-04 05:00:00', '2024-10-04 05:00:00', 0.50, 0.50),
(2063, 7, 804, 60, '2024-10-04 05:00:00', '2024-10-04 05:00:00', 4.50, 4.50),
(2064, 5, 804, 10, '2024-10-04 05:00:00', '2024-10-04 05:00:00', 1.50, 1.50),
(2065, 8, 805, 57, '2024-01-20 05:00:00', '2024-01-20 05:00:00', 1.80, 1.80),
(2066, 2, 805, 12, '2024-01-20 05:00:00', '2024-01-20 05:00:00', 1.50, 1.50),
(2067, 4, 805, 61, '2024-01-20 05:00:00', '2024-01-20 05:00:00', 4.50, 4.50),
(2068, 7, 806, 49, '2024-09-28 05:00:00', '2024-09-28 05:00:00', 2.50, 2.50),
(2069, 8, 806, 29, '2024-09-28 05:00:00', '2024-09-28 05:00:00', 3.50, 3.50),
(2070, 7, 806, 41, '2024-09-28 05:00:00', '2024-09-28 05:00:00', 9.00, 9.00),
(2071, 4, 806, 43, '2024-09-28 05:00:00', '2024-09-28 05:00:00', 2.80, 2.80),
(2072, 5, 807, 26, '2024-11-08 05:00:00', '2024-11-08 05:00:00', 9.50, 9.50),
(2073, 10, 807, 42, '2024-11-08 05:00:00', '2024-11-08 05:00:00', 2.50, 2.50),
(2074, 8, 807, 46, '2024-11-08 05:00:00', '2024-11-08 05:00:00', 3.50, 3.50),
(2075, 5, 808, 39, '2024-02-25 05:00:00', '2024-02-25 05:00:00', 8.00, 8.00),
(2076, 1, 809, 54, '2024-02-05 05:00:00', '2024-02-05 05:00:00', 3.30, 3.30),
(2077, 7, 810, 39, '2024-05-16 05:00:00', '2024-05-16 05:00:00', 8.00, 8.00),
(2078, 3, 810, 22, '2024-05-16 05:00:00', '2024-05-16 05:00:00', 5.00, 5.00),
(2079, 10, 811, 48, '2024-10-05 05:00:00', '2024-10-05 05:00:00', 2.80, 2.80),
(2080, 9, 812, 37, '2024-08-05 05:00:00', '2024-08-05 05:00:00', 4.50, 4.50),
(2081, 4, 812, 42, '2024-08-05 05:00:00', '2024-08-05 05:00:00', 2.50, 2.50),
(2082, 9, 812, 34, '2024-08-05 05:00:00', '2024-08-05 05:00:00', 1.80, 1.80),
(2083, 6, 813, 5, '2024-08-17 05:00:00', '2024-08-17 05:00:00', 6.50, 6.50),
(2084, 7, 814, 14, '2024-07-24 05:00:00', '2024-07-24 05:00:00', 4.50, 4.50),
(2085, 8, 814, 41, '2024-07-24 05:00:00', '2024-07-24 05:00:00', 9.00, 9.00),
(2086, 3, 815, 30, '2024-03-21 05:00:00', '2024-03-21 05:00:00', 10.00, 10.00),
(2087, 7, 815, 9, '2024-03-21 05:00:00', '2024-03-21 05:00:00', 7.00, 7.00),
(2088, 10, 815, 33, '2024-03-21 05:00:00', '2024-03-21 05:00:00', 0.80, 0.80),
(2089, 1, 815, 53, '2024-03-21 05:00:00', '2024-03-21 05:00:00', 1.50, 1.50),
(2090, 9, 816, 39, '2024-10-08 05:00:00', '2024-10-08 05:00:00', 8.00, 8.00),
(2091, 3, 816, 43, '2024-10-08 05:00:00', '2024-10-08 05:00:00', 2.80, 2.80),
(2092, 5, 816, 46, '2024-10-08 05:00:00', '2024-10-08 05:00:00', 3.50, 3.50),
(2093, 1, 816, 2, '2024-10-08 05:00:00', '2024-10-08 05:00:00', 2.00, 2.00),
(2094, 1, 817, 61, '2024-01-10 05:00:00', '2024-01-10 05:00:00', 4.50, 4.50),
(2095, 2, 817, 37, '2024-01-10 05:00:00', '2024-01-10 05:00:00', 4.50, 4.50),
(2096, 9, 817, 13, '2024-01-10 05:00:00', '2024-01-10 05:00:00', 1.50, 1.50),
(2097, 7, 818, 4, '2024-09-05 05:00:00', '2024-09-05 05:00:00', 2.00, 2.00),
(2098, 7, 819, 49, '2024-06-21 05:00:00', '2024-06-21 05:00:00', 2.50, 2.50),
(2099, 3, 819, 22, '2024-06-21 05:00:00', '2024-06-21 05:00:00', 5.00, 5.00),
(2100, 1, 820, 18, '2024-11-11 05:00:00', '2024-11-11 05:00:00', 2.00, 2.00),
(2101, 9, 821, 15, '2024-11-01 05:00:00', '2024-11-01 05:00:00', 4.50, 4.50),
(2102, 7, 821, 1, '2024-11-01 05:00:00', '2024-11-01 05:00:00', 9.00, 9.00),
(2103, 10, 822, 27, '2024-07-12 05:00:00', '2024-07-12 05:00:00', 9.00, 9.00),
(2104, 7, 822, 51, '2024-07-12 05:00:00', '2024-07-12 05:00:00', 1.80, 1.80),
(2105, 4, 823, 31, '2024-07-10 05:00:00', '2024-07-10 05:00:00', 0.70, 0.70),
(2106, 8, 823, 63, '2024-07-10 05:00:00', '2024-07-10 05:00:00', 12.00, 12.00),
(2107, 4, 823, 10, '2024-07-10 05:00:00', '2024-07-10 05:00:00', 1.50, 1.50),
(2108, 7, 823, 23, '2024-07-10 05:00:00', '2024-07-10 05:00:00', 3.00, 3.00),
(2109, 5, 824, 2, '2024-06-12 05:00:00', '2024-06-12 05:00:00', 2.00, 2.00),
(2110, 1, 824, 42, '2024-06-12 05:00:00', '2024-06-12 05:00:00', 2.50, 2.50),
(2111, 4, 825, 63, '2024-02-07 05:00:00', '2024-02-07 05:00:00', 12.00, 12.00),
(2112, 1, 825, 25, '2024-02-07 05:00:00', '2024-02-07 05:00:00', 2.80, 2.80),
(2113, 4, 826, 59, '2024-05-14 05:00:00', '2024-05-14 05:00:00', 1.80, 1.80),
(2114, 6, 826, 61, '2024-05-14 05:00:00', '2024-05-14 05:00:00', 4.50, 4.50),
(2115, 10, 826, 32, '2024-05-14 05:00:00', '2024-05-14 05:00:00', 0.80, 0.80),
(2116, 5, 826, 29, '2024-05-14 05:00:00', '2024-05-14 05:00:00', 3.50, 3.50),
(2117, 5, 827, 25, '2024-08-28 05:00:00', '2024-08-28 05:00:00', 2.80, 2.80),
(2118, 5, 827, 11, '2024-08-28 05:00:00', '2024-08-28 05:00:00', 1.20, 1.20),
(2119, 3, 827, 11, '2024-08-28 05:00:00', '2024-08-28 05:00:00', 1.20, 1.20),
(2120, 1, 828, 42, '2024-06-16 05:00:00', '2024-06-16 05:00:00', 2.50, 2.50),
(2121, 6, 828, 43, '2024-06-16 05:00:00', '2024-06-16 05:00:00', 2.80, 2.80),
(2122, 7, 829, 47, '2024-09-01 05:00:00', '2024-09-01 05:00:00', 4.50, 4.50),
(2123, 4, 829, 63, '2024-09-01 05:00:00', '2024-09-01 05:00:00', 12.00, 12.00),
(2124, 3, 830, 5, '2024-02-24 05:00:00', '2024-02-24 05:00:00', 6.50, 6.50),
(2125, 8, 830, 53, '2024-02-24 05:00:00', '2024-02-24 05:00:00', 1.50, 1.50),
(2126, 4, 831, 58, '2024-08-19 05:00:00', '2024-08-19 05:00:00', 1.80, 1.80),
(2127, 4, 831, 12, '2024-08-19 05:00:00', '2024-08-19 05:00:00', 1.50, 1.50),
(2128, 1, 831, 4, '2024-08-19 05:00:00', '2024-08-19 05:00:00', 2.00, 2.00),
(2129, 5, 832, 21, '2024-08-05 05:00:00', '2024-08-05 05:00:00', 2.50, 2.50),
(2130, 6, 832, 50, '2024-08-05 05:00:00', '2024-08-05 05:00:00', 2.50, 2.50),
(2131, 8, 832, 57, '2024-08-05 05:00:00', '2024-08-05 05:00:00', 1.80, 1.80),
(2132, 8, 833, 24, '2024-04-10 05:00:00', '2024-04-10 05:00:00', 3.00, 3.00),
(2133, 9, 834, 14, '2024-02-05 05:00:00', '2024-02-05 05:00:00', 4.50, 4.50),
(2134, 5, 834, 20, '2024-02-05 05:00:00', '2024-02-05 05:00:00', 2.50, 2.50),
(2135, 9, 834, 26, '2024-02-05 05:00:00', '2024-02-05 05:00:00', 9.50, 9.50),
(2136, 10, 835, 36, '2024-06-19 05:00:00', '2024-06-19 05:00:00', 0.70, 0.70),
(2137, 9, 835, 61, '2024-06-19 05:00:00', '2024-06-19 05:00:00', 4.50, 4.50),
(2138, 4, 836, 20, '2024-11-06 05:00:00', '2024-11-06 05:00:00', 2.50, 2.50),
(2139, 10, 836, 2, '2024-11-06 05:00:00', '2024-11-06 05:00:00', 2.00, 2.00),
(2140, 4, 836, 63, '2024-11-06 05:00:00', '2024-11-06 05:00:00', 12.00, 12.00),
(2141, 5, 837, 13, '2024-01-18 05:00:00', '2024-01-18 05:00:00', 1.50, 1.50),
(2142, 8, 837, 1, '2024-01-18 05:00:00', '2024-01-18 05:00:00', 9.00, 9.00),
(2143, 2, 837, 45, '2024-01-18 05:00:00', '2024-01-18 05:00:00', 3.50, 3.50),
(2144, 3, 837, 56, '2024-01-18 05:00:00', '2024-01-18 05:00:00', 1.20, 1.20),
(2145, 8, 838, 33, '2024-07-23 05:00:00', '2024-07-23 05:00:00', 0.80, 0.80),
(2146, 10, 839, 49, '2024-06-11 05:00:00', '2024-06-11 05:00:00', 2.50, 2.50),
(2147, 9, 839, 17, '2024-06-11 05:00:00', '2024-06-11 05:00:00', 6.50, 6.50),
(2148, 2, 839, 16, '2024-06-11 05:00:00', '2024-06-11 05:00:00', 5.00, 5.00),
(2149, 2, 839, 48, '2024-06-11 05:00:00', '2024-06-11 05:00:00', 2.80, 2.80),
(2150, 10, 839, 3, '2024-06-11 05:00:00', '2024-06-11 05:00:00', 9.00, 9.00),
(2151, 6, 840, 50, '2024-04-26 05:00:00', '2024-04-26 05:00:00', 2.50, 2.50),
(2152, 7, 840, 56, '2024-04-26 05:00:00', '2024-04-26 05:00:00', 1.20, 1.20),
(2153, 3, 840, 18, '2024-04-26 05:00:00', '2024-04-26 05:00:00', 2.00, 2.00),
(2154, 5, 840, 50, '2024-04-26 05:00:00', '2024-04-26 05:00:00', 2.50, 2.50),
(2155, 3, 841, 3, '2024-01-08 05:00:00', '2024-01-08 05:00:00', 9.00, 9.00),
(2156, 1, 842, 30, '2024-08-06 05:00:00', '2024-08-06 05:00:00', 10.00, 10.00),
(2157, 2, 842, 25, '2024-08-06 05:00:00', '2024-08-06 05:00:00', 2.80, 2.80),
(2158, 1, 842, 49, '2024-08-06 05:00:00', '2024-08-06 05:00:00', 2.50, 2.50),
(2159, 3, 842, 16, '2024-08-06 05:00:00', '2024-08-06 05:00:00', 5.00, 5.00),
(2160, 8, 843, 63, '2024-04-08 05:00:00', '2024-04-08 05:00:00', 12.00, 12.00),
(2161, 6, 843, 48, '2024-04-08 05:00:00', '2024-04-08 05:00:00', 2.80, 2.80),
(2162, 2, 843, 27, '2024-04-08 05:00:00', '2024-04-08 05:00:00', 9.00, 9.00),
(2163, 7, 844, 7, '2024-09-24 05:00:00', '2024-09-24 05:00:00', 8.00, 8.00),
(2164, 4, 845, 11, '2024-07-29 05:00:00', '2024-07-29 05:00:00', 1.20, 1.20),
(2165, 1, 845, 32, '2024-07-29 05:00:00', '2024-07-29 05:00:00', 0.80, 0.80),
(2166, 8, 845, 1, '2024-07-29 05:00:00', '2024-07-29 05:00:00', 9.00, 9.00),
(2167, 8, 846, 19, '2024-01-02 05:00:00', '2024-01-02 05:00:00', 2.50, 2.50),
(2168, 10, 846, 52, '2024-01-02 05:00:00', '2024-01-02 05:00:00', 1.50, 1.50),
(2169, 3, 846, 14, '2024-01-02 05:00:00', '2024-01-02 05:00:00', 4.50, 4.50),
(2170, 2, 847, 53, '2024-03-18 05:00:00', '2024-03-18 05:00:00', 1.50, 1.50),
(2171, 2, 847, 6, '2024-03-18 05:00:00', '2024-03-18 05:00:00', 1.80, 1.80),
(2172, 4, 848, 3, '2024-03-21 05:00:00', '2024-03-21 05:00:00', 9.00, 9.00),
(2173, 6, 848, 6, '2024-03-21 05:00:00', '2024-03-21 05:00:00', 1.80, 1.80),
(2174, 1, 849, 30, '2024-10-15 05:00:00', '2024-10-15 05:00:00', 10.00, 10.00),
(2175, 10, 849, 14, '2024-10-15 05:00:00', '2024-10-15 05:00:00', 4.50, 4.50),
(2176, 9, 849, 53, '2024-10-15 05:00:00', '2024-10-15 05:00:00', 1.50, 1.50),
(2177, 5, 850, 26, '2024-03-11 05:00:00', '2024-03-11 05:00:00', 9.50, 9.50),
(2178, 8, 850, 9, '2024-03-11 05:00:00', '2024-03-11 05:00:00', 7.00, 7.00),
(2179, 10, 850, 18, '2024-03-11 05:00:00', '2024-03-11 05:00:00', 2.00, 2.00),
(2180, 6, 851, 48, '2024-07-17 05:00:00', '2024-07-17 05:00:00', 2.80, 2.80),
(2181, 1, 851, 43, '2024-07-17 05:00:00', '2024-07-17 05:00:00', 2.80, 2.80),
(2182, 9, 851, 10, '2024-07-17 05:00:00', '2024-07-17 05:00:00', 1.50, 1.50),
(2183, 7, 851, 17, '2024-07-17 05:00:00', '2024-07-17 05:00:00', 6.50, 6.50),
(2184, 7, 852, 60, '2024-04-11 05:00:00', '2024-04-11 05:00:00', 4.50, 4.50),
(2185, 1, 852, 21, '2024-04-11 05:00:00', '2024-04-11 05:00:00', 2.50, 2.50),
(2186, 2, 853, 36, '2024-08-06 05:00:00', '2024-08-06 05:00:00', 0.70, 0.70),
(2187, 9, 853, 59, '2024-08-06 05:00:00', '2024-08-06 05:00:00', 1.80, 1.80),
(2188, 9, 853, 40, '2024-08-06 05:00:00', '2024-08-06 05:00:00', 9.00, 9.00),
(2189, 8, 854, 45, '2024-06-14 05:00:00', '2024-06-14 05:00:00', 3.50, 3.50),
(2190, 3, 854, 52, '2024-06-14 05:00:00', '2024-06-14 05:00:00', 1.50, 1.50),
(2191, 6, 855, 14, '2024-10-02 05:00:00', '2024-10-02 05:00:00', 4.50, 4.50),
(2192, 8, 855, 59, '2024-10-02 05:00:00', '2024-10-02 05:00:00', 1.80, 1.80),
(2193, 5, 855, 39, '2024-10-02 05:00:00', '2024-10-02 05:00:00', 8.00, 8.00),
(2194, 2, 856, 5, '2024-05-28 05:00:00', '2024-05-28 05:00:00', 6.50, 6.50),
(2195, 9, 856, 33, '2024-05-28 05:00:00', '2024-05-28 05:00:00', 0.80, 0.80),
(2196, 2, 856, 44, '2024-05-28 05:00:00', '2024-05-28 05:00:00', 5.50, 5.50),
(2197, 7, 856, 19, '2024-05-28 05:00:00', '2024-05-28 05:00:00', 2.50, 2.50),
(2198, 2, 856, 62, '2024-05-28 05:00:00', '2024-05-28 05:00:00', 12.00, 12.00),
(2199, 8, 857, 21, '2024-08-29 05:00:00', '2024-08-29 05:00:00', 2.50, 2.50),
(2200, 4, 857, 61, '2024-08-29 05:00:00', '2024-08-29 05:00:00', 4.50, 4.50),
(2201, 1, 857, 43, '2024-08-29 05:00:00', '2024-08-29 05:00:00', 2.80, 2.80),
(2202, 1, 858, 39, '2024-06-06 05:00:00', '2024-06-06 05:00:00', 8.00, 8.00),
(2203, 6, 858, 17, '2024-06-06 05:00:00', '2024-06-06 05:00:00', 6.50, 6.50),
(2204, 2, 858, 43, '2024-06-06 05:00:00', '2024-06-06 05:00:00', 2.80, 2.80),
(2205, 7, 858, 50, '2024-06-06 05:00:00', '2024-06-06 05:00:00', 2.50, 2.50),
(2206, 1, 859, 31, '2024-10-07 05:00:00', '2024-10-07 05:00:00', 0.70, 0.70),
(2207, 2, 860, 16, '2024-01-06 05:00:00', '2024-01-06 05:00:00', 5.00, 5.00),
(2208, 3, 860, 39, '2024-01-06 05:00:00', '2024-01-06 05:00:00', 8.00, 8.00),
(2209, 1, 860, 63, '2024-01-06 05:00:00', '2024-01-06 05:00:00', 12.00, 12.00),
(2210, 3, 860, 11, '2024-01-06 05:00:00', '2024-01-06 05:00:00', 1.20, 1.20),
(2211, 4, 861, 32, '2024-07-29 05:00:00', '2024-07-29 05:00:00', 0.80, 0.80),
(2212, 6, 861, 56, '2024-07-29 05:00:00', '2024-07-29 05:00:00', 1.20, 1.20),
(2213, 10, 861, 57, '2024-07-29 05:00:00', '2024-07-29 05:00:00', 1.80, 1.80),
(2214, 6, 861, 1, '2024-07-29 05:00:00', '2024-07-29 05:00:00', 9.00, 9.00),
(2215, 4, 862, 32, '2024-01-25 05:00:00', '2024-01-25 05:00:00', 0.80, 0.80),
(2216, 10, 862, 54, '2024-01-25 05:00:00', '2024-01-25 05:00:00', 3.30, 3.30),
(2217, 2, 862, 39, '2024-01-25 05:00:00', '2024-01-25 05:00:00', 8.00, 8.00),
(2218, 7, 863, 57, '2024-06-02 05:00:00', '2024-06-02 05:00:00', 1.80, 1.80),
(2219, 1, 863, 3, '2024-06-02 05:00:00', '2024-06-02 05:00:00', 9.00, 9.00),
(2220, 10, 863, 29, '2024-06-02 05:00:00', '2024-06-02 05:00:00', 3.50, 3.50),
(2221, 6, 864, 42, '2024-03-02 05:00:00', '2024-03-02 05:00:00', 2.50, 2.50),
(2222, 7, 865, 50, '2024-01-02 05:00:00', '2024-01-02 05:00:00', 2.50, 2.50),
(2223, 10, 865, 36, '2024-01-02 05:00:00', '2024-01-02 05:00:00', 0.70, 0.70),
(2224, 7, 865, 14, '2024-01-02 05:00:00', '2024-01-02 05:00:00', 4.50, 4.50),
(2225, 2, 866, 7, '2024-08-02 05:00:00', '2024-08-02 05:00:00', 8.00, 8.00),
(2226, 9, 866, 32, '2024-08-02 05:00:00', '2024-08-02 05:00:00', 0.80, 0.80),
(2227, 10, 866, 39, '2024-08-02 05:00:00', '2024-08-02 05:00:00', 8.00, 8.00),
(2228, 9, 866, 50, '2024-08-02 05:00:00', '2024-08-02 05:00:00', 2.50, 2.50),
(2229, 7, 867, 61, '2024-05-27 05:00:00', '2024-05-27 05:00:00', 4.50, 4.50),
(2230, 2, 868, 52, '2024-03-06 05:00:00', '2024-03-06 05:00:00', 1.50, 1.50),
(2231, 3, 868, 62, '2024-03-06 05:00:00', '2024-03-06 05:00:00', 12.00, 12.00),
(2232, 8, 868, 35, '2024-03-06 05:00:00', '2024-03-06 05:00:00', 0.50, 0.50),
(2233, 4, 869, 22, '2024-02-10 05:00:00', '2024-02-10 05:00:00', 5.00, 5.00),
(2234, 6, 869, 34, '2024-02-10 05:00:00', '2024-02-10 05:00:00', 1.80, 1.80),
(2235, 4, 869, 16, '2024-02-10 05:00:00', '2024-02-10 05:00:00', 5.00, 5.00),
(2236, 7, 870, 2, '2024-08-18 05:00:00', '2024-08-18 05:00:00', 2.00, 2.00),
(2237, 9, 870, 2, '2024-08-18 05:00:00', '2024-08-18 05:00:00', 2.00, 2.00),
(2238, 5, 870, 48, '2024-08-18 05:00:00', '2024-08-18 05:00:00', 2.80, 2.80),
(2239, 8, 871, 14, '2024-07-12 05:00:00', '2024-07-12 05:00:00', 4.50, 4.50),
(2240, 4, 872, 49, '2024-02-23 05:00:00', '2024-02-23 05:00:00', 2.50, 2.50),
(2241, 4, 872, 4, '2024-02-23 05:00:00', '2024-02-23 05:00:00', 2.00, 2.00),
(2242, 5, 872, 20, '2024-02-23 05:00:00', '2024-02-23 05:00:00', 2.50, 2.50),
(2243, 1, 873, 25, '2024-01-31 05:00:00', '2024-01-31 05:00:00', 2.80, 2.80),
(2244, 9, 874, 22, '2024-09-22 05:00:00', '2024-09-22 05:00:00', 5.00, 5.00),
(2245, 5, 875, 24, '2024-10-19 05:00:00', '2024-10-19 05:00:00', 3.00, 3.00),
(2246, 7, 875, 58, '2024-10-19 05:00:00', '2024-10-19 05:00:00', 1.80, 1.80),
(2247, 4, 876, 52, '2024-01-27 05:00:00', '2024-01-27 05:00:00', 1.50, 1.50),
(2248, 4, 877, 44, '2024-05-16 05:00:00', '2024-05-16 05:00:00', 5.50, 5.50),
(2249, 6, 877, 20, '2024-05-16 05:00:00', '2024-05-16 05:00:00', 2.50, 2.50),
(2250, 1, 877, 63, '2024-05-16 05:00:00', '2024-05-16 05:00:00', 12.00, 12.00),
(2251, 7, 877, 9, '2024-05-16 05:00:00', '2024-05-16 05:00:00', 7.00, 7.00),
(2252, 5, 878, 63, '2024-02-17 05:00:00', '2024-02-17 05:00:00', 12.00, 12.00),
(2253, 10, 878, 14, '2024-02-17 05:00:00', '2024-02-17 05:00:00', 4.50, 4.50),
(2254, 5, 878, 41, '2024-02-17 05:00:00', '2024-02-17 05:00:00', 9.00, 9.00),
(2255, 1, 878, 9, '2024-02-17 05:00:00', '2024-02-17 05:00:00', 7.00, 7.00),
(2256, 8, 879, 13, '2024-04-07 05:00:00', '2024-04-07 05:00:00', 1.50, 1.50),
(2257, 7, 880, 42, '2024-10-02 05:00:00', '2024-10-02 05:00:00', 2.50, 2.50),
(2258, 3, 880, 30, '2024-10-02 05:00:00', '2024-10-02 05:00:00', 10.00, 10.00),
(2259, 7, 881, 22, '2024-09-19 05:00:00', '2024-09-19 05:00:00', 5.00, 5.00),
(2260, 2, 882, 42, '2024-01-17 05:00:00', '2024-01-17 05:00:00', 2.50, 2.50),
(2261, 8, 882, 61, '2024-01-17 05:00:00', '2024-01-17 05:00:00', 4.50, 4.50),
(2262, 6, 883, 53, '2024-07-09 05:00:00', '2024-07-09 05:00:00', 1.50, 1.50),
(2263, 7, 884, 12, '2024-03-10 05:00:00', '2024-03-10 05:00:00', 1.50, 1.50),
(2264, 7, 885, 34, '2024-03-22 05:00:00', '2024-03-22 05:00:00', 1.80, 1.80),
(2265, 10, 885, 34, '2024-03-22 05:00:00', '2024-03-22 05:00:00', 1.80, 1.80),
(2266, 5, 886, 14, '2024-06-05 05:00:00', '2024-06-05 05:00:00', 4.50, 4.50),
(2267, 1, 887, 63, '2024-10-26 05:00:00', '2024-10-26 05:00:00', 12.00, 12.00),
(2268, 3, 887, 48, '2024-10-26 05:00:00', '2024-10-26 05:00:00', 2.80, 2.80),
(2269, 1, 887, 47, '2024-10-26 05:00:00', '2024-10-26 05:00:00', 4.50, 4.50),
(2270, 8, 888, 58, '2024-04-18 05:00:00', '2024-04-18 05:00:00', 1.80, 1.80),
(2271, 6, 888, 11, '2024-04-18 05:00:00', '2024-04-18 05:00:00', 1.20, 1.20),
(2272, 8, 889, 54, '2024-02-21 05:00:00', '2024-02-21 05:00:00', 3.30, 3.30),
(2273, 9, 889, 46, '2024-02-21 05:00:00', '2024-02-21 05:00:00', 3.50, 3.50),
(2274, 4, 890, 48, '2024-07-20 05:00:00', '2024-07-20 05:00:00', 2.80, 2.80),
(2275, 9, 890, 37, '2024-07-20 05:00:00', '2024-07-20 05:00:00', 4.50, 4.50),
(2276, 1, 890, 4, '2024-07-20 05:00:00', '2024-07-20 05:00:00', 2.00, 2.00),
(2277, 4, 890, 56, '2024-07-20 05:00:00', '2024-07-20 05:00:00', 1.20, 1.20),
(2278, 7, 890, 19, '2024-07-20 05:00:00', '2024-07-20 05:00:00', 2.50, 2.50),
(2279, 1, 891, 59, '2024-01-26 05:00:00', '2024-01-26 05:00:00', 1.80, 1.80),
(2280, 7, 891, 20, '2024-01-26 05:00:00', '2024-01-26 05:00:00', 2.50, 2.50),
(2281, 7, 892, 21, '2024-07-30 05:00:00', '2024-07-30 05:00:00', 2.50, 2.50),
(2282, 9, 892, 15, '2024-07-30 05:00:00', '2024-07-30 05:00:00', 4.50, 4.50),
(2283, 5, 893, 48, '2024-07-17 05:00:00', '2024-07-17 05:00:00', 2.80, 2.80),
(2284, 10, 893, 33, '2024-07-17 05:00:00', '2024-07-17 05:00:00', 0.80, 0.80),
(2285, 8, 894, 20, '2024-06-07 05:00:00', '2024-06-07 05:00:00', 2.50, 2.50),
(2286, 6, 895, 20, '2024-10-07 05:00:00', '2024-10-07 05:00:00', 2.50, 2.50),
(2287, 4, 895, 14, '2024-10-07 05:00:00', '2024-10-07 05:00:00', 4.50, 4.50),
(2288, 3, 895, 15, '2024-10-07 05:00:00', '2024-10-07 05:00:00', 4.50, 4.50),
(2289, 4, 895, 48, '2024-10-07 05:00:00', '2024-10-07 05:00:00', 2.80, 2.80),
(2290, 8, 895, 51, '2024-10-07 05:00:00', '2024-10-07 05:00:00', 1.80, 1.80),
(2291, 2, 896, 62, '2024-10-31 05:00:00', '2024-10-31 05:00:00', 12.00, 12.00),
(2292, 9, 896, 12, '2024-10-31 05:00:00', '2024-10-31 05:00:00', 1.50, 1.50),
(2293, 1, 896, 44, '2024-10-31 05:00:00', '2024-10-31 05:00:00', 5.50, 5.50),
(2294, 5, 897, 37, '2024-08-16 05:00:00', '2024-08-16 05:00:00', 4.50, 4.50),
(2295, 5, 898, 13, '2024-11-04 05:00:00', '2024-11-04 05:00:00', 1.50, 1.50),
(2296, 8, 899, 42, '2024-09-27 05:00:00', '2024-09-27 05:00:00', 2.50, 2.50),
(2297, 6, 899, 35, '2024-09-27 05:00:00', '2024-09-27 05:00:00', 0.50, 0.50),
(2298, 1, 899, 21, '2024-09-27 05:00:00', '2024-09-27 05:00:00', 2.50, 2.50),
(2299, 4, 899, 45, '2024-09-27 05:00:00', '2024-09-27 05:00:00', 3.50, 3.50),
(2300, 7, 899, 39, '2024-09-27 05:00:00', '2024-09-27 05:00:00', 8.00, 8.00),
(2301, 5, 900, 34, '2024-03-02 05:00:00', '2024-03-02 05:00:00', 1.80, 1.80),
(2302, 10, 900, 49, '2024-03-02 05:00:00', '2024-03-02 05:00:00', 2.50, 2.50),
(2303, 7, 901, 43, '2024-01-16 05:00:00', '2024-01-16 05:00:00', 2.80, 2.80),
(2304, 5, 901, 22, '2024-01-16 05:00:00', '2024-01-16 05:00:00', 5.00, 5.00),
(2305, 7, 902, 18, '2024-08-15 05:00:00', '2024-08-15 05:00:00', 2.00, 2.00),
(2306, 9, 902, 57, '2024-08-15 05:00:00', '2024-08-15 05:00:00', 1.80, 1.80),
(2307, 2, 902, 32, '2024-08-15 05:00:00', '2024-08-15 05:00:00', 0.80, 0.80),
(2308, 6, 902, 16, '2024-08-15 05:00:00', '2024-08-15 05:00:00', 5.00, 5.00),
(2309, 6, 902, 31, '2024-08-15 05:00:00', '2024-08-15 05:00:00', 0.70, 0.70),
(2310, 10, 903, 23, '2024-03-10 05:00:00', '2024-03-10 05:00:00', 3.00, 3.00),
(2311, 2, 904, 55, '2024-06-23 05:00:00', '2024-06-23 05:00:00', 3.50, 3.50),
(2312, 7, 904, 53, '2024-06-23 05:00:00', '2024-06-23 05:00:00', 1.50, 1.50),
(2313, 3, 905, 32, '2024-08-13 05:00:00', '2024-08-13 05:00:00', 0.80, 0.80),
(2314, 5, 905, 1, '2024-08-13 05:00:00', '2024-08-13 05:00:00', 9.00, 9.00),
(2315, 2, 906, 1, '2024-10-05 05:00:00', '2024-10-05 05:00:00', 9.00, 9.00),
(2316, 5, 906, 63, '2024-10-05 05:00:00', '2024-10-05 05:00:00', 12.00, 12.00),
(2317, 4, 907, 11, '2024-09-14 05:00:00', '2024-09-14 05:00:00', 1.20, 1.20),
(2318, 10, 907, 53, '2024-09-14 05:00:00', '2024-09-14 05:00:00', 1.50, 1.50),
(2319, 3, 907, 37, '2024-09-14 05:00:00', '2024-09-14 05:00:00', 4.50, 4.50),
(2320, 9, 908, 11, '2024-07-25 05:00:00', '2024-07-25 05:00:00', 1.20, 1.20),
(2321, 7, 908, 3, '2024-07-25 05:00:00', '2024-07-25 05:00:00', 9.00, 9.00),
(2322, 3, 909, 36, '2024-04-22 05:00:00', '2024-04-22 05:00:00', 0.70, 0.70),
(2323, 10, 909, 63, '2024-04-22 05:00:00', '2024-04-22 05:00:00', 12.00, 12.00),
(2324, 10, 910, 46, '2024-09-15 05:00:00', '2024-09-15 05:00:00', 3.50, 3.50),
(2325, 3, 910, 26, '2024-09-15 05:00:00', '2024-09-15 05:00:00', 9.50, 9.50),
(2326, 5, 911, 57, '2024-06-23 05:00:00', '2024-06-23 05:00:00', 1.80, 1.80),
(2327, 2, 911, 17, '2024-06-23 05:00:00', '2024-06-23 05:00:00', 6.50, 6.50),
(2328, 2, 912, 49, '2024-01-10 05:00:00', '2024-01-10 05:00:00', 2.50, 2.50),
(2329, 3, 912, 26, '2024-01-10 05:00:00', '2024-01-10 05:00:00', 9.50, 9.50),
(2330, 9, 912, 29, '2024-01-10 05:00:00', '2024-01-10 05:00:00', 3.50, 3.50),
(2331, 4, 913, 56, '2024-01-23 05:00:00', '2024-01-23 05:00:00', 1.20, 1.20),
(2332, 1, 913, 16, '2024-01-23 05:00:00', '2024-01-23 05:00:00', 5.00, 5.00),
(2333, 9, 913, 43, '2024-01-23 05:00:00', '2024-01-23 05:00:00', 2.80, 2.80),
(2334, 9, 913, 8, '2024-01-23 05:00:00', '2024-01-23 05:00:00', 1.80, 1.80),
(2335, 9, 914, 35, '2024-09-25 05:00:00', '2024-09-25 05:00:00', 0.50, 0.50),
(2336, 5, 914, 52, '2024-09-25 05:00:00', '2024-09-25 05:00:00', 1.50, 1.50),
(2337, 7, 915, 47, '2024-07-31 05:00:00', '2024-07-31 05:00:00', 4.50, 4.50),
(2338, 9, 915, 11, '2024-07-31 05:00:00', '2024-07-31 05:00:00', 1.20, 1.20),
(2339, 2, 915, 60, '2024-07-31 05:00:00', '2024-07-31 05:00:00', 4.50, 4.50),
(2340, 10, 915, 21, '2024-07-31 05:00:00', '2024-07-31 05:00:00', 2.50, 2.50),
(2341, 2, 916, 47, '2024-07-29 05:00:00', '2024-07-29 05:00:00', 4.50, 4.50),
(2342, 2, 916, 55, '2024-07-29 05:00:00', '2024-07-29 05:00:00', 3.50, 3.50),
(2343, 1, 916, 50, '2024-07-29 05:00:00', '2024-07-29 05:00:00', 2.50, 2.50),
(2344, 4, 917, 53, '2024-04-10 05:00:00', '2024-04-10 05:00:00', 1.50, 1.50),
(2345, 5, 917, 21, '2024-04-10 05:00:00', '2024-04-10 05:00:00', 2.50, 2.50),
(2346, 6, 917, 35, '2024-04-10 05:00:00', '2024-04-10 05:00:00', 0.50, 0.50),
(2347, 1, 917, 20, '2024-04-10 05:00:00', '2024-04-10 05:00:00', 2.50, 2.50),
(2348, 3, 918, 38, '2024-09-15 05:00:00', '2024-09-15 05:00:00', 7.50, 7.50),
(2349, 9, 918, 24, '2024-09-15 05:00:00', '2024-09-15 05:00:00', 3.00, 3.00),
(2350, 2, 918, 61, '2024-09-15 05:00:00', '2024-09-15 05:00:00', 4.50, 4.50),
(2351, 6, 919, 36, '2024-04-01 05:00:00', '2024-04-01 05:00:00', 0.70, 0.70),
(2352, 9, 919, 43, '2024-04-01 05:00:00', '2024-04-01 05:00:00', 2.80, 2.80),
(2353, 4, 919, 48, '2024-04-01 05:00:00', '2024-04-01 05:00:00', 2.80, 2.80),
(2354, 7, 920, 19, '2024-09-30 05:00:00', '2024-09-30 05:00:00', 2.50, 2.50),
(2355, 9, 920, 53, '2024-09-30 05:00:00', '2024-09-30 05:00:00', 1.50, 1.50),
(2356, 9, 920, 42, '2024-09-30 05:00:00', '2024-09-30 05:00:00', 2.50, 2.50),
(2357, 6, 920, 3, '2024-09-30 05:00:00', '2024-09-30 05:00:00', 9.00, 9.00),
(2358, 1, 921, 3, '2024-03-26 05:00:00', '2024-03-26 05:00:00', 9.00, 9.00),
(2359, 9, 921, 51, '2024-03-26 05:00:00', '2024-03-26 05:00:00', 1.80, 1.80),
(2360, 5, 921, 58, '2024-03-26 05:00:00', '2024-03-26 05:00:00', 1.80, 1.80),
(2361, 4, 922, 2, '2024-07-10 05:00:00', '2024-07-10 05:00:00', 2.00, 2.00),
(2362, 3, 923, 33, '2024-06-30 05:00:00', '2024-06-30 05:00:00', 0.80, 0.80),
(2363, 6, 923, 23, '2024-06-30 05:00:00', '2024-06-30 05:00:00', 3.00, 3.00),
(2364, 8, 924, 35, '2024-06-12 05:00:00', '2024-06-12 05:00:00', 0.50, 0.50),
(2365, 6, 924, 60, '2024-06-12 05:00:00', '2024-06-12 05:00:00', 4.50, 4.50),
(2366, 8, 924, 41, '2024-06-12 05:00:00', '2024-06-12 05:00:00', 9.00, 9.00),
(2367, 9, 925, 32, '2024-10-24 05:00:00', '2024-10-24 05:00:00', 0.80, 0.80),
(2368, 1, 925, 41, '2024-10-24 05:00:00', '2024-10-24 05:00:00', 9.00, 9.00),
(2369, 10, 926, 46, '2024-02-10 05:00:00', '2024-02-10 05:00:00', 3.50, 3.50),
(2370, 5, 926, 44, '2024-02-10 05:00:00', '2024-02-10 05:00:00', 5.50, 5.50),
(2371, 4, 926, 35, '2024-02-10 05:00:00', '2024-02-10 05:00:00', 0.50, 0.50),
(2372, 2, 927, 2, '2024-08-05 05:00:00', '2024-08-05 05:00:00', 2.00, 2.00),
(2373, 4, 927, 58, '2024-08-05 05:00:00', '2024-08-05 05:00:00', 1.80, 1.80),
(2374, 1, 928, 57, '2024-04-05 05:00:00', '2024-04-05 05:00:00', 1.80, 1.80),
(2375, 1, 928, 29, '2024-04-05 05:00:00', '2024-04-05 05:00:00', 3.50, 3.50),
(2376, 6, 928, 12, '2024-04-05 05:00:00', '2024-04-05 05:00:00', 1.50, 1.50),
(2377, 9, 929, 46, '2024-08-03 05:00:00', '2024-08-03 05:00:00', 3.50, 3.50),
(2378, 8, 929, 22, '2024-08-03 05:00:00', '2024-08-03 05:00:00', 5.00, 5.00),
(2379, 8, 929, 10, '2024-08-03 05:00:00', '2024-08-03 05:00:00', 1.50, 1.50),
(2380, 9, 930, 3, '2024-09-06 05:00:00', '2024-09-06 05:00:00', 9.00, 9.00),
(2381, 5, 930, 1, '2024-09-06 05:00:00', '2024-09-06 05:00:00', 9.00, 9.00),
(2382, 2, 930, 11, '2024-09-06 05:00:00', '2024-09-06 05:00:00', 1.20, 1.20),
(2383, 4, 931, 24, '2024-02-07 05:00:00', '2024-02-07 05:00:00', 3.00, 3.00),
(2384, 1, 931, 56, '2024-02-07 05:00:00', '2024-02-07 05:00:00', 1.20, 1.20),
(2385, 10, 932, 5, '2024-05-13 05:00:00', '2024-05-13 05:00:00', 6.50, 6.50),
(2386, 5, 932, 33, '2024-05-13 05:00:00', '2024-05-13 05:00:00', 0.80, 0.80),
(2387, 5, 932, 55, '2024-05-13 05:00:00', '2024-05-13 05:00:00', 3.50, 3.50),
(2388, 6, 933, 17, '2024-07-16 05:00:00', '2024-07-16 05:00:00', 6.50, 6.50),
(2389, 6, 933, 30, '2024-07-16 05:00:00', '2024-07-16 05:00:00', 10.00, 10.00),
(2390, 3, 933, 61, '2024-07-16 05:00:00', '2024-07-16 05:00:00', 4.50, 4.50),
(2391, 6, 934, 39, '2024-02-12 05:00:00', '2024-02-12 05:00:00', 8.00, 8.00),
(2392, 2, 935, 56, '2024-02-09 05:00:00', '2024-02-09 05:00:00', 1.20, 1.20),
(2393, 6, 935, 55, '2024-02-09 05:00:00', '2024-02-09 05:00:00', 3.50, 3.50),
(2394, 4, 936, 18, '2024-04-24 05:00:00', '2024-04-24 05:00:00', 2.00, 2.00),
(2395, 7, 936, 57, '2024-04-24 05:00:00', '2024-04-24 05:00:00', 1.80, 1.80),
(2396, 1, 937, 38, '2024-06-07 05:00:00', '2024-06-07 05:00:00', 7.50, 7.50),
(2397, 7, 937, 25, '2024-06-07 05:00:00', '2024-06-07 05:00:00', 2.80, 2.80),
(2398, 1, 937, 2, '2024-06-07 05:00:00', '2024-06-07 05:00:00', 2.00, 2.00),
(2399, 9, 937, 23, '2024-06-07 05:00:00', '2024-06-07 05:00:00', 3.00, 3.00),
(2400, 2, 938, 9, '2024-05-08 05:00:00', '2024-05-08 05:00:00', 7.00, 7.00),
(2401, 2, 938, 56, '2024-05-08 05:00:00', '2024-05-08 05:00:00', 1.20, 1.20),
(2402, 7, 939, 21, '2024-06-02 05:00:00', '2024-06-02 05:00:00', 2.50, 2.50),
(2403, 6, 939, 8, '2024-06-02 05:00:00', '2024-06-02 05:00:00', 1.80, 1.80),
(2404, 10, 940, 45, '2024-06-01 05:00:00', '2024-06-01 05:00:00', 3.50, 3.50),
(2405, 9, 941, 20, '2024-07-21 05:00:00', '2024-07-21 05:00:00', 2.50, 2.50),
(2406, 9, 941, 19, '2024-07-21 05:00:00', '2024-07-21 05:00:00', 2.50, 2.50),
(2407, 1, 941, 48, '2024-07-21 05:00:00', '2024-07-21 05:00:00', 2.80, 2.80),
(2408, 1, 941, 62, '2024-07-21 05:00:00', '2024-07-21 05:00:00', 12.00, 12.00),
(2409, 5, 942, 58, '2024-07-18 05:00:00', '2024-07-18 05:00:00', 1.80, 1.80),
(2410, 5, 942, 16, '2024-07-18 05:00:00', '2024-07-18 05:00:00', 5.00, 5.00),
(2411, 9, 943, 40, '2024-11-08 05:00:00', '2024-11-08 05:00:00', 9.00, 9.00),
(2412, 8, 944, 40, '2024-05-15 05:00:00', '2024-05-15 05:00:00', 9.00, 9.00),
(2413, 3, 944, 23, '2024-05-15 05:00:00', '2024-05-15 05:00:00', 3.00, 3.00),
(2414, 8, 945, 48, '2024-02-21 05:00:00', '2024-02-21 05:00:00', 2.80, 2.80),
(2415, 9, 946, 14, '2024-02-07 05:00:00', '2024-02-07 05:00:00', 4.50, 4.50),
(2416, 8, 946, 27, '2024-02-07 05:00:00', '2024-02-07 05:00:00', 9.00, 9.00),
(2417, 4, 946, 1, '2024-02-07 05:00:00', '2024-02-07 05:00:00', 9.00, 9.00),
(2418, 1, 946, 19, '2024-02-07 05:00:00', '2024-02-07 05:00:00', 2.50, 2.50),
(2419, 8, 947, 15, '2024-01-20 05:00:00', '2024-01-20 05:00:00', 4.50, 4.50),
(2420, 1, 947, 36, '2024-01-20 05:00:00', '2024-01-20 05:00:00', 0.70, 0.70),
(2421, 10, 948, 29, '2024-08-19 05:00:00', '2024-08-19 05:00:00', 3.50, 3.50),
(2422, 7, 948, 56, '2024-08-19 05:00:00', '2024-08-19 05:00:00', 1.20, 1.20),
(2423, 3, 948, 58, '2024-08-19 05:00:00', '2024-08-19 05:00:00', 1.80, 1.80),
(2424, 10, 948, 9, '2024-08-19 05:00:00', '2024-08-19 05:00:00', 7.00, 7.00),
(2425, 6, 949, 39, '2024-05-27 05:00:00', '2024-05-27 05:00:00', 8.00, 8.00),
(2426, 3, 949, 46, '2024-05-27 05:00:00', '2024-05-27 05:00:00', 3.50, 3.50),
(2427, 9, 949, 35, '2024-05-27 05:00:00', '2024-05-27 05:00:00', 0.50, 0.50),
(2428, 6, 949, 52, '2024-05-27 05:00:00', '2024-05-27 05:00:00', 1.50, 1.50),
(2429, 10, 950, 32, '2024-07-18 05:00:00', '2024-07-18 05:00:00', 0.80, 0.80),
(2430, 2, 950, 34, '2024-07-18 05:00:00', '2024-07-18 05:00:00', 1.80, 1.80),
(2431, 4, 950, 2, '2024-07-18 05:00:00', '2024-07-18 05:00:00', 2.00, 2.00),
(2432, 9, 950, 6, '2024-07-18 05:00:00', '2024-07-18 05:00:00', 1.80, 1.80),
(2433, 1, 951, 33, '2024-03-27 05:00:00', '2024-03-27 05:00:00', 0.80, 0.80),
(2434, 3, 951, 16, '2024-03-27 05:00:00', '2024-03-27 05:00:00', 5.00, 5.00),
(2435, 2, 952, 23, '2024-01-10 05:00:00', '2024-01-10 05:00:00', 3.00, 3.00),
(2436, 7, 952, 9, '2024-01-10 05:00:00', '2024-01-10 05:00:00', 7.00, 7.00),
(2437, 1, 952, 35, '2024-01-10 05:00:00', '2024-01-10 05:00:00', 0.50, 0.50),
(2438, 7, 953, 22, '2024-10-15 05:00:00', '2024-10-15 05:00:00', 5.00, 5.00),
(2439, 8, 954, 59, '2024-05-03 05:00:00', '2024-05-03 05:00:00', 1.80, 1.80),
(2440, 3, 954, 12, '2024-05-03 05:00:00', '2024-05-03 05:00:00', 1.50, 1.50),
(2441, 4, 954, 40, '2024-05-03 05:00:00', '2024-05-03 05:00:00', 9.00, 9.00),
(2442, 5, 955, 11, '2024-03-07 05:00:00', '2024-03-07 05:00:00', 1.20, 1.20),
(2443, 9, 955, 28, '2024-03-07 05:00:00', '2024-03-07 05:00:00', 3.50, 3.50),
(2444, 9, 955, 51, '2024-03-07 05:00:00', '2024-03-07 05:00:00', 1.80, 1.80),
(2445, 4, 955, 29, '2024-03-07 05:00:00', '2024-03-07 05:00:00', 3.50, 3.50),
(2446, 2, 956, 36, '2024-05-23 05:00:00', '2024-05-23 05:00:00', 0.70, 0.70),
(2447, 1, 956, 29, '2024-05-23 05:00:00', '2024-05-23 05:00:00', 3.50, 3.50),
(2448, 7, 956, 61, '2024-05-23 05:00:00', '2024-05-23 05:00:00', 4.50, 4.50),
(2449, 3, 957, 10, '2024-04-11 05:00:00', '2024-04-11 05:00:00', 1.50, 1.50),
(2450, 2, 957, 52, '2024-04-11 05:00:00', '2024-04-11 05:00:00', 1.50, 1.50),
(2451, 1, 958, 30, '2024-10-03 05:00:00', '2024-10-03 05:00:00', 10.00, 10.00),
(2452, 5, 958, 51, '2024-10-03 05:00:00', '2024-10-03 05:00:00', 1.80, 1.80),
(2453, 7, 958, 58, '2024-10-03 05:00:00', '2024-10-03 05:00:00', 1.80, 1.80),
(2454, 1, 958, 18, '2024-10-03 05:00:00', '2024-10-03 05:00:00', 2.00, 2.00),
(2455, 4, 959, 8, '2024-06-28 05:00:00', '2024-06-28 05:00:00', 1.80, 1.80),
(2456, 8, 959, 10, '2024-06-28 05:00:00', '2024-06-28 05:00:00', 1.50, 1.50),
(2457, 9, 959, 7, '2024-06-28 05:00:00', '2024-06-28 05:00:00', 8.00, 8.00),
(2458, 6, 959, 42, '2024-06-28 05:00:00', '2024-06-28 05:00:00', 2.50, 2.50),
(2459, 3, 960, 54, '2024-04-30 05:00:00', '2024-04-30 05:00:00', 3.30, 3.30),
(2460, 4, 960, 2, '2024-04-30 05:00:00', '2024-04-30 05:00:00', 2.00, 2.00),
(2461, 1, 960, 9, '2024-04-30 05:00:00', '2024-04-30 05:00:00', 7.00, 7.00),
(2462, 7, 960, 51, '2024-04-30 05:00:00', '2024-04-30 05:00:00', 1.80, 1.80),
(2463, 5, 961, 61, '2024-09-14 05:00:00', '2024-09-14 05:00:00', 4.50, 4.50),
(2464, 7, 961, 18, '2024-09-14 05:00:00', '2024-09-14 05:00:00', 2.00, 2.00),
(2465, 1, 962, 33, '2024-09-28 05:00:00', '2024-09-28 05:00:00', 0.80, 0.80),
(2466, 5, 963, 27, '2024-04-11 05:00:00', '2024-04-11 05:00:00', 9.00, 9.00),
(2467, 5, 963, 7, '2024-04-11 05:00:00', '2024-04-11 05:00:00', 8.00, 8.00),
(2468, 1, 963, 53, '2024-04-11 05:00:00', '2024-04-11 05:00:00', 1.50, 1.50),
(2469, 6, 963, 62, '2024-04-11 05:00:00', '2024-04-11 05:00:00', 12.00, 12.00),
(2470, 9, 964, 21, '2024-10-21 05:00:00', '2024-10-21 05:00:00', 2.50, 2.50),
(2471, 5, 965, 35, '2024-09-12 05:00:00', '2024-09-12 05:00:00', 0.50, 0.50),
(2472, 6, 966, 55, '2024-09-12 05:00:00', '2024-09-12 05:00:00', 3.50, 3.50),
(2473, 8, 966, 29, '2024-09-12 05:00:00', '2024-09-12 05:00:00', 3.50, 3.50),
(2474, 6, 966, 45, '2024-09-12 05:00:00', '2024-09-12 05:00:00', 3.50, 3.50),
(2475, 2, 967, 9, '2024-07-18 05:00:00', '2024-07-18 05:00:00', 7.00, 7.00),
(2476, 6, 967, 19, '2024-07-18 05:00:00', '2024-07-18 05:00:00', 2.50, 2.50),
(2477, 5, 968, 23, '2024-08-06 05:00:00', '2024-08-06 05:00:00', 3.00, 3.00),
(2478, 5, 969, 36, '2024-02-27 05:00:00', '2024-02-27 05:00:00', 0.70, 0.70),
(2479, 7, 969, 30, '2024-02-27 05:00:00', '2024-02-27 05:00:00', 10.00, 10.00),
(2480, 7, 969, 59, '2024-02-27 05:00:00', '2024-02-27 05:00:00', 1.80, 1.80),
(2481, 2, 970, 62, '2024-03-14 05:00:00', '2024-03-14 05:00:00', 12.00, 12.00),
(2482, 5, 970, 60, '2024-03-14 05:00:00', '2024-03-14 05:00:00', 4.50, 4.50),
(2483, 8, 970, 14, '2024-03-14 05:00:00', '2024-03-14 05:00:00', 4.50, 4.50),
(2484, 6, 971, 46, '2024-06-21 05:00:00', '2024-06-21 05:00:00', 3.50, 3.50),
(2485, 9, 971, 48, '2024-06-21 05:00:00', '2024-06-21 05:00:00', 2.80, 2.80),
(2486, 3, 972, 45, '2024-02-24 05:00:00', '2024-02-24 05:00:00', 3.50, 3.50),
(2487, 1, 972, 54, '2024-02-24 05:00:00', '2024-02-24 05:00:00', 3.30, 3.30),
(2488, 3, 972, 52, '2024-02-24 05:00:00', '2024-02-24 05:00:00', 1.50, 1.50),
(2489, 5, 973, 20, '2024-06-09 05:00:00', '2024-06-09 05:00:00', 2.50, 2.50),
(2490, 7, 974, 45, '2024-08-17 05:00:00', '2024-08-17 05:00:00', 3.50, 3.50),
(2491, 4, 974, 7, '2024-08-17 05:00:00', '2024-08-17 05:00:00', 8.00, 8.00),
(2492, 2, 975, 57, '2024-09-21 05:00:00', '2024-09-21 05:00:00', 1.80, 1.80),
(2493, 6, 975, 2, '2024-09-21 05:00:00', '2024-09-21 05:00:00', 2.00, 2.00),
(2494, 9, 975, 58, '2024-09-21 05:00:00', '2024-09-21 05:00:00', 1.80, 1.80),
(2495, 1, 976, 45, '2024-05-21 05:00:00', '2024-05-21 05:00:00', 3.50, 3.50),
(2496, 10, 976, 9, '2024-05-21 05:00:00', '2024-05-21 05:00:00', 7.00, 7.00),
(2497, 4, 977, 43, '2024-06-17 05:00:00', '2024-06-17 05:00:00', 2.80, 2.80),
(2498, 7, 977, 37, '2024-06-17 05:00:00', '2024-06-17 05:00:00', 4.50, 4.50),
(2499, 5, 977, 22, '2024-06-17 05:00:00', '2024-06-17 05:00:00', 5.00, 5.00),
(2500, 2, 977, 2, '2024-06-17 05:00:00', '2024-06-17 05:00:00', 2.00, 2.00),
(2501, 2, 978, 57, '2024-07-17 05:00:00', '2024-07-17 05:00:00', 1.80, 1.80),
(2502, 9, 978, 35, '2024-07-17 05:00:00', '2024-07-17 05:00:00', 0.50, 0.50),
(2503, 2, 979, 2, '2024-05-15 05:00:00', '2024-05-15 05:00:00', 2.00, 2.00),
(2504, 8, 979, 52, '2024-05-15 05:00:00', '2024-05-15 05:00:00', 1.50, 1.50),
(2505, 7, 979, 17, '2024-05-15 05:00:00', '2024-05-15 05:00:00', 6.50, 6.50),
(2506, 3, 980, 29, '2024-03-08 05:00:00', '2024-03-08 05:00:00', 3.50, 3.50),
(2507, 9, 980, 27, '2024-03-08 05:00:00', '2024-03-08 05:00:00', 9.00, 9.00),
(2508, 5, 981, 63, '2024-06-26 05:00:00', '2024-06-26 05:00:00', 12.00, 12.00),
(2509, 3, 982, 6, '2024-10-07 05:00:00', '2024-10-07 05:00:00', 1.80, 1.80),
(2510, 5, 982, 53, '2024-10-07 05:00:00', '2024-10-07 05:00:00', 1.50, 1.50),
(2511, 8, 983, 12, '2024-10-01 05:00:00', '2024-10-01 05:00:00', 1.50, 1.50),
(2512, 4, 983, 14, '2024-10-01 05:00:00', '2024-10-01 05:00:00', 4.50, 4.50),
(2513, 3, 984, 46, '2024-04-24 05:00:00', '2024-04-24 05:00:00', 3.50, 3.50),
(2514, 8, 984, 14, '2024-04-24 05:00:00', '2024-04-24 05:00:00', 4.50, 4.50),
(2515, 3, 984, 1, '2024-04-24 05:00:00', '2024-04-24 05:00:00', 9.00, 9.00),
(2516, 6, 985, 61, '2024-07-14 05:00:00', '2024-07-14 05:00:00', 4.50, 4.50),
(2517, 4, 986, 54, '2024-03-09 05:00:00', '2024-03-09 05:00:00', 3.30, 3.30),
(2518, 9, 986, 20, '2024-03-09 05:00:00', '2024-03-09 05:00:00', 2.50, 2.50),
(2519, 1, 987, 28, '2024-03-13 05:00:00', '2024-03-13 05:00:00', 3.50, 3.50),
(2520, 8, 987, 21, '2024-03-13 05:00:00', '2024-03-13 05:00:00', 2.50, 2.50),
(2521, 10, 988, 48, '2024-09-26 05:00:00', '2024-09-26 05:00:00', 2.80, 2.80),
(2522, 5, 988, 40, '2024-09-26 05:00:00', '2024-09-26 05:00:00', 9.00, 9.00),
(2523, 1, 988, 20, '2024-09-26 05:00:00', '2024-09-26 05:00:00', 2.50, 2.50),
(2524, 3, 989, 40, '2024-09-17 05:00:00', '2024-09-17 05:00:00', 9.00, 9.00),
(2525, 4, 989, 25, '2024-09-17 05:00:00', '2024-09-17 05:00:00', 2.80, 2.80),
(2526, 10, 989, 63, '2024-09-17 05:00:00', '2024-09-17 05:00:00', 12.00, 12.00),
(2527, 2, 990, 23, '2024-04-25 05:00:00', '2024-04-25 05:00:00', 3.00, 3.00),
(2528, 10, 991, 61, '2024-03-08 05:00:00', '2024-03-08 05:00:00', 4.50, 4.50),
(2529, 1, 991, 19, '2024-03-08 05:00:00', '2024-03-08 05:00:00', 2.50, 2.50),
(2530, 9, 991, 40, '2024-03-08 05:00:00', '2024-03-08 05:00:00', 9.00, 9.00),
(2531, 2, 992, 34, '2024-02-27 05:00:00', '2024-02-27 05:00:00', 1.80, 1.80),
(2532, 8, 992, 37, '2024-02-27 05:00:00', '2024-02-27 05:00:00', 4.50, 4.50),
(2533, 7, 992, 44, '2024-02-27 05:00:00', '2024-02-27 05:00:00', 5.50, 5.50),
(2534, 7, 993, 17, '2024-08-02 05:00:00', '2024-08-02 05:00:00', 6.50, 6.50),
(2535, 3, 993, 41, '2024-08-02 05:00:00', '2024-08-02 05:00:00', 9.00, 9.00),
(2536, 8, 994, 53, '2024-04-06 05:00:00', '2024-04-06 05:00:00', 1.50, 1.50),
(2537, 5, 995, 52, '2024-05-24 05:00:00', '2024-05-24 05:00:00', 1.50, 1.50),
(2538, 5, 995, 37, '2024-05-24 05:00:00', '2024-05-24 05:00:00', 4.50, 4.50),
(2539, 4, 996, 63, '2024-02-18 05:00:00', '2024-02-18 05:00:00', 12.00, 12.00),
(2540, 10, 996, 17, '2024-02-18 05:00:00', '2024-02-18 05:00:00', 6.50, 6.50),
(2541, 7, 997, 24, '2024-03-09 05:00:00', '2024-03-09 05:00:00', 3.00, 3.00),
(2542, 1, 997, 12, '2024-03-09 05:00:00', '2024-03-09 05:00:00', 1.50, 1.50),
(2543, 9, 998, 56, '2024-07-20 05:00:00', '2024-07-20 05:00:00', 1.20, 1.20),
(2544, 1, 998, 7, '2024-07-20 05:00:00', '2024-07-20 05:00:00', 8.00, 8.00),
(2545, 6, 998, 45, '2024-07-20 05:00:00', '2024-07-20 05:00:00', 3.50, 3.50),
(2546, 7, 998, 38, '2024-07-20 05:00:00', '2024-07-20 05:00:00', 7.50, 7.50),
(2547, 10, 998, 39, '2024-07-20 05:00:00', '2024-07-20 05:00:00', 8.00, 8.00),
(2548, 7, 999, 6, '2024-09-30 05:00:00', '2024-09-30 05:00:00', 1.80, 1.80),
(2549, 3, 999, 26, '2024-09-30 05:00:00', '2024-09-30 05:00:00', 9.50, 9.50),
(2550, 5, 1000, 14, '2024-04-26 05:00:00', '2024-04-26 05:00:00', 4.50, 4.50),
(2551, 9, 1000, 55, '2024-04-26 05:00:00', '2024-04-26 05:00:00', 3.50, 3.50),
(2552, 2, 1001, 18, '2024-11-11 13:09:26', '2024-11-11 13:09:26', 2.00, 2.00),
(2553, 2, 1002, 20, '2024-11-21 15:50:47', '2024-11-21 15:50:47', 3.00, 2.50),
(2554, 1, 1002, 18, '2024-11-21 15:50:47', '2024-11-21 15:50:47', 2.50, 2.00),
(2555, 3, 1003, 12, '2024-11-21 15:57:16', '2024-11-21 15:57:16', 2.00, 1.50),
(2556, 2, 1004, 10, '2024-11-29 05:23:31', '2024-11-29 05:23:31', 1.80, 1.50),
(2557, 1, 1004, 20, '2024-11-29 05:23:31', '2024-11-29 05:23:31', 3.00, 2.50);

--
-- Índices para tablas volcadas
--

--
-- Indices de la tabla `boletas`
--
ALTER TABLE `boletas`
  ADD PRIMARY KEY (`idboleta`),
  ADD KEY `fk_boleta_venta` (`venta_id`);

--
-- Indices de la tabla `categorias`
--
ALTER TABLE `categorias`
  ADD PRIMARY KEY (`id`);

--
-- Indices de la tabla `clientes`
--
ALTER TABLE `clientes`
  ADD PRIMARY KEY (`id`),
  ADD UNIQUE KEY `clientes_dni_ruc_unique` (`dni_ruc`),
  ADD UNIQUE KEY `clientes_email_unique` (`email`);

--
-- Indices de la tabla `compras`
--
ALTER TABLE `compras`
  ADD PRIMARY KEY (`id`),
  ADD KEY `compras_id_proveedor_foreign` (`id_proveedor`);

--
-- Indices de la tabla `detalle_compras`
--
ALTER TABLE `detalle_compras`
  ADD PRIMARY KEY (`id`),
  ADD KEY `detalle_compras_id_compra_foreign` (`id_compra`),
  ADD KEY `detalle_compras_id_producto_foreign` (`id_producto`);

--
-- Indices de la tabla `failed_jobs`
--
ALTER TABLE `failed_jobs`
  ADD PRIMARY KEY (`id`),
  ADD UNIQUE KEY `failed_jobs_uuid_unique` (`uuid`);

--
-- Indices de la tabla `migrations`
--
ALTER TABLE `migrations`
  ADD PRIMARY KEY (`id`);

--
-- Indices de la tabla `model_has_permissions`
--
ALTER TABLE `model_has_permissions`
  ADD PRIMARY KEY (`permission_id`,`model_id`,`model_type`),
  ADD KEY `model_has_permissions_model_id_model_type_index` (`model_id`,`model_type`);

--
-- Indices de la tabla `model_has_roles`
--
ALTER TABLE `model_has_roles`
  ADD PRIMARY KEY (`role_id`,`model_id`,`model_type`),
  ADD KEY `model_has_roles_model_id_model_type_index` (`model_id`,`model_type`);

--
-- Indices de la tabla `ordens`
--
ALTER TABLE `ordens`
  ADD PRIMARY KEY (`id`),
  ADD KEY `ordens_id_proveedor_foreign` (`id_proveedor`),
  ADD KEY `ordens_id_usuario_foreign` (`id_usuario`);

--
-- Indices de la tabla `orden_detalles`
--
ALTER TABLE `orden_detalles`
  ADD PRIMARY KEY (`id`),
  ADD KEY `orden_detalles_id_orden_foreign` (`id_orden`),
  ADD KEY `orden_detalles_id_producto_foreign` (`id_producto`);

--
-- Indices de la tabla `password_reset_tokens`
--
ALTER TABLE `password_reset_tokens`
  ADD PRIMARY KEY (`email`);

--
-- Indices de la tabla `permissions`
--
ALTER TABLE `permissions`
  ADD PRIMARY KEY (`id`),
  ADD UNIQUE KEY `permissions_name_guard_name_unique` (`name`,`guard_name`);

--
-- Indices de la tabla `personal_access_tokens`
--
ALTER TABLE `personal_access_tokens`
  ADD PRIMARY KEY (`id`),
  ADD UNIQUE KEY `personal_access_tokens_token_unique` (`token`),
  ADD KEY `personal_access_tokens_tokenable_type_tokenable_id_index` (`tokenable_type`,`tokenable_id`);

--
-- Indices de la tabla `productos`
--
ALTER TABLE `productos`
  ADD PRIMARY KEY (`id`),
  ADD KEY `productos_id_categoria_foreign` (`id_categoria`),
  ADD KEY `productos_id_usuario_foreign` (`id_usuario`);

--
-- Indices de la tabla `proveedores`
--
ALTER TABLE `proveedores`
  ADD PRIMARY KEY (`idproveedor`),
  ADD KEY `id` (`id`);

--
-- Indices de la tabla `roles`
--
ALTER TABLE `roles`
  ADD PRIMARY KEY (`id`),
  ADD UNIQUE KEY `roles_name_guard_name_unique` (`name`,`guard_name`);

--
-- Indices de la tabla `role_has_permissions`
--
ALTER TABLE `role_has_permissions`
  ADD PRIMARY KEY (`permission_id`,`role_id`),
  ADD KEY `role_has_permissions_role_id_foreign` (`role_id`);

--
-- Indices de la tabla `tempo_compras`
--
ALTER TABLE `tempo_compras`
  ADD PRIMARY KEY (`id`),
  ADD KEY `tempo_compras_id_producto_foreign` (`id_producto`);

--
-- Indices de la tabla `tempo_ordens`
--
ALTER TABLE `tempo_ordens`
  ADD PRIMARY KEY (`id`),
  ADD KEY `tempo_ordens_id_producto_foreign` (`id_producto`);

--
-- Indices de la tabla `users`
--
ALTER TABLE `users`
  ADD PRIMARY KEY (`id`),
  ADD UNIQUE KEY `users_email_unique` (`email`);

--
-- Indices de la tabla `ventas`
--
ALTER TABLE `ventas`
  ADD PRIMARY KEY (`id`),
  ADD KEY `ventas_id_cliente_foreign` (`id_cliente`),
  ADD KEY `FK_venta_usuario` (`idusuario`);

--
-- Indices de la tabla `venta_detalle`
--
ALTER TABLE `venta_detalle`
  ADD PRIMARY KEY (`id`),
  ADD KEY `venta_detalle_id_venta_foreign` (`id_venta`),
  ADD KEY `venta_detalle_id_producto_foreign` (`id_producto`);

--
-- AUTO_INCREMENT de las tablas volcadas
--

--
-- AUTO_INCREMENT de la tabla `boletas`
--
ALTER TABLE `boletas`
  MODIFY `idboleta` bigint(20) NOT NULL AUTO_INCREMENT, AUTO_INCREMENT=8;

--
-- AUTO_INCREMENT de la tabla `categorias`
--
ALTER TABLE `categorias`
  MODIFY `id` bigint(20) UNSIGNED NOT NULL AUTO_INCREMENT, AUTO_INCREMENT=11;

--
-- AUTO_INCREMENT de la tabla `clientes`
--
ALTER TABLE `clientes`
  MODIFY `id` bigint(20) UNSIGNED NOT NULL AUTO_INCREMENT, AUTO_INCREMENT=41;

--
-- AUTO_INCREMENT de la tabla `compras`
--
ALTER TABLE `compras`
  MODIFY `id` bigint(20) UNSIGNED NOT NULL AUTO_INCREMENT;

--
-- AUTO_INCREMENT de la tabla `detalle_compras`
--
ALTER TABLE `detalle_compras`
  MODIFY `id` bigint(20) UNSIGNED NOT NULL AUTO_INCREMENT;

--
-- AUTO_INCREMENT de la tabla `failed_jobs`
--
ALTER TABLE `failed_jobs`
  MODIFY `id` bigint(20) UNSIGNED NOT NULL AUTO_INCREMENT;

--
-- AUTO_INCREMENT de la tabla `migrations`
--
ALTER TABLE `migrations`
  MODIFY `id` int(10) UNSIGNED NOT NULL AUTO_INCREMENT, AUTO_INCREMENT=40;

--
-- AUTO_INCREMENT de la tabla `ordens`
--
ALTER TABLE `ordens`
  MODIFY `id` bigint(20) UNSIGNED NOT NULL AUTO_INCREMENT, AUTO_INCREMENT=2;

--
-- AUTO_INCREMENT de la tabla `orden_detalles`
--
ALTER TABLE `orden_detalles`
  MODIFY `id` bigint(20) UNSIGNED NOT NULL AUTO_INCREMENT, AUTO_INCREMENT=3;

--
-- AUTO_INCREMENT de la tabla `permissions`
--
ALTER TABLE `permissions`
  MODIFY `id` bigint(20) UNSIGNED NOT NULL AUTO_INCREMENT, AUTO_INCREMENT=17;

--
-- AUTO_INCREMENT de la tabla `personal_access_tokens`
--
ALTER TABLE `personal_access_tokens`
  MODIFY `id` bigint(20) UNSIGNED NOT NULL AUTO_INCREMENT;

--
-- AUTO_INCREMENT de la tabla `productos`
--
ALTER TABLE `productos`
  MODIFY `id` bigint(20) UNSIGNED NOT NULL AUTO_INCREMENT, AUTO_INCREMENT=64;

--
-- AUTO_INCREMENT de la tabla `proveedores`
--
ALTER TABLE `proveedores`
  MODIFY `idproveedor` int(11) NOT NULL AUTO_INCREMENT, AUTO_INCREMENT=22;

--
-- AUTO_INCREMENT de la tabla `roles`
--
ALTER TABLE `roles`
  MODIFY `id` bigint(20) UNSIGNED NOT NULL AUTO_INCREMENT, AUTO_INCREMENT=12;

--
-- AUTO_INCREMENT de la tabla `tempo_compras`
--
ALTER TABLE `tempo_compras`
  MODIFY `id` bigint(20) UNSIGNED NOT NULL AUTO_INCREMENT, AUTO_INCREMENT=2;

--
-- AUTO_INCREMENT de la tabla `tempo_ordens`
--
ALTER TABLE `tempo_ordens`
  MODIFY `id` bigint(20) UNSIGNED NOT NULL AUTO_INCREMENT, AUTO_INCREMENT=3;

--
-- AUTO_INCREMENT de la tabla `users`
--
ALTER TABLE `users`
  MODIFY `id` bigint(20) UNSIGNED NOT NULL AUTO_INCREMENT, AUTO_INCREMENT=8;

--
-- AUTO_INCREMENT de la tabla `ventas`
--
ALTER TABLE `ventas`
  MODIFY `id` bigint(20) UNSIGNED NOT NULL AUTO_INCREMENT, AUTO_INCREMENT=1005;

--
-- AUTO_INCREMENT de la tabla `venta_detalle`
--
ALTER TABLE `venta_detalle`
  MODIFY `id` bigint(20) UNSIGNED NOT NULL AUTO_INCREMENT, AUTO_INCREMENT=2558;

--
-- Restricciones para tablas volcadas
--

--
-- Filtros para la tabla `boletas`
--
ALTER TABLE `boletas`
  ADD CONSTRAINT `fk_boleta_venta` FOREIGN KEY (`venta_id`) REFERENCES `ventas` (`id`) ON DELETE CASCADE ON UPDATE CASCADE;

--
-- Filtros para la tabla `compras`
--
ALTER TABLE `compras`
  ADD CONSTRAINT `compras_id_proveedor_foreign` FOREIGN KEY (`id_proveedor`) REFERENCES `proveedores` (`idproveedor`) ON DELETE CASCADE;

--
-- Filtros para la tabla `detalle_compras`
--
ALTER TABLE `detalle_compras`
  ADD CONSTRAINT `detalle_compras_id_compra_foreign` FOREIGN KEY (`id_compra`) REFERENCES `compras` (`id`) ON DELETE CASCADE,
  ADD CONSTRAINT `detalle_compras_id_producto_foreign` FOREIGN KEY (`id_producto`) REFERENCES `productos` (`id`) ON DELETE CASCADE;

--
-- Filtros para la tabla `model_has_permissions`
--
ALTER TABLE `model_has_permissions`
  ADD CONSTRAINT `model_has_permissions_permission_id_foreign` FOREIGN KEY (`permission_id`) REFERENCES `permissions` (`id`) ON DELETE CASCADE;

--
-- Filtros para la tabla `model_has_roles`
--
ALTER TABLE `model_has_roles`
  ADD CONSTRAINT `model_has_roles_role_id_foreign` FOREIGN KEY (`role_id`) REFERENCES `roles` (`id`) ON DELETE CASCADE;

--
-- Filtros para la tabla `ordens`
--
ALTER TABLE `ordens`
  ADD CONSTRAINT `ordens_id_proveedor_foreign` FOREIGN KEY (`id_proveedor`) REFERENCES `proveedores` (`idproveedor`) ON DELETE CASCADE,
  ADD CONSTRAINT `ordens_id_usuario_foreign` FOREIGN KEY (`id_usuario`) REFERENCES `users` (`id`) ON DELETE CASCADE;

--
-- Filtros para la tabla `orden_detalles`
--
ALTER TABLE `orden_detalles`
  ADD CONSTRAINT `orden_detalles_id_orden_foreign` FOREIGN KEY (`id_orden`) REFERENCES `ordens` (`id`) ON DELETE CASCADE,
  ADD CONSTRAINT `orden_detalles_id_producto_foreign` FOREIGN KEY (`id_producto`) REFERENCES `productos` (`id`) ON DELETE CASCADE;

--
-- Filtros para la tabla `productos`
--
ALTER TABLE `productos`
  ADD CONSTRAINT `productos_id_categoria_foreign` FOREIGN KEY (`id_categoria`) REFERENCES `categorias` (`id`) ON DELETE CASCADE,
  ADD CONSTRAINT `productos_id_usuario_foreign` FOREIGN KEY (`id_usuario`) REFERENCES `users` (`id`) ON DELETE CASCADE;

--
-- Filtros para la tabla `proveedores`
--
ALTER TABLE `proveedores`
  ADD CONSTRAINT `proveedores_ibfk_1` FOREIGN KEY (`id`) REFERENCES `users` (`id`);

--
-- Filtros para la tabla `role_has_permissions`
--
ALTER TABLE `role_has_permissions`
  ADD CONSTRAINT `role_has_permissions_permission_id_foreign` FOREIGN KEY (`permission_id`) REFERENCES `permissions` (`id`) ON DELETE CASCADE,
  ADD CONSTRAINT `role_has_permissions_role_id_foreign` FOREIGN KEY (`role_id`) REFERENCES `roles` (`id`) ON DELETE CASCADE;

--
-- Filtros para la tabla `tempo_compras`
--
ALTER TABLE `tempo_compras`
  ADD CONSTRAINT `tempo_compras_id_producto_foreign` FOREIGN KEY (`id_producto`) REFERENCES `productos` (`id`) ON DELETE CASCADE;

--
-- Filtros para la tabla `tempo_ordens`
--
ALTER TABLE `tempo_ordens`
  ADD CONSTRAINT `tempo_ordens_id_producto_foreign` FOREIGN KEY (`id_producto`) REFERENCES `productos` (`id`) ON DELETE CASCADE;

--
-- Filtros para la tabla `ventas`
--
ALTER TABLE `ventas`
  ADD CONSTRAINT `FK_venta_usuario` FOREIGN KEY (`idusuario`) REFERENCES `users` (`id`),
  ADD CONSTRAINT `ventas_id_cliente_foreign` FOREIGN KEY (`id_cliente`) REFERENCES `clientes` (`id`) ON DELETE CASCADE;

--
-- Filtros para la tabla `venta_detalle`
--
ALTER TABLE `venta_detalle`
  ADD CONSTRAINT `venta_detalle_id_producto_foreign` FOREIGN KEY (`id_producto`) REFERENCES `productos` (`id`) ON DELETE CASCADE,
  ADD CONSTRAINT `venta_detalle_id_venta_foreign` FOREIGN KEY (`id_venta`) REFERENCES `ventas` (`id`) ON DELETE CASCADE;
COMMIT;

/*!40101 SET CHARACTER_SET_CLIENT=@OLD_CHARACTER_SET_CLIENT */;
/*!40101 SET CHARACTER_SET_RESULTS=@OLD_CHARACTER_SET_RESULTS */;
/*!40101 SET COLLATION_CONNECTION=@OLD_COLLATION_CONNECTION */;
